candidate_id,source_pmid,title,abstract,entity_1_name,entity_1_type,relation,entity_2_name,entity_2_type,evidence_text,computed_confidence,extracted_by,review_status,gold_label,review_notes
SMA-RE-0001,42097918,Management of spinal muscular atrophy: nursing clinical commentary and best practices update.,"BACKGROUND: Spinal muscular atrophy (SMA) is a rare neuromuscular disorder that has seen a paradigm shift in its management due to early diagnostic strategies, disease-modifying therapies, and integrated care models. Despite these advances, the nursing role - essential across the care continuum - remains underrepresented in clinical protocols and guidelines. MAIN BODY: This Clinical commentary, authored by Italian nurses with direct expertise in SMA care, outlines the key responsibilities, practices, and procedural frameworks that define specialized nursing contributions. Nurses are involved from the earliest phases of care, including neonatal screening and diagnostic communication, and extend their role into the long-term home-based management of children with SMA. Responsibilities include administering and monitoring advanced therapies (onasemnogene abeparvovec, nusinersen, risdiplam), delivering therapeutic education, managing care transitions, and maintaining consistent family engagement. Emphasis is placed on nurses as coordinators of care, clinical educators, and relational anchors. Structured follow-up flowcharts for each therapy illustrate the clinical and educational dimensions of nursing practice. The paper highlights the need for specialized training and standardized roles - such as nurse case managers - as well as for health systems to track nursing-sensitive outcomes. CONCLUSION: The integration of specialized nursing into SMA care is not only ethically and clinically warranted-it is essential to achieving sustainable, equitable, and high-quality outcomes for patients and families. This paper calls for the formal recognition of nursing as a core component of multidisciplinary SMA care teams.",onasemnogene abeparvovec,Drug,ADMINISTERED_BY,nurses,Phenotype,,0.9,LLM_deepseek-ai/DeepSeek-V4-Flash,pending_review,,
SMA-RE-0002,20301526,Spinal Muscular Atrophy.,"CLINICAL CHARACTERISTICS: Spinal muscular atrophy (SMA) is characterized by muscle weakness and atrophy resulting from progressive degeneration and irreversible loss of the anterior horn cells in the spinal cord (i.e., lower motor neurons) and the brain stem nuclei. The onset of weakness ranges from before birth to adulthood. The weakness is symmetric, proximal greater than distal, and progressive. Before the genetic basis of SMA was understood, it was classified into clinical subtypes based on maximum motor function achieved; however, it is now apparent that the phenotype of SMN1-associated SMA spans a continuum without clear delineation of subtypes. With supportive care only, poor weight gain with growth failure, restrictive lung disease, scoliosis, and joint contractures are common complications; however, newly available targeted treatment options are changing the natural history of the disease. DIAGNOSIS/TESTING: The diagnosis of SMA is established in a proband with a history of motor difficulties or regression, proximal muscle weakness, reduced/absent deep tendon reflexes, evidence of motor unit disease, and/or biallelic pathogenic variants in SMN1 identified by molecular genetic testing. Increases in SMN2 copy number often modify the phenotype. MANAGEMENT: Targeted therapies: Therapies targeted to the underlying disease mechanism include risdiplam (Evrysdi((R)); SMN2-directed RNA splicing modifier), nusinersen (Spinraza((R)); antisense oligonucleotide), and onasemnogene abeparvovec-xioi (Zolgensma((R)); gene replacement therapy) for the treatment of all types of SMA. Onasemnogene abeparvovec-brve (Itvisma((R)); gene replacement therapy) can also be given as a one-time intrathecal treatment for affected individuals ages 2 years and older. Treatment with an SMA-specific disease-modifying treatment is most efficacious when initiated presymptomatically. The FDA has issued a black box warning about Zolgensma((R)), noting the possibility of serious liver injury and acute liver failure. The FDA has also issued a black box warning about Itvisma((R)), noting the possibility of serious liver injury and elevated aminotransferases. Close monitoring of liver function prior to and in the months following infusion with either Zolgensma((R)) or Itvisma((R)) is indicated. These targeted treatments may prevent the development or slow the progression of some features of SMA but cannot restore motor neurons that have degenerated or been lost already. New phenotypes in treated individuals are arising, and long-term effects of these treatments are unknown. Supportive care: Proactive supportive treatment by a multidisciplinary team is essential to reduce symptom severity, particularly in the most severe cases of SMA and/or in untreated individuals. When nutrition or dysphagia is a concern, placement of a gastrostomy tube early in the course of the disease is appropriate. Standard therapy for gastroesophageal reflux disease and chronic constipation is recommended. Formal consultation and frequent follow up with a pulmonologist familiar with SMA is necessary. As respiratory function deteriorates, tracheotomy or noninvasive respiratory support may be offered. Surgical repair for scoliosis should be considered based on progression of the curvature, pulmonary function, and bone maturity. Surgical intervention for hip dislocation for those with pain may be indicated. Surveillance: Individuals with SMA require monitoring for the development of symptoms to determine appropriate timing to initiate supportive therapies. Surveillance recommendations for potential side effects and new phenotypes associated with the targeted treatments are emerging. Multidisciplinary evaluation every six months or more frequently for weaker children is indicated to assess nutritional state, respiratory function, motor function, and orthopedic status, and to determine appropriate interventions. Agents/circumstances to avoid: Prolonged fasting, particularly in the acutely ill infant with SMA. Evaluation of relatives at risk: It is appropriate to determine the genetic status of younger, apparently asymptomatic sibs of an affected individual in order to identify as early as possible those who would benefit from prompt initiation of disease-modifying treatments. Pregnancy management: Women with SMA may have an increased rate of preterm birth and need for cesarean section compared to unaffected women. Women with SMA may also experience a persistent worsening of their general muscle weakness after delivery, particularly if disease-modifying therapies are discontinued due to pregnancy status. Due to the risk of respiratory failure, it is recommended that women with neuromuscular disorders, including those with SMA, obtain baseline pulmonary function prior to becoming pregnant, with frequent monitoring during pregnancy. There is limited to no data on the effects of disease-modifying treatments on the developing human fetus. However, based on animal models, risdiplam use should be avoided in pregnant women. GENETIC COUNSELING: SMA is inherited in an autosomal recessive manner. Each pregnancy of a couple who have had a child with SMA has an approximately 25% chance of producing an affected child, an approximately 50% chance of producing an asymptomatic carrier, and an approximately 25% chance of producing an unaffected child who is not a carrier. These recurrence risks deviate slightly from the norm for autosomal recessive inheritance because about 2% of affected individuals have a de novo SMN1 pathogenic variant on one allele; in these instances, only one parent is a carrier of an SMN1 variant, and thus the sibs are not at increased risk for SMA. Ideally preconception (but also prenatal) carrier testing for all individuals in the general population and prenatal testing for pregnancies at increased risk are possible if the diagnosis of SMA has either been confirmed by molecular genetic testing in an affected family member and/or if both parents are found to be carriers of SMA on carrier screening testing.",SMN1,Gene,ASSOCIATED_WITH,spinal muscular atrophy,Phenotype,,0.9,LLM_deepseek-ai/DeepSeek-V4-Flash,pending_review,,
SMA-RE-0003,24806302,Mechanisms involved in spinal cord central synapse loss in a mouse model of spinal muscular atrophy.,"Motoneuron (MN) cell death is the histopathologic hallmark of spinal muscular atrophy (SMA), although MN loss seems to be a late event. Conversely, disruption of afferent synapses on MNs has been shown to occur early in SMA. Using a mouse model of severe SMA (SMNDelta7), we examined the mechanisms involved in impairment of central synapses. We found that MNs underwent progressive degeneration in the course of SMA, with MN loss still occurring at late stages. Loss of afferent inputs to SMA MNs was detected at embryonic stages, long before MN death. Reactive microgliosis and astrogliosis were present in the spinal cord of diseased animals after the onset of MN loss. Ultrastructural observations indicate that dendrites and microglia phagocytose adjacent degenerating presynaptic terminals. Neuronal nitric oxide synthase was upregulated in SMNDelta7 MNs, and there was an increase in phosphorylated myosin light chain expression in synaptic afferents on MNs; these observations implicate nitric oxide in MN deafferentation and suggest that the RhoA/ROCK pathway is activated. Together, our observations suggest that the earliest change occurring in SMNDelta7 mice is the loss of excitatory glutamatergic synaptic inputs to MNs; reduced excitability may enhance their vulnerability to degeneration and death.",SMN,Gene,ASSOCIATED_WITH,SMA,Disease,,0.7,Regex_Fallback,pending_review,,
SMA-RE-0004,42003982,Serum creatinine outperforms the creatinine to cystatin C ratio and creatinine muscle index as biomarkers in Chinese pediatric spinal muscular atrophy.,"BACKGROUND: This study aimed to validate the utility of serum creatinine (Cr), creatinine-to-cystatin C ratio (CCR) and creatinine muscle index (CMI) as biomarkers in Chinese pediatric patients with spinal muscular atrophy (SMA). METHODS: A retrospective cohort of 21 pediatric patients with 5q-spinal muscular atrophy (5q-SMA) was followed over 18-month after initiating nusinersen therapy. Serum biomarkers (creatinine, cystatin C, and albumin) and multidimensional motor function scores were assessed at six predefined time points. Associations between serum markers and motor function outcomes were analyzed statistically. RESULTS: A robust and sustained correlation was identified between Cr levels and all motor function metrics-both at baseline and during follow-up (Spearman's rho >/= 0.711, p < 0.001). This association remained statistically significant even after adjusting for confounders (age, SMA subtype, and albumin levels). In contrast, the baseline relationship between CCR and motor function was attenuated post-adjustment, suggesting confounding effects. CMI exhibited no significant associations in any analysis. Longitudinally, neither Cr nor CCR displayed marked changes over time, whereas CMI declined significantly at the V8 assessment (p = 0.016). CONCLUSION: Routinely measured Cr is a more reliable dynamic biomarker than CCR and CMI for assessing therapeutic response in pediatric SMA patients undergoing nusinersen treatment.",nusinersen,Drug,BIOMARKER_FOR,creatinine,Phenotype,,0.9,LLM_deepseek-ai/DeepSeek-V4-Flash,pending_review,,
SMA-RE-0005,20301526,Spinal Muscular Atrophy.,"CLINICAL CHARACTERISTICS: Spinal muscular atrophy (SMA) is characterized by muscle weakness and atrophy resulting from progressive degeneration and irreversible loss of the anterior horn cells in the spinal cord (i.e., lower motor neurons) and the brain stem nuclei. The onset of weakness ranges from before birth to adulthood. The weakness is symmetric, proximal greater than distal, and progressive. Before the genetic basis of SMA was understood, it was classified into clinical subtypes based on maximum motor function achieved; however, it is now apparent that the phenotype of SMN1-associated SMA spans a continuum without clear delineation of subtypes. With supportive care only, poor weight gain with growth failure, restrictive lung disease, scoliosis, and joint contractures are common complications; however, newly available targeted treatment options are changing the natural history of the disease. DIAGNOSIS/TESTING: The diagnosis of SMA is established in a proband with a history of motor difficulties or regression, proximal muscle weakness, reduced/absent deep tendon reflexes, evidence of motor unit disease, and/or biallelic pathogenic variants in SMN1 identified by molecular genetic testing. Increases in SMN2 copy number often modify the phenotype. MANAGEMENT: Targeted therapies: Therapies targeted to the underlying disease mechanism include risdiplam (Evrysdi((R)); SMN2-directed RNA splicing modifier), nusinersen (Spinraza((R)); antisense oligonucleotide), and onasemnogene abeparvovec-xioi (Zolgensma((R)); gene replacement therapy) for the treatment of all types of SMA. Onasemnogene abeparvovec-brve (Itvisma((R)); gene replacement therapy) can also be given as a one-time intrathecal treatment for affected individuals ages 2 years and older. Treatment with an SMA-specific disease-modifying treatment is most efficacious when initiated presymptomatically. The FDA has issued a black box warning about Zolgensma((R)), noting the possibility of serious liver injury and acute liver failure. The FDA has also issued a black box warning about Itvisma((R)), noting the possibility of serious liver injury and elevated aminotransferases. Close monitoring of liver function prior to and in the months following infusion with either Zolgensma((R)) or Itvisma((R)) is indicated. These targeted treatments may prevent the development or slow the progression of some features of SMA but cannot restore motor neurons that have degenerated or been lost already. New phenotypes in treated individuals are arising, and long-term effects of these treatments are unknown. Supportive care: Proactive supportive treatment by a multidisciplinary team is essential to reduce symptom severity, particularly in the most severe cases of SMA and/or in untreated individuals. When nutrition or dysphagia is a concern, placement of a gastrostomy tube early in the course of the disease is appropriate. Standard therapy for gastroesophageal reflux disease and chronic constipation is recommended. Formal consultation and frequent follow up with a pulmonologist familiar with SMA is necessary. As respiratory function deteriorates, tracheotomy or noninvasive respiratory support may be offered. Surgical repair for scoliosis should be considered based on progression of the curvature, pulmonary function, and bone maturity. Surgical intervention for hip dislocation for those with pain may be indicated. Surveillance: Individuals with SMA require monitoring for the development of symptoms to determine appropriate timing to initiate supportive therapies. Surveillance recommendations for potential side effects and new phenotypes associated with the targeted treatments are emerging. Multidisciplinary evaluation every six months or more frequently for weaker children is indicated to assess nutritional state, respiratory function, motor function, and orthopedic status, and to determine appropriate interventions. Agents/circumstances to avoid: Prolonged fasting, particularly in the acutely ill infant with SMA. Evaluation of relatives at risk: It is appropriate to determine the genetic status of younger, apparently asymptomatic sibs of an affected individual in order to identify as early as possible those who would benefit from prompt initiation of disease-modifying treatments. Pregnancy management: Women with SMA may have an increased rate of preterm birth and need for cesarean section compared to unaffected women. Women with SMA may also experience a persistent worsening of their general muscle weakness after delivery, particularly if disease-modifying therapies are discontinued due to pregnancy status. Due to the risk of respiratory failure, it is recommended that women with neuromuscular disorders, including those with SMA, obtain baseline pulmonary function prior to becoming pregnant, with frequent monitoring during pregnancy. There is limited to no data on the effects of disease-modifying treatments on the developing human fetus. However, based on animal models, risdiplam use should be avoided in pregnant women. GENETIC COUNSELING: SMA is inherited in an autosomal recessive manner. Each pregnancy of a couple who have had a child with SMA has an approximately 25% chance of producing an affected child, an approximately 50% chance of producing an asymptomatic carrier, and an approximately 25% chance of producing an unaffected child who is not a carrier. These recurrence risks deviate slightly from the norm for autosomal recessive inheritance because about 2% of affected individuals have a de novo SMN1 pathogenic variant on one allele; in these instances, only one parent is a carrier of an SMN1 variant, and thus the sibs are not at increased risk for SMA. Ideally preconception (but also prenatal) carrier testing for all individuals in the general population and prenatal testing for pregnancies at increased risk are possible if the diagnosis of SMA has either been confirmed by molecular genetic testing in an affected family member and/or if both parents are found to be carriers of SMA on carrier screening testing.",Zolgensma,Drug,CAUSES,serious liver injury,Phenotype,,0.9,LLM_deepseek-ai/DeepSeek-V4-Flash,pending_review,,
SMA-RE-0006,41757676,Comparison of Nusinersen Monotherapy Versus Combination Therapy With Nusinersen and Onasemnogene Abeparvovec in Spinal Muscular Atrophy Type 1 Patients With Two SMN2 Copies: A Multicenter Study From Turkiye.,"INTRODUCTION/AIMS: Data comparing nusinersen monotherapy with combination therapy using nusinersen and onasemnogene abeparvovec (OA) in spinal muscular atrophy (SMA) type 1 patients are limited. This study aimed to compare the clinical outcomes of nusinersen monotherapy versus combination therapy (nusinersen and OA) in SMA type 1 patients with two SMN2 copies. METHODS: This retrospective multicenter study included 82 patients divided into nusinersen monotherapy (n = 42) and combination therapy (n = 40) groups. Outcomes included motor milestones, Children's Hospital of Philadelphia Infant Test of Neuromuscular Disorders (CHOP-INTEND) scores, respiratory and nutritional status, and survival. Patients were stratified by age at treatment initiation (</= 3, 3-6, and > 6 months). An age-matched subgroup analysis was performed. RESULTS: Age at treatment initiation, total administered nusinersen doses, and follow-up duration were comparable between groups. All deaths (n = 8) occurred in the monotherapy group among patients who initiated treatment after 3 months of age (p = 0.005). There was no significant difference between groups in the age at achieving unsupported sitting. In the age-matched subgroup analysis (n = 44, 22 per group), no significant differences were found between monotherapy and combination therapy in terms of motor function, CHOP-INTEND progression, respiratory and feeding status. Earlier treatment was associated with better feeding outcomes (OR: 0.740, p = 0.024). Pre-treatment respiratory and feeding status were also predictive of corresponding outcomes. DISCUSSION: Early treatment is the main determinant of outcomes, while combination therapy shows no clear advantage over monotherapy. Larger prospective studies are needed to clarify the role and timing of combination therapy.",nusinersen,Drug,COMPARED_WITH,onasemnogene abeparvovec,Drug,,0.9,LLM_deepseek-ai/DeepSeek-V4-Flash,pending_review,,
SMA-RE-0007,41660396,Case Report: Spinal muscular atrophy with IgA nephropathy: a coincidence or association?,"BACKGROUND: Spinal muscular atrophy (SMA) is an autosomal recessive neuromuscular disorder caused by biallelic loss-of-function variants of the survival motor neuron 1 (SMN1) gene on chromosome 5q13. It has been reported that SMA may affect the function of the kidneys. Here, we report a patient with co-occurrence of SMA and IgA nephropathy (IgAN). CASE PRESENTATION: A 14-year-old girl presented with six months of limb weakness, progressive exacerbation of symptoms of left lower limb muscle weakness; her left lower limb muscle strength decreased, and bilateral knee tendon reflexes and Achilles tendon reflexes were not elicited. The patient was diagnosed with SMA type 3 in conjunction with the results of genetic testing. The patient had proteinuria and hematuria, and a renal biopsy was performed. Considering the patient's clinical and pathological characteristics, the final diagnosis was spinal muscular atrophy combined with IgA nephropathy. To the best of our knowledge, this is the first reported case that demonstrates the coexistence of SMA and IgAN. DISCUSSION AND CONCLUSIONS: The exact mechanism of renal impairment due to SMA is not fully understood, and the combination of SMA with IgAN is extremely rare. Our report suggests that there may be a potential association between them.",spinal muscular atrophy,Phenotype,CO_OCCURS_WITH,IgA nephropathy,Phenotype,,0.9,LLM_deepseek-ai/DeepSeek-V4-Flash,pending_review,,
SMA-RE-0008,41720432,Skeletal muscle in spinal muscular atrophy: Critical insights from pathogenesis to therapeutic strategies.,"Spinal muscular atrophy (SMA) is a genetic neuromuscular disorder caused by loss of the survival motor neuron (SMN) protein. While SMA was originally viewed as a pure motor neuron disease, it is currently considered a multi-system disorder in which skeletal muscle plays a pathogenic role. Muscular defects, such as impaired myogenesis and mitochondrial dysfunction, contribute to pathogenesis partly independently of denervation. Accumulating evidence suggests that the SMN deficit impairs muscle development from the earliest stages of fetal life, with delayed myotube maturation and modification of the expression of myogenic regulatory factors. This leads to pathology characterized by selective fiber atrophy, metabolic disturbances, and severe involvement of axial and intercostal musculature with relative sparing of the diaphragm. Furthermore, despite the revolutionary therapeutic effects of nusinersen, risdiplam, and onasemnogene abeparvovec, skeletal muscle abnormalities remain frequent, particularly in symptomatic patients, highlighting the need for muscle-directed therapies. Of the current candidate approaches, myostatin inhibition, targeting a negative regulator of muscle mass, is the most clinically advanced, while other strategies such as mitochondrial protection remain at earlier developmental stages. Work with neuromuscular models and stem cell-derived organoids continues to shed light on the SMN-mediated interactions between muscle and nerve. Collectively, these findings indicate that skeletal muscle is both a key driver of SMA pathology and an essential target for novel therapies.",myostatin,Protein,DECREASES,muscle mass,Phenotype,,0.9,LLM_deepseek-ai/DeepSeek-V4-Flash,pending_review,,
SMA-RE-0009,41817636,RNA biomarkers in spinal muscular atrophy: enhancing pathogenesis understanding and guiding precision medicine.,"Spinal muscular atrophy (SMA) is a neurodegenerative disorder resulting from mutations in SMN1 that manifest as progressive muscle weakness and atrophy. Despite transformative therapies, such as nusinersen, risdiplam, and onasemnogene abeparvovec, heterogeneous patient responses underscore the need for reliable biomarkers to optimize treatment strategies. RNA biomarkers are particularly promising targets for monitoring SMA because the disease pathology is directly caused by impaired SMN protein, which is involved in RNA processing. Evidence suggests that SMN transcripts and specific microRNAs (i.e., miR-9, miR-206, and miR-132) are of significant diagnostic and prognostic value. In addition, specific microRNAs exhibit detectable changes in accessible biofluids at pre-symptomatic stages, enabling early non-invasive monitoring. Integration of global microRNA profiling (miRNome analysis) with clinical parameters has yielded SMA scores with high predictive value. Advancing RNA biomarker implementation requires several challenges to be addressed, including protocol standardization, validation in expanded patient cohorts, longitudinal evaluation, and seamless integration with clinical assessments. Emerging methodologies analyzing extracellular vesicle content and single-cell sequencing offer promising avenues for enhancing diagnostic precision. Multiparametric integration of RNA biomarkers may establish the foundation of precision medicine in SMA, potentially enabling individualized therapeutic selection based on molecular signatures to improve long-term patient outcomes.",miR-9,Gene,DIAGNOSES,SMA,Phenotype,,0.9,LLM_deepseek-ai/DeepSeek-V4-Flash,pending_review,,
SMA-RE-0010,41782369,Low-dose AAV9-SMN1 with CNS-selective expression delivers efficacy and favorable safety in spinal muscular atrophy.,"The approved AAV9-based gene therapy (onasemnogene abeparvovec) extends survival and motor milestones in spinal muscular atrophy (SMA) type 1 but is administered at a high dose (1.1E14 vg/kg) and carries a boxed warning for liver injury. We engineered SKG0201, a self-complementary AAV9 vector encoding codon-optimized SMN1 under central nervous system (CNS)-selective regulatory cassette (Syn-Cbin-rGBpA), driving CNS-preferential transgene expression and minimizing acute peripheral overexpression. In SMNDelta7 mice with a median survival of 15 days, a single 1E11 vg/pup (equivalent to 6.67E13 vg/kg) injection of SKG0201 extended median survival beyond 160 days, normalized rotarod and grip performance, and ameliorated neuropathology. No aminotransferase elevations were elicited up to 4E11 vg/pup. In a phase I trial (NCT06191354), 10 symptomatic infants with SMA type 1 received 3.7-5.5E13 vg/kg SKG0201. This interim analysis reports safety and preliminary efficacy data with at least 24 weeks of follow-up. At 24 weeks post treatment, 80% remained free from permanent ventilation, 6 of 8 survivors (75%) achieved a>/=4-point increase in CHOP INTEND score, and 4 of 8 survivors (50%) achieved head control. Treatment-related adverse events were largely transient and manageable, with no high-grade drug-related hepatotoxicity observed. SKG0201's design reduces the viral dose requirement while optimizing CNS target engagement, suggesting an improved therapeutic index for SMA gene therapy.",SKG0201,Drug,ENCODES,SMN1,Gene,,0.9,LLM_deepseek-ai/DeepSeek-V4-Flash,pending_review,,
SMA-RE-0011,41886383,Fibro-adipogenic progenitor cells from murine SMA muscles are intrinsically adipogenic.,"Spinal muscular atrophy (SMA) is a neurodegenerative disorder caused by mutations in the SMN1 gene. Although classically viewed as a neurogenic disease, SMA patients exhibit poor skeletal muscle regeneration and increased fatty-fibrotic infiltration. Fibro-adipogenic progenitors (FAPs) are mesenchymal precursor cells that contribute to muscle remodeling and underlie fat and fibrosis formation. Because FAPs transiently express Smn1 during regeneration, FAPs were examined in muscles from adult C/C SMA and control mice to determine if reduced Smn activity altered their properties. We performed a nonbiased screen of FAPs following BaCl(2)-induced injury using an in situ cell surface proteomic strategy that probed the cellular membrane and environment of FAPs in early regeneration. Proteomic profiling revealed early adipogenic priming in SMA tissues, with increased levels of perilipin-4 and adipocyte lipid-binding proteins. Significantly more adipocytes accumulated in C/C SMA muscles after glycerol injection versus controls. Further, SMA FAPs produced more fat than control FAPs when transplanted into glycerol injured muscles lacking FAPs. RNA sequencing of FAPs isolated after BaCl(2) or glycerol injury identified transcriptional enrichment of lipid biosynthesis and dysregulated lipid metabolism in SMA FAPs. Primary FAPs isolated from C/C SMA muscles mirrored heightened adipocyte formation, which was normalized by increasing Smn activity with Risdiplam. Conversely, adipogenesis of primary FAPs from control muscles was enhanced when subjected to siRNA Smn1 knockdown. Together, these findings demonstrate that reduced Smn activity potentiates intrinsic adipogenic bias in FAPs that may contribute to pathological fat deposition in SMA muscle.",Smn1,Gene,EXPRESSED_IN,Fibro-adipogenic progenitors,Protein,,0.9,LLM_deepseek-ai/DeepSeek-V4-Flash,pending_review,,
SMA-RE-0012,41645345,Examination of the Peripheral Nervous System in Children With Spinal Muscular Atrophy: A High-Resolution Ultrasonographic Study.,"OBJECTIVES: Recent studies have shown that high-resolution ultrasound (HRUS) devices allow us to accurately measure peripheral nerves in newborns. In consideration of these developments, this study aimed to analyze the structure and cross-sectional area (CSA) of the median nerve in children with SMA and evaluate the usefulness and reproducibility of HRUS imaging for the monitoring of peripheral nerves in these children. METHODS: A total of 12 participants aged 1-15 years with SMA were included in this repeated cross-sectional study. In addition, 97 normally developing children aged 2 days to 17 years were included as controls. Using HRUS devices, the structure and CSA of the median nerve were determined at three sites (wrist, forearm, and above the elbow). The measured CSA and nerve structure were compared between the groups. RESULTS: The CSA of the median nerve was smaller in the children with SMA than in the controls. Compared to the controls, SMA children had a mean CSA ranging from 0.70 to 1.02 mm(2) smaller while adjusting for age. Similar to normally developing children, the increase in CSA with age in children with SMA can be described using a logarithmic curve. Furthermore, ultrasonographic examination indicated a loss of the fascicular structure of the nerves, which, together with muscle atrophy, led to an altered sonographic appearance and more difficult visualization. CONCLUSION: HRUS is a useful method for monitoring nerve growth in children with SMA.",SMA,Phenotype,HAS_PHENOTYPE,reduced median nerve cross-sectional area,Phenotype,,0.9,LLM_deepseek-ai/DeepSeek-V4-Flash,pending_review,,
SMA-RE-0013,41687605,SMN1 variants identified by false-positive SMA newborn screening tests: Therapeutic hurdles and functional and epidemiological solutions.,"Newborn screening (NBS) for spinal muscular atrophy (SMA) enables rapid diagnosis and pre-symptomatic treatment of infants with bi-allelic SMN1 deletions. Standard PCR-based assays detect  approximately 95% of cases by identifying the absence of SMN1 exon 7; however, rare sequence variants can escape detection. We describe two newborns (in Germany and Australia) identified by NBS as lacking SMN1 but subsequently shown to carry a single SMN1 copy-with no SMN2 in P1 and one SMN2 copy in P2. Gene-specific long-range PCR and Sanger sequencing revealed two distinct 4-bp deletions in SMN1 exon 7 (c.855_858delAGAA [p.Arg288AlafsTer5] in P1 and c.861_864delAAGG [p.Arg288AlafsTer5] in P2). Both variants disrupt the reverse primer-binding site used in NBS assays and cause the same frameshift p.Arg288AlafsTer5, predicted to be deleterious. A plethora of assays demonstrated preserved exon 7 splicing, markedly reduced SMN protein abundance, and wild-type-like protein thermostability. In vivo, expression of the p.Arg288AlafsTer5 protein in zebrafish fully rescued the progressive motor and survival defects of smn1-deficient mutants. These findings raise the possibility that this novel SMN isoform has enhanced functional efficiency relative to the wild type. Population data (gnomAD) suggest that  approximately 800 individuals of European ancestry may carry these variants in trans with an SMN1 deletion, yet none have been reported with SMA. Based on our data, no therapy was initiated. Both children remain healthy at 24 months of age, avoiding >US$4 million in potential treatment costs. These findings challenge the assumption that complete loss of full-length SMN invariably causes SMA and suggest that very low levels of this novel SMN isoform can sustain normal motor development.",SMN1,Gene,HAS_VARIANT,c.855_858delAGAA,Gene,,0.9,LLM_deepseek-ai/DeepSeek-V4-Flash,pending_review,,
SMA-RE-0014,41655361,CSF and plasma GFAP and VEGF in adult type 3 spinal muscular atrophy patients treated with nusinersen.,"INTRODUCTION: Nusinersen improves motor outcomes in SMA, but reliable biomarkers for treatment monitoring, especially in adults, are still lacking. We investigated cerebrospinal fluid (CSF) and plasma levels of glial fibrillary acidic protein (GFAP) and vascular endothelial growth factor (VEGF), exploring their potential as biomarkers in disease progression. METHODS: This single-centre observational study included adults with type 3 SMA treated with nusinersen over 30 months. GFAP and VEGF levels in CSF and plasma were measured using ELISA at baseline, 14 and 30 months. Functional evaluation included Hammersmith Functional Motor Scale Expanded (HFMSE), Revised Upper Limb Module (RULM), and respiratory tests. Longitudinal data were evaluated using generalized linear mixed-effects models. A significance level of alpha = 0.05 was used in all analyses. RESULTS: Eleven patients were included (63.6% male, aged 19-60 at baseline). Improvements were observed in motor function, with an estimated non-linear increase of 9.02% (CI95%: 5.13-8.79) for RULM and an estimated average increase of 6.96 points (CI95%: 5.44-8.48) for HFMSE over 30 months of treatment. However, both CSF and plasma GFAP and VEGF levels changes at 14 and 30 months did not reach statistical significance, respectively (all p > 0.05). CONCLUSION: CSF and plasma GFAP and VEGF trajectories over a 30-month period under nusinersen treatment were nonsignificant. This study confirms sustained motor function improvements in adult type 3 SMA patients treated with nusinersen. Future research in larger, multicentric, and internationally collaborative cohorts are essential to fully understand the role of these potential biomarkers in SMA pathogenesis.",Nusinersen,Drug,IMPROVES,RULM,Phenotype,,0.9,LLM_deepseek-ai/DeepSeek-V4-Flash,pending_review,,
SMA-RE-0015,41872987,Quantitative Whole-Body Muscle MRI in Adults With Spinal Muscular Atrophy-A Sensitive Tool for Long-Time Evaluation of Disease Progression.,"BACKGROUND: Spinal muscular atrophy (SMA) is a neuromuscular disorder characterized by progressive muscle weakness due to SMN protein deficiency. While effective therapies exist, their impact on slowly progressive adult SMA patients remains unclear. Reliable biomarkers for monitoring disease progression and treatment response are urgently needed. This pilot study evaluated the utility of longitudinal quantitative muscle MRI (qMRI) to monitor disease progression in adult SMA patients treated with nusinersen over an extended period. METHODS: Nine adult patients with genetically confirmed 5q-SMA underwent whole-body muscle MRI and clinical assessment, including the Hammersmith Functional Motor Scale-Expanded (HFMS-EXP), Revised Upper Limb Module (RULM), and 6 min walk test (6MWT). Muscular fat fraction (mFF) was quantified in 20 muscles over a median follow-up of 54 months. RESULTS: Baseline mFF correlated strongly with clinical measures (HFMS-EXP: r = -0.90, p = 0.001; 6MWT: r = -0.96, p < 0.001), but not with age at onset or age at MRI. Over the observation period, a significant increase in mFF was detected (averaged annual increase of all studied muscles: 0.47%, p = 0.011), accentuated in the lower leg muscles. In contrast, clinical measures showed no consistent change. Consequently, no significant correlations were found between changes in mFF and clinical scores. CONCLUSIONS: This study provides the longest reported longitudinal qMRI assessment in adult SMA patients treated with nusinersen, demonstrating that mFF progressively increases despite stable clinical scores. The results suggest that qMRI may be a sensitive and objective biomarker for detecting subtle disease progression in adult SMA, potentially surpassing clinical measures.",nusinersen,Drug,INCREASES,muscular fat fraction,Phenotype,,0.9,LLM_deepseek-ai/DeepSeek-V4-Flash,pending_review,,
SMA-RE-0016,41671402,Versatile CRISPR-Cas Tools for Gene Regulation in Zebrafish via an Enhanced Q Binary System.,"CRISPR-Cas systems revolutionize gene regulation across diverse organisms, including zebrafish. However, most zebrafish studies still rely on transient delivery of CRISPR components, with limited use of transgenic models, primarily restricted to Cas9-mediated knockouts. This limitation arises from challenges in achieving sustained, tissue-specific, and efficient expression of transgenic CRISPR effectors. To address these challenges, we introduce CRISPR-Q, a transgenic system that combines the QFvpr/QUAS binary expression platform with CRISPR-Cas technologies. CRISPR-Q overcomes the drawbacks of transient mRNA or protein delivery and circumvents the toxicity and transgene silencing issues associated with other binary systems, such as Gal4/UAS. The system enables robust and spatiotemporal expression of CasRx or dCas9vpr, allowing precise transcript knockdown (CRISPR-Q(KD)) or gene activation (CRISPR-Qa). Using CRISPR-Q(KD), we achieve effective knockdown of smn1 and simultaneous knockdown of tardbp and tardbpl, modeling spinal muscular atrophy and amyotrophic lateral sclerosis, respectively. CRISPR-Qa activates endogenous lin28a and sox9b, demonstrating its functional versatility. We further validate CRISPR-Q's tissue-specific applicability in heart-specific transgenic zebrafish. Together, CRISPR-Q represents a robust and versatile platform for studying gene function and modeling human diseases in zebrafish, with broad potential for adaptation in other model organisms.",smn1,Gene,MODELS,spinal muscular atrophy,Phenotype,,0.9,LLM_deepseek-ai/DeepSeek-V4-Flash,pending_review,,
SMA-RE-0017,41958916,Survival motor neuron protein-independent amelioration of spinal muscular atrophy by pharmacological inhibition of c-Jun-NH(2) terminal kinase.,"Spinal muscular atrophy (SMA) is an autosomal recessive neurodegenerative disorder caused by mutation of the survival motor neuron 1 (SMN1) gene. SMA is characterized by degeneration of the spinal cord motor neurons caused by chronic low levels of survival motor neuron (SMN) protein. Prevention or slowing of neurodegeneration has been shown to ameliorate SMA disease severity. Significant progress has been made to develop SMN-dependent treatments that increase SMN levels. However, there is an unmet need to develop alternative therapeutic methods that are SMN-independent. The c-Jun-NH(2) terminal kinase (JNK) signalling pathway mediates motor neuron degeneration in SMA. Genetic inactivation of the neuron-specific isoform, JNK3, ameliorates the disease phenotype in SMA mice without affecting SMN protein levels, indicating that JNK3 may represent a promising SMN-independent target for pharmacological intervention. We report that pharmacological inhibition of JNK using novel drug compounds based on three distinct chemical scaffolds, Anthrapyrazolone, Pyrimidinyl, and Pyridopyrimidine, prevents degeneration of SMN-deficient in vitro cultured primary cerebellum neurons and the spinal cord motor neurons derived from SMA mice. Furthermore, in vivo treatment with JNK inhibitors leads to a systemic improvement in the disease phenotype, promoting enhanced overall growth, including increased body weight and extended postnatal growth, alongside improved gross motor functions such as righting reflexes and the ability to walk until the later stages of survival. Notably, it also results in a significant and sustained increase in the lifespan of both male and female SMA mice. The sex-based analysis reveals male- and female-specific improvements that depend on the type and efficacy of inhibitors targeting distinct JNK isoforms. Importantly, treatment with JNK inhibitors did not affect SMN levels in the spinal cord or skeletal muscle, indicating that the observed rescue of the SMA phenotype occurs independently of SMN restoration. Collectively, these findings suggest that pharmacological inhibition of JNK may serve as a therapeutic strategy to prevent neurodegeneration, either in combination with SMN-enhancing approaches for treating severe forms of SMA, or as a stand-alone, SMN-independent intervention for moderate and mild SMA cases.",JNK inhibitors,Drug,NO_EFFECT,SMN levels,Protein,,0.9,LLM_deepseek-ai/DeepSeek-V4-Flash,pending_review,,
SMA-RE-0018,41683702,Lymphoid Organ Architecture and Hematopoiesis Disruption in Spinal Muscular Atrophy: Therapeutic Rescue by SMN Restoration.,"Spinal muscular atrophy (SMA) is a neuromuscular disorder caused by loss of the SMN1 gene, reduced levels of SMN protein, and motor neuron degeneration. However, increasing evidence shows that SMA is a multisystemic disease with immune system involvement. We investigated how SMN deficiency affects lymphoid organ development and function using a severe SMA mouse model (SMNDelta7) and postmortem human fetal and postnatal tissues lacking SMN1 and carrying one or two SMN2 copies, consistent with type 0-I SMA. Histology, immunostaining, and flow cytometry were used to examine tissue architecture and immune cell composition. SMNDelta7 mice displayed thymus, spleen, and bone marrow abnormalities, including mislocalization of T- and B-cells and expansion of resident macrophages. Bone marrow analysis revealed impaired B-cell development, suggesting intrinsic hematopoietic defects rather than apoptosis. Early treatment with a nusinersen-like antisense oligonucleotide, administered intracerebroventricularly or subcutaneously, restored SMN2 splicing, improved survival, motor function, and prevented lymphoid pathology. Human SMA samples exhibited similar, though milder, splenic alterations compared to SMNDelta7 mice, while thymic organization remained largely preserved. These findings demonstrate that SMN deficiency disrupts lymphoid organ development through defective bone marrow output and impaired immune cell maturation. Early SMN restoration prevents these abnormalities, highlighting immune dysfunction as a key component of SMA pathology.",nusinersen,Drug,PREVENTS,lymphoid pathology,Phenotype,,0.9,LLM_deepseek-ai/DeepSeek-V4-Flash,pending_review,,
SMA-RE-0019,20301526,Spinal Muscular Atrophy.,"CLINICAL CHARACTERISTICS: Spinal muscular atrophy (SMA) is characterized by muscle weakness and atrophy resulting from progressive degeneration and irreversible loss of the anterior horn cells in the spinal cord (i.e., lower motor neurons) and the brain stem nuclei. The onset of weakness ranges from before birth to adulthood. The weakness is symmetric, proximal greater than distal, and progressive. Before the genetic basis of SMA was understood, it was classified into clinical subtypes based on maximum motor function achieved; however, it is now apparent that the phenotype of SMN1-associated SMA spans a continuum without clear delineation of subtypes. With supportive care only, poor weight gain with growth failure, restrictive lung disease, scoliosis, and joint contractures are common complications; however, newly available targeted treatment options are changing the natural history of the disease. DIAGNOSIS/TESTING: The diagnosis of SMA is established in a proband with a history of motor difficulties or regression, proximal muscle weakness, reduced/absent deep tendon reflexes, evidence of motor unit disease, and/or biallelic pathogenic variants in SMN1 identified by molecular genetic testing. Increases in SMN2 copy number often modify the phenotype. MANAGEMENT: Targeted therapies: Therapies targeted to the underlying disease mechanism include risdiplam (Evrysdi((R)); SMN2-directed RNA splicing modifier), nusinersen (Spinraza((R)); antisense oligonucleotide), and onasemnogene abeparvovec-xioi (Zolgensma((R)); gene replacement therapy) for the treatment of all types of SMA. Onasemnogene abeparvovec-brve (Itvisma((R)); gene replacement therapy) can also be given as a one-time intrathecal treatment for affected individuals ages 2 years and older. Treatment with an SMA-specific disease-modifying treatment is most efficacious when initiated presymptomatically. The FDA has issued a black box warning about Zolgensma((R)), noting the possibility of serious liver injury and acute liver failure. The FDA has also issued a black box warning about Itvisma((R)), noting the possibility of serious liver injury and elevated aminotransferases. Close monitoring of liver function prior to and in the months following infusion with either Zolgensma((R)) or Itvisma((R)) is indicated. These targeted treatments may prevent the development or slow the progression of some features of SMA but cannot restore motor neurons that have degenerated or been lost already. New phenotypes in treated individuals are arising, and long-term effects of these treatments are unknown. Supportive care: Proactive supportive treatment by a multidisciplinary team is essential to reduce symptom severity, particularly in the most severe cases of SMA and/or in untreated individuals. When nutrition or dysphagia is a concern, placement of a gastrostomy tube early in the course of the disease is appropriate. Standard therapy for gastroesophageal reflux disease and chronic constipation is recommended. Formal consultation and frequent follow up with a pulmonologist familiar with SMA is necessary. As respiratory function deteriorates, tracheotomy or noninvasive respiratory support may be offered. Surgical repair for scoliosis should be considered based on progression of the curvature, pulmonary function, and bone maturity. Surgical intervention for hip dislocation for those with pain may be indicated. Surveillance: Individuals with SMA require monitoring for the development of symptoms to determine appropriate timing to initiate supportive therapies. Surveillance recommendations for potential side effects and new phenotypes associated with the targeted treatments are emerging. Multidisciplinary evaluation every six months or more frequently for weaker children is indicated to assess nutritional state, respiratory function, motor function, and orthopedic status, and to determine appropriate interventions. Agents/circumstances to avoid: Prolonged fasting, particularly in the acutely ill infant with SMA. Evaluation of relatives at risk: It is appropriate to determine the genetic status of younger, apparently asymptomatic sibs of an affected individual in order to identify as early as possible those who would benefit from prompt initiation of disease-modifying treatments. Pregnancy management: Women with SMA may have an increased rate of preterm birth and need for cesarean section compared to unaffected women. Women with SMA may also experience a persistent worsening of their general muscle weakness after delivery, particularly if disease-modifying therapies are discontinued due to pregnancy status. Due to the risk of respiratory failure, it is recommended that women with neuromuscular disorders, including those with SMA, obtain baseline pulmonary function prior to becoming pregnant, with frequent monitoring during pregnancy. There is limited to no data on the effects of disease-modifying treatments on the developing human fetus. However, based on animal models, risdiplam use should be avoided in pregnant women. GENETIC COUNSELING: SMA is inherited in an autosomal recessive manner. Each pregnancy of a couple who have had a child with SMA has an approximately 25% chance of producing an affected child, an approximately 50% chance of producing an asymptomatic carrier, and an approximately 25% chance of producing an unaffected child who is not a carrier. These recurrence risks deviate slightly from the norm for autosomal recessive inheritance because about 2% of affected individuals have a de novo SMN1 pathogenic variant on one allele; in these instances, only one parent is a carrier of an SMN1 variant, and thus the sibs are not at increased risk for SMA. Ideally preconception (but also prenatal) carrier testing for all individuals in the general population and prenatal testing for pregnancies at increased risk are possible if the diagnosis of SMA has either been confirmed by molecular genetic testing in an affected family member and/or if both parents are found to be carriers of SMA on carrier screening testing.",SMN2,Gene,REGULATES,phenotype,Phenotype,,0.9,LLM_deepseek-ai/DeepSeek-V4-Flash,pending_review,,
SMA-RE-0020,20301526,Spinal Muscular Atrophy.,"CLINICAL CHARACTERISTICS: Spinal muscular atrophy (SMA) is characterized by muscle weakness and atrophy resulting from progressive degeneration and irreversible loss of the anterior horn cells in the spinal cord (i.e., lower motor neurons) and the brain stem nuclei. The onset of weakness ranges from before birth to adulthood. The weakness is symmetric, proximal greater than distal, and progressive. Before the genetic basis of SMA was understood, it was classified into clinical subtypes based on maximum motor function achieved; however, it is now apparent that the phenotype of SMN1-associated SMA spans a continuum without clear delineation of subtypes. With supportive care only, poor weight gain with growth failure, restrictive lung disease, scoliosis, and joint contractures are common complications; however, newly available targeted treatment options are changing the natural history of the disease. DIAGNOSIS/TESTING: The diagnosis of SMA is established in a proband with a history of motor difficulties or regression, proximal muscle weakness, reduced/absent deep tendon reflexes, evidence of motor unit disease, and/or biallelic pathogenic variants in SMN1 identified by molecular genetic testing. Increases in SMN2 copy number often modify the phenotype. MANAGEMENT: Targeted therapies: Therapies targeted to the underlying disease mechanism include risdiplam (Evrysdi((R)); SMN2-directed RNA splicing modifier), nusinersen (Spinraza((R)); antisense oligonucleotide), and onasemnogene abeparvovec-xioi (Zolgensma((R)); gene replacement therapy) for the treatment of all types of SMA. Onasemnogene abeparvovec-brve (Itvisma((R)); gene replacement therapy) can also be given as a one-time intrathecal treatment for affected individuals ages 2 years and older. Treatment with an SMA-specific disease-modifying treatment is most efficacious when initiated presymptomatically. The FDA has issued a black box warning about Zolgensma((R)), noting the possibility of serious liver injury and acute liver failure. The FDA has also issued a black box warning about Itvisma((R)), noting the possibility of serious liver injury and elevated aminotransferases. Close monitoring of liver function prior to and in the months following infusion with either Zolgensma((R)) or Itvisma((R)) is indicated. These targeted treatments may prevent the development or slow the progression of some features of SMA but cannot restore motor neurons that have degenerated or been lost already. New phenotypes in treated individuals are arising, and long-term effects of these treatments are unknown. Supportive care: Proactive supportive treatment by a multidisciplinary team is essential to reduce symptom severity, particularly in the most severe cases of SMA and/or in untreated individuals. When nutrition or dysphagia is a concern, placement of a gastrostomy tube early in the course of the disease is appropriate. Standard therapy for gastroesophageal reflux disease and chronic constipation is recommended. Formal consultation and frequent follow up with a pulmonologist familiar with SMA is necessary. As respiratory function deteriorates, tracheotomy or noninvasive respiratory support may be offered. Surgical repair for scoliosis should be considered based on progression of the curvature, pulmonary function, and bone maturity. Surgical intervention for hip dislocation for those with pain may be indicated. Surveillance: Individuals with SMA require monitoring for the development of symptoms to determine appropriate timing to initiate supportive therapies. Surveillance recommendations for potential side effects and new phenotypes associated with the targeted treatments are emerging. Multidisciplinary evaluation every six months or more frequently for weaker children is indicated to assess nutritional state, respiratory function, motor function, and orthopedic status, and to determine appropriate interventions. Agents/circumstances to avoid: Prolonged fasting, particularly in the acutely ill infant with SMA. Evaluation of relatives at risk: It is appropriate to determine the genetic status of younger, apparently asymptomatic sibs of an affected individual in order to identify as early as possible those who would benefit from prompt initiation of disease-modifying treatments. Pregnancy management: Women with SMA may have an increased rate of preterm birth and need for cesarean section compared to unaffected women. Women with SMA may also experience a persistent worsening of their general muscle weakness after delivery, particularly if disease-modifying therapies are discontinued due to pregnancy status. Due to the risk of respiratory failure, it is recommended that women with neuromuscular disorders, including those with SMA, obtain baseline pulmonary function prior to becoming pregnant, with frequent monitoring during pregnancy. There is limited to no data on the effects of disease-modifying treatments on the developing human fetus. However, based on animal models, risdiplam use should be avoided in pregnant women. GENETIC COUNSELING: SMA is inherited in an autosomal recessive manner. Each pregnancy of a couple who have had a child with SMA has an approximately 25% chance of producing an affected child, an approximately 50% chance of producing an asymptomatic carrier, and an approximately 25% chance of producing an unaffected child who is not a carrier. These recurrence risks deviate slightly from the norm for autosomal recessive inheritance because about 2% of affected individuals have a de novo SMN1 pathogenic variant on one allele; in these instances, only one parent is a carrier of an SMN1 variant, and thus the sibs are not at increased risk for SMA. Ideally preconception (but also prenatal) carrier testing for all individuals in the general population and prenatal testing for pregnancies at increased risk are possible if the diagnosis of SMA has either been confirmed by molecular genetic testing in an affected family member and/or if both parents are found to be carriers of SMA on carrier screening testing.",risdiplam,Drug,TARGETS,SMN2,Gene,,0.9,LLM_deepseek-ai/DeepSeek-V4-Flash,pending_review,,
SMA-RE-0021,41671781,Longitudinal assessment of respiratory status utilising the amended Great Ormond Street Respiratory Score in treated spinal muscular atrophy type 1 children.,"Spinal muscular atrophy type 1 phenotypes have changed since the introduction of disease modifying therapies. The Great Ormond Respiratory Score has been used to assess respiratory function in children with spinal muscular atrophy. This paper presents an updated version of the score and aims to describe preliminary data reviewing the two-year changes of respiratory status in a cohort of spinal muscular atrophy type 1 patients treated with monotherapy or sequential disease modifying treatments. Patients were assessed using the amended Great Ormond Respiratory score at baseline, 6 months, 12 months and 24 months. 59 patients were reviewed. In total, 32 first initiated nusinersen therapy, 16 first initiated onasemnogene abeparvovec and 11 first initiated risdiplam therapy. There was a significant difference in baseline Great Ormond Respiratory Score between the nusinersen group and the onasemnogene abeparvovec group (p = 0.002). Risdiplam data is limited and is identified as preliminary. The data identifies treatment prior to 6 weeks of age stabilise at a lower score, with this being impacted by age of treatment. Those treated after one year show worse scores but stabilise. Despite the switching between disease modifying treatments, the Great Ormond Respiratory Score is a useful and easy-to-use clinical outcome measure which can demonstrate change in respiratory status over longitudinal review.",nusinersen,Drug,TREATS,spinal muscular atrophy type 1,Phenotype,,0.9,LLM_deepseek-ai/DeepSeek-V4-Flash,pending_review,,
SMA-RE-0022,26823478,Intrathecal Injections in Children With Spinal Muscular Atrophy: Nusinersen Clinical Trial Experience.,"Nusinersen (ISIS-SMNRx or ISIS 396443) is an antisense oligonucleotide drug administered intrathecally to treat spinal muscular atrophy. We summarize lumbar puncture experience in children with spinal muscular atrophy during a phase 1 open-label study of nusinersen and its extension. During the studies, 73 lumbar punctures were performed in 28 patients 2 to 14 years of age with type 2/3 spinal muscular atrophy. No complications occurred in 50 (68%) lumbar punctures; in 23 (32%) procedures, adverse events were attributed to lumbar puncture. Most common adverse events were headache (n = 9), back pain (n = 9), and post-lumbar puncture syndrome (n = 8). In a subgroup analysis, adverse events were more frequent in older children, children with type 3 spinal muscular atrophy, and with a 21- or 22-gauge needle compared to a 24-gauge needle or smaller. Lumbar punctures were successfully performed in children with spinal muscular atrophy; lumbar puncture-related adverse event frequency was similar to that previously reported in children.",Nusinersen,Drug,TREATS,SMA,Disease,,0.75,Regex_Fallback,pending_review,,
SMA-RE-0023,41749150,Laparoscopic fundoplication under general anesthesia in a child with spinal muscular atrophy type II: a case report.,"BACKGROUND: Spinal muscular atrophy (SMA) linked to chromosome 5q demonstrates an autosomal recessive inheritance pattern. SMA is characterized by diffuse, symmetric, proximal muscle weakness, with lower limb predominance in the lower limbs than in the upper limbs, and by absent or markedly diminished deep tendon reflexes. The disease incidence ranges 0.005-0.013% among live births. Pediatric anesthesia management in SMA remains scarcely documented. There are scarcely documented of anesthesia management in patients with SMA, particularly among children and adolescents. Given the generalized muscle atrophy in these patients, anesthesiologists are often cautious about administering general anesthesia with neuromuscular blocking agents (NMBAs). Consequently, many anesthesiologists have explored alternative anesthetic techniques that avoid the use of NMBAs while ensuring that there is no interference with the surgical procedure. Particularly for laparoscopic procedures, which require a certain degree of muscle relaxation, the use of NMBAs remains underreported, with no relevant cases documented in pediatric patients. CASE PRESENTATION: We report the successful administration of general anesthesia in a child with SMA type II at our institution, in which an NMBA was used and the child was uneventful extubation without associated respiratory complications. CONCLUSIONS: Pediatric patients with SMA may experience unexpected airway difficulties, necessitate careful preparation and consideration of awake intubation. NMBAs should be used cautiously, while nondepolarizing NMBAs and sugammadex demonstrate clinical viability. The benefits of fast-track anesthesia warrant further study, and anesthetic plans should be tailored on the basis of a thorough assessment of the patient's condition.",neuromuscular blocking agents,Drug,USED_IN,Spinal muscular atrophy,Phenotype,,0.9,LLM_deepseek-ai/DeepSeek-V4-Flash,pending_review,,
SMA-RE-0024,41683702,Lymphoid Organ Architecture and Hematopoiesis Disruption in Spinal Muscular Atrophy: Therapeutic Rescue by SMN Restoration.,"Spinal muscular atrophy (SMA) is a neuromuscular disorder caused by loss of the SMN1 gene, reduced levels of SMN protein, and motor neuron degeneration. However, increasing evidence shows that SMA is a multisystemic disease with immune system involvement. We investigated how SMN deficiency affects lymphoid organ development and function using a severe SMA mouse model (SMNDelta7) and postmortem human fetal and postnatal tissues lacking SMN1 and carrying one or two SMN2 copies, consistent with type 0-I SMA. Histology, immunostaining, and flow cytometry were used to examine tissue architecture and immune cell composition. SMNDelta7 mice displayed thymus, spleen, and bone marrow abnormalities, including mislocalization of T- and B-cells and expansion of resident macrophages. Bone marrow analysis revealed impaired B-cell development, suggesting intrinsic hematopoietic defects rather than apoptosis. Early treatment with a nusinersen-like antisense oligonucleotide, administered intracerebroventricularly or subcutaneously, restored SMN2 splicing, improved survival, motor function, and prevented lymphoid pathology. Human SMA samples exhibited similar, though milder, splenic alterations compared to SMNDelta7 mice, while thymic organization remained largely preserved. These findings demonstrate that SMN deficiency disrupts lymphoid organ development through defective bone marrow output and impaired immune cell maturation. Early SMN restoration prevents these abnormalities, highlighting immune dysfunction as a key component of SMA pathology.",SMN deficiency,Phenotype,WORSENS,lymphoid organ development,Phenotype,,0.9,LLM_deepseek-ai/DeepSeek-V4-Flash,pending_review,,
SMA-RE-0025,42097918,Management of spinal muscular atrophy: nursing clinical commentary and best practices update.,"BACKGROUND: Spinal muscular atrophy (SMA) is a rare neuromuscular disorder that has seen a paradigm shift in its management due to early diagnostic strategies, disease-modifying therapies, and integrated care models. Despite these advances, the nursing role - essential across the care continuum - remains underrepresented in clinical protocols and guidelines. MAIN BODY: This Clinical commentary, authored by Italian nurses with direct expertise in SMA care, outlines the key responsibilities, practices, and procedural frameworks that define specialized nursing contributions. Nurses are involved from the earliest phases of care, including neonatal screening and diagnostic communication, and extend their role into the long-term home-based management of children with SMA. Responsibilities include administering and monitoring advanced therapies (onasemnogene abeparvovec, nusinersen, risdiplam), delivering therapeutic education, managing care transitions, and maintaining consistent family engagement. Emphasis is placed on nurses as coordinators of care, clinical educators, and relational anchors. Structured follow-up flowcharts for each therapy illustrate the clinical and educational dimensions of nursing practice. The paper highlights the need for specialized training and standardized roles - such as nurse case managers - as well as for health systems to track nursing-sensitive outcomes. CONCLUSION: The integration of specialized nursing into SMA care is not only ethically and clinically warranted-it is essential to achieving sustainable, equitable, and high-quality outcomes for patients and families. This paper calls for the formal recognition of nursing as a core component of multidisciplinary SMA care teams.",nusinersen,Drug,ADMINISTERED_BY,nurses,Phenotype,,0.9,LLM_deepseek-ai/DeepSeek-V4-Flash,pending_review,,
SMA-RE-0026,41684306,Organ-specific redox imbalances in spinal muscular atrophy mice are partially rescued by SMN antisense oligonucleotides.,"Spinal muscular atrophy (SMA) is caused by a deficiency in survival motor neuron (SMN) protein; redox imbalance and oxidative stress are also implicated. Protein S-glutathionylation (PSSG) is a reversible redox modification that protects cysteines from irreversible oxidation and regulates protein function. Here, we report stage- and tissue-dependent defects in PSSG levels, accompanied by tissue-specific alterations in the expression of glutathione-related enzymes in Taiwanese SMA mice at early and late symptomatic stages. Importantly, we also provide evidence linking glutathione homeostasis defects with ferroptosis. Finally, partial restoration of SMN by antisense oligonucleotides selectively modulates these abnormalities in a tissue-dependent manner. Our findings suggest S-glutathionylation dysregulation as a novel SMA hallmark and highlight persistent redox imbalance as a therapeutic target beyond SMN restoration. Impact statement This study provides a multi-organ analysis of redox imbalance in spinal muscular atrophy, revealing systemic loss of protein S-glutathionylation in a stage- and tissue-dependent manner. By identifying the heart as particularly redox-vulnerable, this work refines understanding of oxidative stress beyond motor neurons and informs tissue-aware therapeutic evaluation.",redox imbalance,Phenotype,ASSOCIATED_WITH,spinal muscular atrophy,Phenotype,,0.9,LLM_deepseek-ai/DeepSeek-V4-Flash,pending_review,,
SMA-RE-0027,24844453,Novel point mutations in survival motor neuron 1 gene expand the spectrum of phenotypes observed in spinal muscular atrophy patients.,"The aim of our study was to identify point mutations in a group of 606 patients diagnosed for spinal muscular atrophy with excluded biallelic loss of the SMN1 gene. Point missense mutations or small deletions in the SMN1 gene were ultimately identified in 18 patients. Six patients were found to have small deletions, the c.429_435del mutation in 3 cases, the c.431delC mutation in 2 and c.722delC in one. Those mutations, not described previously, were characteristic of patients presenting a severe phenotype. The most frequent missense mutation - p.Thr274Ile, was identified in 9 patients presenting a rather mild phenotype. Three other missense mutations, i.e., p.Ser230Leu, p.Ala111Gly and p.Pro244Leu, were identified in a further 3 SMA3 patients. Mutation p.Pro244Leu, not described so far, was identified in a patient with a mild form of SMA and more distal distribution of muscle weakness. Our results suggest a specific point mutation spectrum in the Polish population. The existence of small deletions not identified thus far could suggest a possible founder effect. In patients with preserved one SMN1 allele without common exon 7 deletion, presenting a mild form of SMA, a special consideration should be given to the p.Thr274Ile mutation.",SMN1,Gene,ASSOCIATED_WITH,SMA,Disease,,0.7,Regex_Fallback,pending_review,,
SMA-RE-0028,20301526,Spinal Muscular Atrophy.,"CLINICAL CHARACTERISTICS: Spinal muscular atrophy (SMA) is characterized by muscle weakness and atrophy resulting from progressive degeneration and irreversible loss of the anterior horn cells in the spinal cord (i.e., lower motor neurons) and the brain stem nuclei. The onset of weakness ranges from before birth to adulthood. The weakness is symmetric, proximal greater than distal, and progressive. Before the genetic basis of SMA was understood, it was classified into clinical subtypes based on maximum motor function achieved; however, it is now apparent that the phenotype of SMN1-associated SMA spans a continuum without clear delineation of subtypes. With supportive care only, poor weight gain with growth failure, restrictive lung disease, scoliosis, and joint contractures are common complications; however, newly available targeted treatment options are changing the natural history of the disease. DIAGNOSIS/TESTING: The diagnosis of SMA is established in a proband with a history of motor difficulties or regression, proximal muscle weakness, reduced/absent deep tendon reflexes, evidence of motor unit disease, and/or biallelic pathogenic variants in SMN1 identified by molecular genetic testing. Increases in SMN2 copy number often modify the phenotype. MANAGEMENT: Targeted therapies: Therapies targeted to the underlying disease mechanism include risdiplam (Evrysdi((R)); SMN2-directed RNA splicing modifier), nusinersen (Spinraza((R)); antisense oligonucleotide), and onasemnogene abeparvovec-xioi (Zolgensma((R)); gene replacement therapy) for the treatment of all types of SMA. Onasemnogene abeparvovec-brve (Itvisma((R)); gene replacement therapy) can also be given as a one-time intrathecal treatment for affected individuals ages 2 years and older. Treatment with an SMA-specific disease-modifying treatment is most efficacious when initiated presymptomatically. The FDA has issued a black box warning about Zolgensma((R)), noting the possibility of serious liver injury and acute liver failure. The FDA has also issued a black box warning about Itvisma((R)), noting the possibility of serious liver injury and elevated aminotransferases. Close monitoring of liver function prior to and in the months following infusion with either Zolgensma((R)) or Itvisma((R)) is indicated. These targeted treatments may prevent the development or slow the progression of some features of SMA but cannot restore motor neurons that have degenerated or been lost already. New phenotypes in treated individuals are arising, and long-term effects of these treatments are unknown. Supportive care: Proactive supportive treatment by a multidisciplinary team is essential to reduce symptom severity, particularly in the most severe cases of SMA and/or in untreated individuals. When nutrition or dysphagia is a concern, placement of a gastrostomy tube early in the course of the disease is appropriate. Standard therapy for gastroesophageal reflux disease and chronic constipation is recommended. Formal consultation and frequent follow up with a pulmonologist familiar with SMA is necessary. As respiratory function deteriorates, tracheotomy or noninvasive respiratory support may be offered. Surgical repair for scoliosis should be considered based on progression of the curvature, pulmonary function, and bone maturity. Surgical intervention for hip dislocation for those with pain may be indicated. Surveillance: Individuals with SMA require monitoring for the development of symptoms to determine appropriate timing to initiate supportive therapies. Surveillance recommendations for potential side effects and new phenotypes associated with the targeted treatments are emerging. Multidisciplinary evaluation every six months or more frequently for weaker children is indicated to assess nutritional state, respiratory function, motor function, and orthopedic status, and to determine appropriate interventions. Agents/circumstances to avoid: Prolonged fasting, particularly in the acutely ill infant with SMA. Evaluation of relatives at risk: It is appropriate to determine the genetic status of younger, apparently asymptomatic sibs of an affected individual in order to identify as early as possible those who would benefit from prompt initiation of disease-modifying treatments. Pregnancy management: Women with SMA may have an increased rate of preterm birth and need for cesarean section compared to unaffected women. Women with SMA may also experience a persistent worsening of their general muscle weakness after delivery, particularly if disease-modifying therapies are discontinued due to pregnancy status. Due to the risk of respiratory failure, it is recommended that women with neuromuscular disorders, including those with SMA, obtain baseline pulmonary function prior to becoming pregnant, with frequent monitoring during pregnancy. There is limited to no data on the effects of disease-modifying treatments on the developing human fetus. However, based on animal models, risdiplam use should be avoided in pregnant women. GENETIC COUNSELING: SMA is inherited in an autosomal recessive manner. Each pregnancy of a couple who have had a child with SMA has an approximately 25% chance of producing an affected child, an approximately 50% chance of producing an asymptomatic carrier, and an approximately 25% chance of producing an unaffected child who is not a carrier. These recurrence risks deviate slightly from the norm for autosomal recessive inheritance because about 2% of affected individuals have a de novo SMN1 pathogenic variant on one allele; in these instances, only one parent is a carrier of an SMN1 variant, and thus the sibs are not at increased risk for SMA. Ideally preconception (but also prenatal) carrier testing for all individuals in the general population and prenatal testing for pregnancies at increased risk are possible if the diagnosis of SMA has either been confirmed by molecular genetic testing in an affected family member and/or if both parents are found to be carriers of SMA on carrier screening testing.",Zolgensma,Drug,CAUSES,acute liver failure,Phenotype,,0.9,LLM_deepseek-ai/DeepSeek-V4-Flash,pending_review,,
SMA-RE-0029,41757676,Comparison of Nusinersen Monotherapy Versus Combination Therapy With Nusinersen and Onasemnogene Abeparvovec in Spinal Muscular Atrophy Type 1 Patients With Two SMN2 Copies: A Multicenter Study From Turkiye.,"INTRODUCTION/AIMS: Data comparing nusinersen monotherapy with combination therapy using nusinersen and onasemnogene abeparvovec (OA) in spinal muscular atrophy (SMA) type 1 patients are limited. This study aimed to compare the clinical outcomes of nusinersen monotherapy versus combination therapy (nusinersen and OA) in SMA type 1 patients with two SMN2 copies. METHODS: This retrospective multicenter study included 82 patients divided into nusinersen monotherapy (n = 42) and combination therapy (n = 40) groups. Outcomes included motor milestones, Children's Hospital of Philadelphia Infant Test of Neuromuscular Disorders (CHOP-INTEND) scores, respiratory and nutritional status, and survival. Patients were stratified by age at treatment initiation (</= 3, 3-6, and > 6 months). An age-matched subgroup analysis was performed. RESULTS: Age at treatment initiation, total administered nusinersen doses, and follow-up duration were comparable between groups. All deaths (n = 8) occurred in the monotherapy group among patients who initiated treatment after 3 months of age (p = 0.005). There was no significant difference between groups in the age at achieving unsupported sitting. In the age-matched subgroup analysis (n = 44, 22 per group), no significant differences were found between monotherapy and combination therapy in terms of motor function, CHOP-INTEND progression, respiratory and feeding status. Earlier treatment was associated with better feeding outcomes (OR: 0.740, p = 0.024). Pre-treatment respiratory and feeding status were also predictive of corresponding outcomes. DISCUSSION: Early treatment is the main determinant of outcomes, while combination therapy shows no clear advantage over monotherapy. Larger prospective studies are needed to clarify the role and timing of combination therapy.",combination therapy (nusinersen and OA),Drug,COMPARED_WITH,nusinersen monotherapy,Drug,,0.9,LLM_deepseek-ai/DeepSeek-V4-Flash,pending_review,,
SMA-RE-0030,41811872,Perceived Impact on the Daily Lives of Patients with Spinal Muscular Atrophy Treated with Nusinersen: A Natural Language Processing Approach.,"OBJECTIVES: Spinal muscular atrophy (SMA) is a rare neuromuscular disorder caused by SMN1 mutations, leading to progressive muscle weakness. Although nusinersen improves motor function, its broader impact on daily life remains insufficiently understood. This study explored caregivers' perceptions of nusinersen treatment and identified themes reflecting its influence on everyday functioning. METHODS: An observational study included 23 children with SMA (10 type 2, 7 type 3, 6 type 1) treated with nusinersen for up to 36 months. The mean age at interview was 6.3 years (SD 2.3). Caregivers completed a semi-structured questionnaire with closed and open-ended items. Narrative responses were analyzed using natural language processing (NLP) and topic modeling to identify recurring patterns. RESULTS: Caregivers reported consistent positive effects. NLP identified three thematic clusters: Functional and Daily Progress (34.9%), Global Improvement and Quality of Life (33.6%), and Hospitalization and Physical Recovery (31.5%). Reported benefits included improved swallowing, easier breathing, fewer hospitalizations, increased independence, and enhanced mood. Families emphasized reduced stress and improved family dynamics. CONCLUSIONS: Caregivers perceive nusinersen as providing meaningful improvements in daily functioning beyond motor outcomes. Incorporating caregiver-reported insights through NLP may enrich treatment evaluation and support holistic, patient- and family-centered care in SMA.",nusinersen,Drug,DECREASES,hospitalizations,Phenotype,,0.9,LLM_deepseek-ai/DeepSeek-V4-Flash,pending_review,,
SMA-RE-0031,41817636,RNA biomarkers in spinal muscular atrophy: enhancing pathogenesis understanding and guiding precision medicine.,"Spinal muscular atrophy (SMA) is a neurodegenerative disorder resulting from mutations in SMN1 that manifest as progressive muscle weakness and atrophy. Despite transformative therapies, such as nusinersen, risdiplam, and onasemnogene abeparvovec, heterogeneous patient responses underscore the need for reliable biomarkers to optimize treatment strategies. RNA biomarkers are particularly promising targets for monitoring SMA because the disease pathology is directly caused by impaired SMN protein, which is involved in RNA processing. Evidence suggests that SMN transcripts and specific microRNAs (i.e., miR-9, miR-206, and miR-132) are of significant diagnostic and prognostic value. In addition, specific microRNAs exhibit detectable changes in accessible biofluids at pre-symptomatic stages, enabling early non-invasive monitoring. Integration of global microRNA profiling (miRNome analysis) with clinical parameters has yielded SMA scores with high predictive value. Advancing RNA biomarker implementation requires several challenges to be addressed, including protocol standardization, validation in expanded patient cohorts, longitudinal evaluation, and seamless integration with clinical assessments. Emerging methodologies analyzing extracellular vesicle content and single-cell sequencing offer promising avenues for enhancing diagnostic precision. Multiparametric integration of RNA biomarkers may establish the foundation of precision medicine in SMA, potentially enabling individualized therapeutic selection based on molecular signatures to improve long-term patient outcomes.",miR-206,Gene,DIAGNOSES,SMA,Phenotype,,0.9,LLM_deepseek-ai/DeepSeek-V4-Flash,pending_review,,
SMA-RE-0032,41942601,SMN1 mutation spectrum and functional analysis of novel SMN1 variants in a Chinese spinal muscular atrophy cohort.,"Spinal muscular atrophy is the most common fatal neurogenetic disorder in infancy and early childhood, caused by insufficient expression of SMN protein due to mutations in the survival motor neuron 1 (SMN1) gene. In this study, we describe the SMN1 mutation spectrum in our SMA cohort and the clinical characteristics of 30 patients with SMN1 compound heterozygous mutations. We find the c.22_23insA hotspot mutation has a founder effect, and identify 6 novel SMN1 variants and verify the pathogenicity of these variants at molecular levels. This study proposes that SMA newborn screening should integrate RT-PCR, MLPA, and long-read sequencing to prevent missed diagnoses of compound heterozygous mutations. Furthermore, in the era of therapeutics, new clinical classification methods based on genetic characteristics are worthy of further exploration.",SMN1,Gene,ENCODES,SMN protein,Protein,,0.9,LLM_deepseek-ai/DeepSeek-V4-Flash,pending_review,,
SMA-RE-0033,41645345,Examination of the Peripheral Nervous System in Children With Spinal Muscular Atrophy: A High-Resolution Ultrasonographic Study.,"OBJECTIVES: Recent studies have shown that high-resolution ultrasound (HRUS) devices allow us to accurately measure peripheral nerves in newborns. In consideration of these developments, this study aimed to analyze the structure and cross-sectional area (CSA) of the median nerve in children with SMA and evaluate the usefulness and reproducibility of HRUS imaging for the monitoring of peripheral nerves in these children. METHODS: A total of 12 participants aged 1-15 years with SMA were included in this repeated cross-sectional study. In addition, 97 normally developing children aged 2 days to 17 years were included as controls. Using HRUS devices, the structure and CSA of the median nerve were determined at three sites (wrist, forearm, and above the elbow). The measured CSA and nerve structure were compared between the groups. RESULTS: The CSA of the median nerve was smaller in the children with SMA than in the controls. Compared to the controls, SMA children had a mean CSA ranging from 0.70 to 1.02 mm(2) smaller while adjusting for age. Similar to normally developing children, the increase in CSA with age in children with SMA can be described using a logarithmic curve. Furthermore, ultrasonographic examination indicated a loss of the fascicular structure of the nerves, which, together with muscle atrophy, led to an altered sonographic appearance and more difficult visualization. CONCLUSION: HRUS is a useful method for monitoring nerve growth in children with SMA.",SMA,Phenotype,HAS_PHENOTYPE,muscle atrophy,Phenotype,,0.9,LLM_deepseek-ai/DeepSeek-V4-Flash,pending_review,,
SMA-RE-0034,41687605,SMN1 variants identified by false-positive SMA newborn screening tests: Therapeutic hurdles and functional and epidemiological solutions.,"Newborn screening (NBS) for spinal muscular atrophy (SMA) enables rapid diagnosis and pre-symptomatic treatment of infants with bi-allelic SMN1 deletions. Standard PCR-based assays detect  approximately 95% of cases by identifying the absence of SMN1 exon 7; however, rare sequence variants can escape detection. We describe two newborns (in Germany and Australia) identified by NBS as lacking SMN1 but subsequently shown to carry a single SMN1 copy-with no SMN2 in P1 and one SMN2 copy in P2. Gene-specific long-range PCR and Sanger sequencing revealed two distinct 4-bp deletions in SMN1 exon 7 (c.855_858delAGAA [p.Arg288AlafsTer5] in P1 and c.861_864delAAGG [p.Arg288AlafsTer5] in P2). Both variants disrupt the reverse primer-binding site used in NBS assays and cause the same frameshift p.Arg288AlafsTer5, predicted to be deleterious. A plethora of assays demonstrated preserved exon 7 splicing, markedly reduced SMN protein abundance, and wild-type-like protein thermostability. In vivo, expression of the p.Arg288AlafsTer5 protein in zebrafish fully rescued the progressive motor and survival defects of smn1-deficient mutants. These findings raise the possibility that this novel SMN isoform has enhanced functional efficiency relative to the wild type. Population data (gnomAD) suggest that  approximately 800 individuals of European ancestry may carry these variants in trans with an SMN1 deletion, yet none have been reported with SMA. Based on our data, no therapy was initiated. Both children remain healthy at 24 months of age, avoiding >US$4 million in potential treatment costs. These findings challenge the assumption that complete loss of full-length SMN invariably causes SMA and suggest that very low levels of this novel SMN isoform can sustain normal motor development.",SMN1,Gene,HAS_VARIANT,c.861_864delAAGG,Gene,,0.9,LLM_deepseek-ai/DeepSeek-V4-Flash,pending_review,,
SMA-RE-0035,41655361,CSF and plasma GFAP and VEGF in adult type 3 spinal muscular atrophy patients treated with nusinersen.,"INTRODUCTION: Nusinersen improves motor outcomes in SMA, but reliable biomarkers for treatment monitoring, especially in adults, are still lacking. We investigated cerebrospinal fluid (CSF) and plasma levels of glial fibrillary acidic protein (GFAP) and vascular endothelial growth factor (VEGF), exploring their potential as biomarkers in disease progression. METHODS: This single-centre observational study included adults with type 3 SMA treated with nusinersen over 30 months. GFAP and VEGF levels in CSF and plasma were measured using ELISA at baseline, 14 and 30 months. Functional evaluation included Hammersmith Functional Motor Scale Expanded (HFMSE), Revised Upper Limb Module (RULM), and respiratory tests. Longitudinal data were evaluated using generalized linear mixed-effects models. A significance level of alpha = 0.05 was used in all analyses. RESULTS: Eleven patients were included (63.6% male, aged 19-60 at baseline). Improvements were observed in motor function, with an estimated non-linear increase of 9.02% (CI95%: 5.13-8.79) for RULM and an estimated average increase of 6.96 points (CI95%: 5.44-8.48) for HFMSE over 30 months of treatment. However, both CSF and plasma GFAP and VEGF levels changes at 14 and 30 months did not reach statistical significance, respectively (all p > 0.05). CONCLUSION: CSF and plasma GFAP and VEGF trajectories over a 30-month period under nusinersen treatment were nonsignificant. This study confirms sustained motor function improvements in adult type 3 SMA patients treated with nusinersen. Future research in larger, multicentric, and internationally collaborative cohorts are essential to fully understand the role of these potential biomarkers in SMA pathogenesis.",Nusinersen,Drug,IMPROVES,HFMSE,Phenotype,,0.9,LLM_deepseek-ai/DeepSeek-V4-Flash,pending_review,,
SMA-RE-0036,41884563,Protein-stabilizing and neurotransmission-potentiating activities of a synaptic chaperone modify spinal muscular atrophy in model mice.,"Spinal muscular atrophy (SMA) is an oft-fatal infantile-onset neuromuscular disease caused by low SMN protein. Administration of SMN-inducing agents to SMA newborns prevents early mortality, but therapeutic outcomes vary considerably, and disease mechanisms remain poorly understood. Genetic modifiers can provide clues to disease mechanisms and serve as targets for novel treatments. Here, we describe how one such modifier suppresses SMA in model mice. We show that the modifier, an Hspa8 (G470R) synaptic chaperone variant we previously identified, functions beyond an already defined role as an SMN2 splice-switcher. Even in mice lacking the SMN2 gene, the modifier, whether expressed genetically or exogenously, potently suppressed disease, preventing motor neuron degeneration, ameliorating neuromuscular dysfunction and extending lifespan more than ten-fold. Unexpectedly, this was once again associated with incremental SMN increase - an outcome we discovered is linked to Hspa8 (G470R) -mediated autophagy, effects of the modifier on autophagy-associated intermediate complexes and, ultimately, reduced SMN turnover. Interestingly, however, Hspa8 (G470R) also stimulated neuromuscular transmission significantly, raising the effective, functional readily releasable pool of motor neuronal synaptic vesicles. This effect was not limited to mutants alone but apparent in healthy controls too and did not correlate with mere increase in SMN. Combined, these outcomes suggest that Hspa8 governs neuromuscular function in several ways including direct effects on synapses. Mechanisms revealed here shed additional light on pathways gone awry in SMA - ones that might be modulated to develop or refine therapies for neuromuscular disorders at large.",Hspa8 (G470R),Protein,INCREASES,SMN protein,Protein,,0.9,LLM_deepseek-ai/DeepSeek-V4-Flash,pending_review,,
SMA-RE-0037,41737973,Adult Survival in SMA Type 1: A 23-Year Journey With Home Ventilation and Multidisciplinary Support.,"Spinal muscular atrophy (SMA) type 1 is a severe autosomal recessive neuromuscular disorder caused by loss-of-function variants in the SMN1 gene, typically leading to death within the first two years without intervention. Long-term survival is uncommon, especially in patients with the most severe genotypes, such as those carrying only one SMN2 copy, and is rarely reported in resource-limited settings. We describe a 23-year-old man from northeastern Brazil with SMA type 1 who has been fully ventilator-dependent since infancy. Early symptoms included hypotonia, weak cry, and paradoxical breathing, with acute respiratory failure at three months requiring tracheostomy and permanent invasive ventilation. Initial multiplex ligation-dependent probe amplification (MLPA) detected only a monoallelic SMN1 deletion, delaying genetic confirmation for over two decades. Whole-exome sequencing later revealed compound heterozygosity for a rare pathogenic SMN1 variant (c.770_780dup; p.Gly261Leufs*) and a deletion of the remaining allele, with only one SMN2 copy. Despite living in a resource-limited setting, the patient's home was adapted for long-term intensive care, with optimized ventilator settings, daily mechanically assisted cough, and trained caregivers. Over 23 years, he experienced only five respiratory infections, none requiring prolonged hospitalization. Neuroimaging in adulthood demonstrated bilateral global cortical atrophy and diffuse calvarial hyperostosis. Since starting nusinersen therapy, his clinical condition has remained stable without respiratory decline. This case demonstrates that, with individualized and sustained multidisciplinary care, adults with SMA type 1 and the most severe genotype can achieve exceptional long-term survival and stability, even in resource-limited environments. This report underscores the importance of advanced genetic testing when initial results are inconclusive and shows that excellence in supportive care can improve outcomes in SMA. We also emphasize the need for psychological management and ethical considerations in the long-term care of individuals with SMA.",Nusinersen,Drug,PREVENTS,respiratory decline,Phenotype,,0.9,LLM_deepseek-ai/DeepSeek-V4-Flash,pending_review,,
SMA-RE-0038,41684306,Organ-specific redox imbalances in spinal muscular atrophy mice are partially rescued by SMN antisense oligonucleotides.,"Spinal muscular atrophy (SMA) is caused by a deficiency in survival motor neuron (SMN) protein; redox imbalance and oxidative stress are also implicated. Protein S-glutathionylation (PSSG) is a reversible redox modification that protects cysteines from irreversible oxidation and regulates protein function. Here, we report stage- and tissue-dependent defects in PSSG levels, accompanied by tissue-specific alterations in the expression of glutathione-related enzymes in Taiwanese SMA mice at early and late symptomatic stages. Importantly, we also provide evidence linking glutathione homeostasis defects with ferroptosis. Finally, partial restoration of SMN by antisense oligonucleotides selectively modulates these abnormalities in a tissue-dependent manner. Our findings suggest S-glutathionylation dysregulation as a novel SMA hallmark and highlight persistent redox imbalance as a therapeutic target beyond SMN restoration. Impact statement This study provides a multi-organ analysis of redox imbalance in spinal muscular atrophy, revealing systemic loss of protein S-glutathionylation in a stage- and tissue-dependent manner. By identifying the heart as particularly redox-vulnerable, this work refines understanding of oxidative stress beyond motor neurons and informs tissue-aware therapeutic evaluation.",antisense oligonucleotides,Drug,REGULATES,protein S-glutathionylation,Phenotype,,0.9,LLM_deepseek-ai/DeepSeek-V4-Flash,pending_review,,
SMA-RE-0039,20301526,Spinal Muscular Atrophy.,"CLINICAL CHARACTERISTICS: Spinal muscular atrophy (SMA) is characterized by muscle weakness and atrophy resulting from progressive degeneration and irreversible loss of the anterior horn cells in the spinal cord (i.e., lower motor neurons) and the brain stem nuclei. The onset of weakness ranges from before birth to adulthood. The weakness is symmetric, proximal greater than distal, and progressive. Before the genetic basis of SMA was understood, it was classified into clinical subtypes based on maximum motor function achieved; however, it is now apparent that the phenotype of SMN1-associated SMA spans a continuum without clear delineation of subtypes. With supportive care only, poor weight gain with growth failure, restrictive lung disease, scoliosis, and joint contractures are common complications; however, newly available targeted treatment options are changing the natural history of the disease. DIAGNOSIS/TESTING: The diagnosis of SMA is established in a proband with a history of motor difficulties or regression, proximal muscle weakness, reduced/absent deep tendon reflexes, evidence of motor unit disease, and/or biallelic pathogenic variants in SMN1 identified by molecular genetic testing. Increases in SMN2 copy number often modify the phenotype. MANAGEMENT: Targeted therapies: Therapies targeted to the underlying disease mechanism include risdiplam (Evrysdi((R)); SMN2-directed RNA splicing modifier), nusinersen (Spinraza((R)); antisense oligonucleotide), and onasemnogene abeparvovec-xioi (Zolgensma((R)); gene replacement therapy) for the treatment of all types of SMA. Onasemnogene abeparvovec-brve (Itvisma((R)); gene replacement therapy) can also be given as a one-time intrathecal treatment for affected individuals ages 2 years and older. Treatment with an SMA-specific disease-modifying treatment is most efficacious when initiated presymptomatically. The FDA has issued a black box warning about Zolgensma((R)), noting the possibility of serious liver injury and acute liver failure. The FDA has also issued a black box warning about Itvisma((R)), noting the possibility of serious liver injury and elevated aminotransferases. Close monitoring of liver function prior to and in the months following infusion with either Zolgensma((R)) or Itvisma((R)) is indicated. These targeted treatments may prevent the development or slow the progression of some features of SMA but cannot restore motor neurons that have degenerated or been lost already. New phenotypes in treated individuals are arising, and long-term effects of these treatments are unknown. Supportive care: Proactive supportive treatment by a multidisciplinary team is essential to reduce symptom severity, particularly in the most severe cases of SMA and/or in untreated individuals. When nutrition or dysphagia is a concern, placement of a gastrostomy tube early in the course of the disease is appropriate. Standard therapy for gastroesophageal reflux disease and chronic constipation is recommended. Formal consultation and frequent follow up with a pulmonologist familiar with SMA is necessary. As respiratory function deteriorates, tracheotomy or noninvasive respiratory support may be offered. Surgical repair for scoliosis should be considered based on progression of the curvature, pulmonary function, and bone maturity. Surgical intervention for hip dislocation for those with pain may be indicated. Surveillance: Individuals with SMA require monitoring for the development of symptoms to determine appropriate timing to initiate supportive therapies. Surveillance recommendations for potential side effects and new phenotypes associated with the targeted treatments are emerging. Multidisciplinary evaluation every six months or more frequently for weaker children is indicated to assess nutritional state, respiratory function, motor function, and orthopedic status, and to determine appropriate interventions. Agents/circumstances to avoid: Prolonged fasting, particularly in the acutely ill infant with SMA. Evaluation of relatives at risk: It is appropriate to determine the genetic status of younger, apparently asymptomatic sibs of an affected individual in order to identify as early as possible those who would benefit from prompt initiation of disease-modifying treatments. Pregnancy management: Women with SMA may have an increased rate of preterm birth and need for cesarean section compared to unaffected women. Women with SMA may also experience a persistent worsening of their general muscle weakness after delivery, particularly if disease-modifying therapies are discontinued due to pregnancy status. Due to the risk of respiratory failure, it is recommended that women with neuromuscular disorders, including those with SMA, obtain baseline pulmonary function prior to becoming pregnant, with frequent monitoring during pregnancy. There is limited to no data on the effects of disease-modifying treatments on the developing human fetus. However, based on animal models, risdiplam use should be avoided in pregnant women. GENETIC COUNSELING: SMA is inherited in an autosomal recessive manner. Each pregnancy of a couple who have had a child with SMA has an approximately 25% chance of producing an affected child, an approximately 50% chance of producing an asymptomatic carrier, and an approximately 25% chance of producing an unaffected child who is not a carrier. These recurrence risks deviate slightly from the norm for autosomal recessive inheritance because about 2% of affected individuals have a de novo SMN1 pathogenic variant on one allele; in these instances, only one parent is a carrier of an SMN1 variant, and thus the sibs are not at increased risk for SMA. Ideally preconception (but also prenatal) carrier testing for all individuals in the general population and prenatal testing for pregnancies at increased risk are possible if the diagnosis of SMA has either been confirmed by molecular genetic testing in an affected family member and/or if both parents are found to be carriers of SMA on carrier screening testing.",nusinersen,Drug,TARGETS,SMN2,Gene,,0.9,LLM_deepseek-ai/DeepSeek-V4-Flash,pending_review,,
SMA-RE-0040,41671781,Longitudinal assessment of respiratory status utilising the amended Great Ormond Street Respiratory Score in treated spinal muscular atrophy type 1 children.,"Spinal muscular atrophy type 1 phenotypes have changed since the introduction of disease modifying therapies. The Great Ormond Respiratory Score has been used to assess respiratory function in children with spinal muscular atrophy. This paper presents an updated version of the score and aims to describe preliminary data reviewing the two-year changes of respiratory status in a cohort of spinal muscular atrophy type 1 patients treated with monotherapy or sequential disease modifying treatments. Patients were assessed using the amended Great Ormond Respiratory score at baseline, 6 months, 12 months and 24 months. 59 patients were reviewed. In total, 32 first initiated nusinersen therapy, 16 first initiated onasemnogene abeparvovec and 11 first initiated risdiplam therapy. There was a significant difference in baseline Great Ormond Respiratory Score between the nusinersen group and the onasemnogene abeparvovec group (p = 0.002). Risdiplam data is limited and is identified as preliminary. The data identifies treatment prior to 6 weeks of age stabilise at a lower score, with this being impacted by age of treatment. Those treated after one year show worse scores but stabilise. Despite the switching between disease modifying treatments, the Great Ormond Respiratory Score is a useful and easy-to-use clinical outcome measure which can demonstrate change in respiratory status over longitudinal review.",onasemnogene abeparvovec,Drug,TREATS,spinal muscular atrophy type 1,Phenotype,,0.9,LLM_deepseek-ai/DeepSeek-V4-Flash,pending_review,,
SMA-RE-0041,26865511,Results from a phase 1 study of nusinersen (ISIS-SMN(Rx)) in children with spinal muscular atrophy.,"OBJECTIVE: To examine safety, tolerability, pharmacokinetics, and preliminary clinical efficacy of intrathecal nusinersen (previously ISIS-SMNRx), an antisense oligonucleotide designed to alter splicing of SMN2 mRNA, in patients with childhood spinal muscular atrophy (SMA). METHODS: Nusinersen was delivered by intrathecal injection to medically stable patients with type 2 and type 3 SMA aged 2-14 years in an open-label phase 1 study and its long-term extension. Four ascending single-dose levels (1, 3, 6, and 9 mg) were examined in cohorts of 6-10 participants. Participants were monitored for safety and tolerability, and CSF and plasma pharmacokinetics were measured. Exploratory efficacy endpoints included the Hammersmith Functional Motor Scale Expanded (HFMSE) and Pediatric Quality of Life Inventory. RESULTS: A total of 28 participants enrolled in the study (n = 6 in first 3 dose cohorts; n = 10 in the 9-mg cohort). Intrathecal nusinersen was well-tolerated with no safety/tolerability concerns identified. Plasma and CSF drug levels were dose-dependent, consistent with preclinical data. Extended pharmacokinetics indicated a prolonged CSF drug half-life of 4-6 months after initial clearance. A significant increase in HFMSE scores was observed at the 9-mg dose at 3 months postdose (3.1 points; p = 0.016), which was further increased 9-14 months postdose (5.8 points; p = 0.008) during the extension study. CONCLUSIONS: Results from this study support continued development of nusinersen for treatment of SMA. CLASSIFICATION OF EVIDENCE: This study provides Class IV evidence that in children with SMA, intrathecal nusinersen is not associated with safety or tolerability concerns.",Nusinersen,Drug,TREATS,SMA,Disease,,0.75,Regex_Fallback,pending_review,,
SMA-RE-0042,41720432,Skeletal muscle in spinal muscular atrophy: Critical insights from pathogenesis to therapeutic strategies.,"Spinal muscular atrophy (SMA) is a genetic neuromuscular disorder caused by loss of the survival motor neuron (SMN) protein. While SMA was originally viewed as a pure motor neuron disease, it is currently considered a multi-system disorder in which skeletal muscle plays a pathogenic role. Muscular defects, such as impaired myogenesis and mitochondrial dysfunction, contribute to pathogenesis partly independently of denervation. Accumulating evidence suggests that the SMN deficit impairs muscle development from the earliest stages of fetal life, with delayed myotube maturation and modification of the expression of myogenic regulatory factors. This leads to pathology characterized by selective fiber atrophy, metabolic disturbances, and severe involvement of axial and intercostal musculature with relative sparing of the diaphragm. Furthermore, despite the revolutionary therapeutic effects of nusinersen, risdiplam, and onasemnogene abeparvovec, skeletal muscle abnormalities remain frequent, particularly in symptomatic patients, highlighting the need for muscle-directed therapies. Of the current candidate approaches, myostatin inhibition, targeting a negative regulator of muscle mass, is the most clinically advanced, while other strategies such as mitochondrial protection remain at earlier developmental stages. Work with neuromuscular models and stem cell-derived organoids continues to shed light on the SMN-mediated interactions between muscle and nerve. Collectively, these findings indicate that skeletal muscle is both a key driver of SMA pathology and an essential target for novel therapies.",SMN protein,Protein,WORSENS,muscle development,Phenotype,,0.9,LLM_deepseek-ai/DeepSeek-V4-Flash,pending_review,,
SMA-RE-0043,42097918,Management of spinal muscular atrophy: nursing clinical commentary and best practices update.,"BACKGROUND: Spinal muscular atrophy (SMA) is a rare neuromuscular disorder that has seen a paradigm shift in its management due to early diagnostic strategies, disease-modifying therapies, and integrated care models. Despite these advances, the nursing role - essential across the care continuum - remains underrepresented in clinical protocols and guidelines. MAIN BODY: This Clinical commentary, authored by Italian nurses with direct expertise in SMA care, outlines the key responsibilities, practices, and procedural frameworks that define specialized nursing contributions. Nurses are involved from the earliest phases of care, including neonatal screening and diagnostic communication, and extend their role into the long-term home-based management of children with SMA. Responsibilities include administering and monitoring advanced therapies (onasemnogene abeparvovec, nusinersen, risdiplam), delivering therapeutic education, managing care transitions, and maintaining consistent family engagement. Emphasis is placed on nurses as coordinators of care, clinical educators, and relational anchors. Structured follow-up flowcharts for each therapy illustrate the clinical and educational dimensions of nursing practice. The paper highlights the need for specialized training and standardized roles - such as nurse case managers - as well as for health systems to track nursing-sensitive outcomes. CONCLUSION: The integration of specialized nursing into SMA care is not only ethically and clinically warranted-it is essential to achieving sustainable, equitable, and high-quality outcomes for patients and families. This paper calls for the formal recognition of nursing as a core component of multidisciplinary SMA care teams.",risdiplam,Drug,ADMINISTERED_BY,nurses,Phenotype,,0.9,LLM_deepseek-ai/DeepSeek-V4-Flash,pending_review,,
SMA-RE-0044,41684306,Organ-specific redox imbalances in spinal muscular atrophy mice are partially rescued by SMN antisense oligonucleotides.,"Spinal muscular atrophy (SMA) is caused by a deficiency in survival motor neuron (SMN) protein; redox imbalance and oxidative stress are also implicated. Protein S-glutathionylation (PSSG) is a reversible redox modification that protects cysteines from irreversible oxidation and regulates protein function. Here, we report stage- and tissue-dependent defects in PSSG levels, accompanied by tissue-specific alterations in the expression of glutathione-related enzymes in Taiwanese SMA mice at early and late symptomatic stages. Importantly, we also provide evidence linking glutathione homeostasis defects with ferroptosis. Finally, partial restoration of SMN by antisense oligonucleotides selectively modulates these abnormalities in a tissue-dependent manner. Our findings suggest S-glutathionylation dysregulation as a novel SMA hallmark and highlight persistent redox imbalance as a therapeutic target beyond SMN restoration. Impact statement This study provides a multi-organ analysis of redox imbalance in spinal muscular atrophy, revealing systemic loss of protein S-glutathionylation in a stage- and tissue-dependent manner. By identifying the heart as particularly redox-vulnerable, this work refines understanding of oxidative stress beyond motor neurons and informs tissue-aware therapeutic evaluation.",glutathione homeostasis defects,Phenotype,ASSOCIATED_WITH,ferroptosis,Phenotype,,0.9,LLM_deepseek-ai/DeepSeek-V4-Flash,pending_review,,
SMA-RE-0045,24844453,Novel point mutations in survival motor neuron 1 gene expand the spectrum of phenotypes observed in spinal muscular atrophy patients.,"The aim of our study was to identify point mutations in a group of 606 patients diagnosed for spinal muscular atrophy with excluded biallelic loss of the SMN1 gene. Point missense mutations or small deletions in the SMN1 gene were ultimately identified in 18 patients. Six patients were found to have small deletions, the c.429_435del mutation in 3 cases, the c.431delC mutation in 2 and c.722delC in one. Those mutations, not described previously, were characteristic of patients presenting a severe phenotype. The most frequent missense mutation - p.Thr274Ile, was identified in 9 patients presenting a rather mild phenotype. Three other missense mutations, i.e., p.Ser230Leu, p.Ala111Gly and p.Pro244Leu, were identified in a further 3 SMA3 patients. Mutation p.Pro244Leu, not described so far, was identified in a patient with a mild form of SMA and more distal distribution of muscle weakness. Our results suggest a specific point mutation spectrum in the Polish population. The existence of small deletions not identified thus far could suggest a possible founder effect. In patients with preserved one SMN1 allele without common exon 7 deletion, presenting a mild form of SMA, a special consideration should be given to the p.Thr274Ile mutation.",SMN,Gene,ASSOCIATED_WITH,SMA,Disease,,0.7,Regex_Fallback,pending_review,,
SMA-RE-0046,20301526,Spinal Muscular Atrophy.,"CLINICAL CHARACTERISTICS: Spinal muscular atrophy (SMA) is characterized by muscle weakness and atrophy resulting from progressive degeneration and irreversible loss of the anterior horn cells in the spinal cord (i.e., lower motor neurons) and the brain stem nuclei. The onset of weakness ranges from before birth to adulthood. The weakness is symmetric, proximal greater than distal, and progressive. Before the genetic basis of SMA was understood, it was classified into clinical subtypes based on maximum motor function achieved; however, it is now apparent that the phenotype of SMN1-associated SMA spans a continuum without clear delineation of subtypes. With supportive care only, poor weight gain with growth failure, restrictive lung disease, scoliosis, and joint contractures are common complications; however, newly available targeted treatment options are changing the natural history of the disease. DIAGNOSIS/TESTING: The diagnosis of SMA is established in a proband with a history of motor difficulties or regression, proximal muscle weakness, reduced/absent deep tendon reflexes, evidence of motor unit disease, and/or biallelic pathogenic variants in SMN1 identified by molecular genetic testing. Increases in SMN2 copy number often modify the phenotype. MANAGEMENT: Targeted therapies: Therapies targeted to the underlying disease mechanism include risdiplam (Evrysdi((R)); SMN2-directed RNA splicing modifier), nusinersen (Spinraza((R)); antisense oligonucleotide), and onasemnogene abeparvovec-xioi (Zolgensma((R)); gene replacement therapy) for the treatment of all types of SMA. Onasemnogene abeparvovec-brve (Itvisma((R)); gene replacement therapy) can also be given as a one-time intrathecal treatment for affected individuals ages 2 years and older. Treatment with an SMA-specific disease-modifying treatment is most efficacious when initiated presymptomatically. The FDA has issued a black box warning about Zolgensma((R)), noting the possibility of serious liver injury and acute liver failure. The FDA has also issued a black box warning about Itvisma((R)), noting the possibility of serious liver injury and elevated aminotransferases. Close monitoring of liver function prior to and in the months following infusion with either Zolgensma((R)) or Itvisma((R)) is indicated. These targeted treatments may prevent the development or slow the progression of some features of SMA but cannot restore motor neurons that have degenerated or been lost already. New phenotypes in treated individuals are arising, and long-term effects of these treatments are unknown. Supportive care: Proactive supportive treatment by a multidisciplinary team is essential to reduce symptom severity, particularly in the most severe cases of SMA and/or in untreated individuals. When nutrition or dysphagia is a concern, placement of a gastrostomy tube early in the course of the disease is appropriate. Standard therapy for gastroesophageal reflux disease and chronic constipation is recommended. Formal consultation and frequent follow up with a pulmonologist familiar with SMA is necessary. As respiratory function deteriorates, tracheotomy or noninvasive respiratory support may be offered. Surgical repair for scoliosis should be considered based on progression of the curvature, pulmonary function, and bone maturity. Surgical intervention for hip dislocation for those with pain may be indicated. Surveillance: Individuals with SMA require monitoring for the development of symptoms to determine appropriate timing to initiate supportive therapies. Surveillance recommendations for potential side effects and new phenotypes associated with the targeted treatments are emerging. Multidisciplinary evaluation every six months or more frequently for weaker children is indicated to assess nutritional state, respiratory function, motor function, and orthopedic status, and to determine appropriate interventions. Agents/circumstances to avoid: Prolonged fasting, particularly in the acutely ill infant with SMA. Evaluation of relatives at risk: It is appropriate to determine the genetic status of younger, apparently asymptomatic sibs of an affected individual in order to identify as early as possible those who would benefit from prompt initiation of disease-modifying treatments. Pregnancy management: Women with SMA may have an increased rate of preterm birth and need for cesarean section compared to unaffected women. Women with SMA may also experience a persistent worsening of their general muscle weakness after delivery, particularly if disease-modifying therapies are discontinued due to pregnancy status. Due to the risk of respiratory failure, it is recommended that women with neuromuscular disorders, including those with SMA, obtain baseline pulmonary function prior to becoming pregnant, with frequent monitoring during pregnancy. There is limited to no data on the effects of disease-modifying treatments on the developing human fetus. However, based on animal models, risdiplam use should be avoided in pregnant women. GENETIC COUNSELING: SMA is inherited in an autosomal recessive manner. Each pregnancy of a couple who have had a child with SMA has an approximately 25% chance of producing an affected child, an approximately 50% chance of producing an asymptomatic carrier, and an approximately 25% chance of producing an unaffected child who is not a carrier. These recurrence risks deviate slightly from the norm for autosomal recessive inheritance because about 2% of affected individuals have a de novo SMN1 pathogenic variant on one allele; in these instances, only one parent is a carrier of an SMN1 variant, and thus the sibs are not at increased risk for SMA. Ideally preconception (but also prenatal) carrier testing for all individuals in the general population and prenatal testing for pregnancies at increased risk are possible if the diagnosis of SMA has either been confirmed by molecular genetic testing in an affected family member and/or if both parents are found to be carriers of SMA on carrier screening testing.",Itvisma,Drug,CAUSES,serious liver injury,Phenotype,,0.9,LLM_deepseek-ai/DeepSeek-V4-Flash,pending_review,,
SMA-RE-0047,41872133,The amino acid transporter LAT1 coordinates proper motor function at the perinatal stage.,"L-type amino acid transporter 1 (LAT1, encoded by Slc7a5) contributes to amino acid homeostasis and signaling in numerous cell types. Several lines of evidence implicate LAT1 in mammalian central nervous system development, but its functional significance in specific neuronal subtypes is largely unknown. Here, we demonstrate that LAT1/Slc7a5 expression in synapsin 1 (Syn1)-expressing neurons is essential for motor circuit development and motor coordination at the perinatal stage. Mice lacking Slc7a5 in Syn1-expressing neurons exhibited progressive motor coordination deficits and early postnatal lethality. These deficits were associated with selective degeneration of lower spinal motor neurons, reactive gliosis, skeletal muscle atrophy, and maldevelopment of neuromuscular junctions (NMJs), but no abnormalities in gross brain structure or neuronal viability. Pharmacological inhibition of apoptosis prolonged the survival of Slc7a5-deficient mice and reduced both lower motor neuron loss and NMJ maldevelopment. Furthermore, multi-cohort transcriptome analyses revealed inactivation of amino acid transport activity along with the downregulation of Slc7a5 expression in motor neurons of spinal muscular atrophy model mice. These results suggest that the amino acid transport system is essential for the survival and function of lower spinal motor neurons during early postnatal development, and identifies LAT1 as a potential therapeutic target for early-onset motor neuron diseases.",Slc7a5,Gene,DECREASES,spinal muscular atrophy,Phenotype,,0.9,LLM_deepseek-ai/DeepSeek-V4-Flash,pending_review,,
SMA-RE-0048,41817636,RNA biomarkers in spinal muscular atrophy: enhancing pathogenesis understanding and guiding precision medicine.,"Spinal muscular atrophy (SMA) is a neurodegenerative disorder resulting from mutations in SMN1 that manifest as progressive muscle weakness and atrophy. Despite transformative therapies, such as nusinersen, risdiplam, and onasemnogene abeparvovec, heterogeneous patient responses underscore the need for reliable biomarkers to optimize treatment strategies. RNA biomarkers are particularly promising targets for monitoring SMA because the disease pathology is directly caused by impaired SMN protein, which is involved in RNA processing. Evidence suggests that SMN transcripts and specific microRNAs (i.e., miR-9, miR-206, and miR-132) are of significant diagnostic and prognostic value. In addition, specific microRNAs exhibit detectable changes in accessible biofluids at pre-symptomatic stages, enabling early non-invasive monitoring. Integration of global microRNA profiling (miRNome analysis) with clinical parameters has yielded SMA scores with high predictive value. Advancing RNA biomarker implementation requires several challenges to be addressed, including protocol standardization, validation in expanded patient cohorts, longitudinal evaluation, and seamless integration with clinical assessments. Emerging methodologies analyzing extracellular vesicle content and single-cell sequencing offer promising avenues for enhancing diagnostic precision. Multiparametric integration of RNA biomarkers may establish the foundation of precision medicine in SMA, potentially enabling individualized therapeutic selection based on molecular signatures to improve long-term patient outcomes.",miR-132,Gene,DIAGNOSES,SMA,Phenotype,,0.9,LLM_deepseek-ai/DeepSeek-V4-Flash,pending_review,,
SMA-RE-0049,42149739,Nusinersen: the antisense oligonucleotide at the forefront of spinal muscular atrophy treatment.,"Spinal muscular atrophy (SMA) is the first human disease to be treated with an antisense oligonucleotide (ASO) that restores the full coding sequence of a mRNA through splicing modulation. The therapeutic ASO nusinersen (marketed as Spinraza(TM)) targets intronic splicing silencer N1 (ISS-N1) located downstream of the predominantly skipped exon 7 of Survival Motor Neuron 2 (SMN2) gene. The full-length transcript of SMN2 codes for SMN, an essential housekeeping protein with a prominent role in RNA metabolism. The success of nusinersen could be attributed at least in part to the accessibility of ISS-N1 that was found to have a strong inhibitory effect on splicing of SMN2 exon 7. Nusinersen has saved thousands of lives affected by SMA. However, limitations of an ASO-based therapy continue to emerge. Here we describe lessons learned from ASO-mediated splicing corrections in general and nusinersen in particular. Specific focus of this review is to discuss how information gleaned from the off-target effects of nusinersen could be utilized to develop next generation of ASO-based therapies with improved efficacies.",SMN2,Gene,ENCODES,SMN,Protein,,0.9,LLM_deepseek-ai/DeepSeek-V4-Flash,pending_review,,
SMA-RE-0050,41645345,Examination of the Peripheral Nervous System in Children With Spinal Muscular Atrophy: A High-Resolution Ultrasonographic Study.,"OBJECTIVES: Recent studies have shown that high-resolution ultrasound (HRUS) devices allow us to accurately measure peripheral nerves in newborns. In consideration of these developments, this study aimed to analyze the structure and cross-sectional area (CSA) of the median nerve in children with SMA and evaluate the usefulness and reproducibility of HRUS imaging for the monitoring of peripheral nerves in these children. METHODS: A total of 12 participants aged 1-15 years with SMA were included in this repeated cross-sectional study. In addition, 97 normally developing children aged 2 days to 17 years were included as controls. Using HRUS devices, the structure and CSA of the median nerve were determined at three sites (wrist, forearm, and above the elbow). The measured CSA and nerve structure were compared between the groups. RESULTS: The CSA of the median nerve was smaller in the children with SMA than in the controls. Compared to the controls, SMA children had a mean CSA ranging from 0.70 to 1.02 mm(2) smaller while adjusting for age. Similar to normally developing children, the increase in CSA with age in children with SMA can be described using a logarithmic curve. Furthermore, ultrasonographic examination indicated a loss of the fascicular structure of the nerves, which, together with muscle atrophy, led to an altered sonographic appearance and more difficult visualization. CONCLUSION: HRUS is a useful method for monitoring nerve growth in children with SMA.",SMA,Phenotype,HAS_PHENOTYPE,loss of fascicular structure,Phenotype,,0.9,LLM_deepseek-ai/DeepSeek-V4-Flash,pending_review,,
