Entity,Type,PageRank,Community_ID
Spinal Muscular Atrophy,Disease,0.07502623142976089,9
motor function,Phenotype,0.007578075540288601,8
muscle weakness,Phenotype,0.0045780252749672784,0
SMA phenotype,Disease,0.0038534509769474583,16
motor neuron degeneration,Phenotype,0.003764843633024461,10
SMN,Protein,0.0035756376087007855,17
SMN protein,Protein,0.0033988101956542835,7
SMN1,Gene,0.002694145193144627,1
Nusinersen,Drug,0.0026326527735821195,13
survival,Phenotype,0.0025593560470782055,6
HFMSE score,Phenotype,0.0020485438249921435,19
SMA type 2,Phenotype,0.0018569550570352957,16
quality of life,Phenotype,0.0017901492950221554,15
disease progression,Phenotype,0.0016250196181457996,8
treatment,Drug,0.0015697177150609185,13
motor dysfunction,Phenotype,0.0014581185175889261,17
respiratory failure,Phenotype,0.0014411790873876883,15
RRTIs and/or ARF,Disease,0.0013224371051543148,8
SMN expression,Gene,0.0012686889126246313,1
SMN2 exon 7 inclusion,Phenotype,0.0012612204410991678,7
SMN1 deletion,Variant,0.0011127548016419467,1
disease severity,Phenotype,0.0010997107962941765,8
scoliosis,Phenotype,0.001097067242585115,8
motor scores,Phenotype,0.0010868212963475248,8
premature death,Phenotype,0.0010569947411541141,10
fatigability,Phenotype,0.0010405736458447556,15
MFM-32 total score,Phenotype,0.0010320441799213892,8
hospitalization rate,Phenotype,0.001026873825650592,15
SMA severity,Phenotype,0.0009896565448486913,1
Hirayama disease,Disease,0.0009420290281498288,10
motor function improvement,Phenotype,0.0009294870286938899,19
neuromuscular junction dysfunction,Phenotype,0.000885726395382032,6
neurodegeneration,Phenotype,0.0008814273684815159,17
walking support,Phenotype,0.0008588347169733893,16
SMARD1,Disease,0.000858023987287525,5
motor neuron survival,Phenotype,0.0008548696714376155,6
mortality,Phenotype,0.000852711733733403,15
hip pain,Phenotype,0.0008509902321302285,16
neuroinflammation,Phenotype,0.000840812204309341,8
death,Phenotype,0.0008340658191346296,18
dislocated hips,Phenotype,0.0008181029340074822,16
exon 7 inclusion,Phenotype,0.0008098563252099505,1
severe phenotype,Phenotype,0.0007945971174760477,1
fatigue,Phenotype,0.0007867524847808614,15
SMN2 copy number,Variant,0.0007861945073894229,16
Apnea hypopnea index,Phenotype,0.0007623238660529263,16
treatment efficacy,Phenotype,0.0007583977917440782,8
noninvasive ventilation,Phenotype,0.0007536183614834113,15
lifespan,Phenotype,0.0007324952755827245,6
spinal muscular atrophy with progressive myoclonic epilepsy,Disease,0.0007081240792389253,0
FVC,Phenotype,0.0007057501226250601,16
musculoskeletal deformities,Phenotype,0.0006977056651702021,19
low bone mineral density,Phenotype,0.0006815315805496521,19
FEV1,Phenotype,0.000675146326133884,16
progressive deterioration of respiratory function,Phenotype,0.0006671803621664998,16
hip displacement,Phenotype,0.000663170310737124,16
life expectancy,Phenotype,0.0006582551810130623,16
therapeutic response,Phenotype,0.0006500119957391407,19
upper limb function,Phenotype,0.0006497452116879538,16
atrophy,Phenotype,0.0006492691229966806,10
full-length SMN2 mRNA,Gene,0.0006488081495616417,7
function,Phenotype,0.0006298687061310605,15
c.751C>T,Variant,0.0006290225305873539,0
weakness,Phenotype,0.0006155215544993617,5
cognitive difficulties,Phenotype,0.0006094563684706361,5
response to nusinersen,Phenotype,0.00059989601073161,12
motor neuron vulnerability,Phenotype,0.0005863707493387824,17
bulbar function,Phenotype,0.0005857308521936881,8
BMI/age z-score,Phenotype,0.0005843510682209984,8
functional decline,Phenotype,0.0005749114389865566,19
amyotrophic lateral sclerosis,Disease,0.0005646427567801715,25
scoliosis progression,Phenotype,0.00055998793800139,8
paralysis,Phenotype,0.0005535238289590612,5
communication,Phenotype,0.0005515346270219499,16
muscle strength,Phenotype,0.0005489088609209312,8
serum creatinine,Phenotype,0.0005465536207681773,8
executive function,Phenotype,0.0005462602750723255,8
progressive myoclonic epilepsy,Phenotype,0.0005450810352099178,0
SMN deficiency,Phenotype,0.0005416872625736354,52
age at diagnosis,Phenotype,0.0005408243752959879,16
disease activity,Phenotype,0.0005405405521951301,8
motor neurons,Phenotype,0.0005315784309401483,25
poor sleep quality,Phenotype,0.0005313456658762128,16
pulmonary function,Phenotype,0.000529348730869602,8
apoptosis,Phenotype,0.0005285096108897449,24
swallowing function,Phenotype,0.0005266239837143102,8
reduced activity,Phenotype,0.0005089793828791759,0
neuronal survival,Phenotype,0.0005028127320611246,3
5q-SMA,Disease,0.0005018418516297941,0
MFM-32,Phenotype,0.0005008569337924103,13
treatment response,Phenotype,0.0005002491233980289,8
Hammersmith Functional Motor Scale Expanded,Phenotype,0.0004994385642734933,8
hypotonia,Phenotype,0.000491242216595871,2
cognitive test performance,Phenotype,0.0004876043142142974,8
motor milestones,Phenotype,0.0004836930652788224,0
respiratory function,Phenotype,0.00048162427711056973,24
ketosis-prone diabetes,Phenotype,0.0004707734470078388,9
nephrolithiasis,Phenotype,0.0004688587874947872,13
oxidative stress,Phenotype,0.00046527205219221135,7
CHOP-INTEND score,Phenotype,0.0004636322900248412,8
lipid metabolism,Phenotype,0.0004629027337782675,12
MUNE,Phenotype,0.0004614422319705007,8
procedural sedation,Phenotype,0.00045921565308581586,13
differential methylation,Phenotype,0.0004567039625207698,23
clinical outcomes,Phenotype,0.00045556684728496405,13
ketoacidosis,Phenotype,0.00044436267441441354,3
expression of functional proteins,Phenotype,0.0004399599549250084,1
CMAP(max),Phenotype,0.0004396773911415102,8
motor performance,Phenotype,0.0004371318030758623,2
G1-phase arrest,Phenotype,0.00043288936826513003,18
motor outcomes,Phenotype,0.0004318925230284962,15
muscle function,Phenotype,0.00043048532750950474,8
respiratory complications,Phenotype,0.00042992966514391413,15
SMA carrier,Phenotype,0.00042884165328504234,1
AAV9-IGHMBP2 (CBA-promoter),Drug,0.0004203544977894525,20
convex RVA,Phenotype,0.0004203544977894525,133
motor function measure domain D1,Phenotype,0.0004203544977894525,178
cold paresis,Phenotype,0.00042011590583598276,5
depression,Phenotype,0.000416977543512241,15
mitochondrial biogenesis,Phenotype,0.000410342962969289,10
autophagy,Phenotype,0.00040872804841839827,3
progressive paralysis,Phenotype,0.0004087128891082886,10
ALS,Disease,0.00040694527220339847,25
atrophy of limb and trunk muscles,Phenotype,0.000406453496100087,10
Fas-induced death of SMA motoneurons,Phenotype,0.00040623450423337635,24
reduction in motor response amplitude,Phenotype,0.000405795038559196,10
anxiety,Phenotype,0.0004037447726047235,15
scoliosis angle,Phenotype,0.0004025990869143542,19
gene therapy,Drug,0.0004020883724201432,13
oral language disorders,Phenotype,0.0004008039271950455,1
Duchenne muscular dystrophy,Disease,0.0003993428052816717,51
selectively resistant motor neurons,Phenotype,0.0003935980743573271,17
neurite outgrowth defects,Phenotype,0.00039240500967271035,7
neurodegenerative diseases,Disease,0.000390293502055663,13
disease phenotype,Phenotype,0.00038942445598457055,13
neuronal death,Phenotype,0.00038941905043323214,10
hnRNP R,Protein,0.0003885121351058374,7
prognosis,Phenotype,0.000387352376989078,15
trunk asymmetry,Phenotype,0.00038688295883593254,6
spinal muscular atrophy Jokela,Disease,0.0003862267334806873,19
SMA pathogenesis,Disease,0.0003840272772238584,10
fasciculations,Phenotype,0.00038105061531902215,25
respiratory impairment,Phenotype,0.0003809961348013885,0
liver injury,Phenotype,0.0003800934799324399,13
Risdiplam,Drug,0.00037972844914815315,13
cerebellar pathology,Phenotype,0.00037850030643773254,17
arthrogryposis,Phenotype,0.00037846890084441856,0
pyramidal signs,Phenotype,0.00037810738023931684,0
SMA-PME,Disease,0.0003752107008988038,0
gastrostomy,Phenotype,0.0003743273568464583,16
tracheostomy,Drug,0.0003732953936927327,1
splicing defect of exon 7,Variant,0.00037287059104642076,1
full-length SMN protein,Protein,0.0003719179947191646,1
respiratory dysfunction,Phenotype,0.00036631487447281655,19
tube feeding,Phenotype,0.00036621236820736844,16
forced vital capacity,Phenotype,0.0003639530436378903,8
motor behavior,Phenotype,0.0003638006960641015,10
SMALED2,Disease,0.00036327651312589973,0
elbow flexion torque,Phenotype,0.0003621406720384697,6
Kennedy disease,Disease,0.0003604230395604332,25
SMA Functional Rating Scale,Phenotype,0.00035990958451909307,8
Revised Upper Limb Module,Phenotype,0.0003598789336256648,8
myopathy,Phenotype,0.00035957289028073114,0
age of onset,Phenotype,0.0003582404496234068,1
clinical improvement,Phenotype,0.0003566185222927232,13
gradual loss of signal transmission between motor neurons and skeletal muscle cells,Phenotype,0.0003557616833915717,10
neuromuscular function,Phenotype,0.0003527651002123684,6
dysphagia,Phenotype,0.00035218618424839496,16
motor phenotype,Phenotype,0.0003516394086298518,1
motor development,Phenotype,0.00034865012135282795,13
denervation-induced muscle atrophy,Phenotype,0.00034780706688292124,17
worse overall health,Phenotype,0.000345749609228491,15
damaged mitochondria,Phenotype,0.00034503768408950344,7
body weight,Phenotype,0.0003450334691349126,6
compound muscle action potential,Phenotype,0.0003418607293235573,8
respiratory distress,Phenotype,0.0003396477551303689,2
loss of ambulation,Phenotype,0.00033855068496167024,16
neurodevelopment,Phenotype,0.0003383663750457007,2
PUL score,Phenotype,0.0003380010801664371,77
SMA hallmarks,Phenotype,0.0003380010801664371,86
degeneration of SMN-deficient in vitro cultured primary cerebellum neurons,Phenotype,0.0003380010801664371,31
increased survival,Phenotype,0.0003374219644740294,16
sleep-disordered breathing,Phenotype,0.00033709767866477657,16
motor unit loss,Phenotype,0.00033499082285960816,8
chronic pain,Phenotype,0.0003322892214976155,2
Charcot-Marie-Tooth disease,Disease,0.00033194010649228864,0
scoliosis surgery,Phenotype,0.00033184257462411196,16
axonal neuropathy,Phenotype,0.0003316772979155843,5
higher ketone body levels,Phenotype,0.00033165427490005847,7
neuromuscular junction pathology,Phenotype,0.0003296515907409435,6
SMNDelta7,Variant,0.0003291887666186906,12
Cajal bodies,Phenotype,0.000327794618528994,17
satisfaction with participation,Phenotype,0.00032726379099289044,3
ACTIVLIM measures,Phenotype,0.0003254718695785642,19
cell cycle,Phenotype,0.0003248884781569538,12
seizures,Phenotype,0.00032440149977214753,0
HFMSE,Phenotype,0.0003238934363870618,8
Farber disease,Disease,0.0003232548727206178,0
D50,Phenotype,0.00032271156726225073,8
neurite outgrowth,Phenotype,0.00032231518641544254,17
gem formation,Phenotype,0.00032200265129122207,114
functional outcomes,Phenotype,0.00032034518338209644,15
muscle mass,Phenotype,0.00031801074101493656,8
axonal elongation,Phenotype,0.00031513364528491794,17
early-onset scoliosis,Phenotype,0.00031410968426331633,19
frequency of participation,Phenotype,0.00031313638166849845,3
actin cytoskeleton,Phenotype,0.00031274485282114964,17
spinal deformity,Phenotype,0.000310782576253778,8
neuronal degeneration,Phenotype,0.0003105210450959273,18
SMN levels,Phenotype,0.0003096210489278299,7
falls,Phenotype,0.00030946686768426834,15
difficulty in sitting,Phenotype,0.00030944215285995207,8
degeneration,Phenotype,0.0003093167865151371,25
exon 7 skipping,Phenotype,0.0003088560794647804,1
thrombotic microangiopathy,Phenotype,0.0003077646829360392,13
SMN-related SMA pathways,Phenotype,0.00030761828083946817,6
CHOP-INTEND,Phenotype,0.00030725893759557884,8
RULM,Phenotype,0.0003072453231859851,8
SMA carrier status,Phenotype,0.00030535680379211973,1
fast decline,Phenotype,0.0003051335904130941,9
clinical severity,Phenotype,0.000305029279288225,19
motor skills,Phenotype,0.0003042769947977295,8
impaired cortical neuronal migration,Phenotype,0.000304155269840963,0
motor-functional tests,Phenotype,0.00030399625466064615,9
paracetamol leftover clearance,Phenotype,0.00030399625466064615,9
presynaptic terminal dysfunction,Phenotype,0.00030333779711975533,9
bulbar dysfunction,Phenotype,0.00030281440068221114,13
lower motor neuron syndrome,Disease,0.00030133924848222505,25
cognitive outcome,Phenotype,0.00029989832177613183,0
KIF5A,Gene,0.00029630449652772795,5
25-OH D levels,Phenotype,0.00029507817317640485,8
myostatin,Protein,0.00029501066681206765,8
phenotype,Phenotype,0.0002947735462351908,5
6-minute walk test,Phenotype,0.000293931479955826,8
ability to sit without support,Phenotype,0.0002923489317132155,2
spinal and bulbar muscular atrophy,Disease,0.0002922577997644823,25
loss of the ability to move independently,Phenotype,0.0002921606049813131,10
reduced cell proliferation,Phenotype,0.0002917707316654356,18
motoneuron survival,Phenotype,0.0002911983961390703,5
SMA patients aged older than 8 months,Phenotype,0.00029093692809226964,13
consistent stander use,Phenotype,0.0002896662188369246,16
mild exception,Phenotype,0.0002895483405366318,1
Onasemnogene Abeparvovec,Drug,0.0002893109563618427,13
intracranial hypertension,Phenotype,0.00028445421825458396,0
motor unit numbers,Phenotype,0.0002837026270435012,8
cough impairment,Phenotype,0.000283361472747062,15
atrophic conditions,Phenotype,0.00028323642911039,10
skeletal muscle,Phenotype,0.00028178662022633136,52
slower deterioration,Phenotype,0.0002817271090962105,1
neurological phenotype,Phenotype,0.0002814478457519501,1
OPG expression,Phenotype,0.0002813841197354364,18
functional impairment,Phenotype,0.00028125390020114727,0
SMA progression,Phenotype,0.0002812393355491142,52
abnormal Golgi apparatus morphology,Phenotype,0.0002794543235244937,17
NF-kappaB,Protein,0.00027921546010232985,17
ability to walk,Phenotype,0.00027804485964617745,16
survival of the motor system,Phenotype,0.00027584695097496035,52
fractures,Phenotype,0.00027197550772504445,2
neuroprotection,Phenotype,0.0002706212373450997,1
cognitive deficits,Phenotype,0.00027017400731420364,13
loss of survival motor neuron protein,Phenotype,0.0002696656846456094,0
dyskerin,Protein,0.00026852546041267,17
p53 activation,Phenotype,0.0002676028525186235,10
need for nutritional or respiratory support,Phenotype,0.000267217381024839,16
spinal muscular atrophy with parkinsonism,Phenotype,0.00026618939434955275,0
HRQOL,Phenotype,0.00026559835406668567,13
FL-SMN,Protein,0.00026548290672926626,17
SBMA,Disease,0.0002653710412443609,2
diabetes,Phenotype,0.0002651136232402659,16
hypoglycaemia,Phenotype,0.00026451218642946285,9
in vitro efficacy,Phenotype,0.00026426543512902306,16
lipid metabolic disorders,Phenotype,0.0002639658089836961,9
neuropathic pain,Phenotype,0.00026343651249853816,0
Type 1B,Variant,0.00026330735144280526,9
cognitive function,Phenotype,0.00026230261738092715,7
respiratory insufficiency,Phenotype,0.00026217749168975905,0
axonal degeneration,Phenotype,0.000261937544846896,10
DRNT1,Gene,0.00026181969138539376,7
rearrangement in the peripheral nerve structure,Phenotype,0.0002614466085570483,9
cardiac function,Phenotype,0.00026063330555159414,5
neurotransmitter release,Phenotype,0.0002597464927832426,24
dynein motility,Phenotype,0.00025936276218159834,0
Phelan-McDermid syndrome,Disease,0.0002593108582288424,0
MN degeneration,Phenotype,0.00025862947925267657,10
mechanical hypersensitivity,Phenotype,0.0002577359808126855,8
ceramide accumulation in lysosomes,Phenotype,0.0002574993398934563,0
severe scoliosis,Phenotype,0.0002574586659197636,8
SOD1,Gene,0.000257006330151615,25
TBCE,Gene,0.000257006330151615,19
association between the ASC-1 complex and the RNAP II/U1 snRNP machinery,Phenotype,0.000257006330151615,26
hypersensitivity to DNA-damaging agents,Phenotype,0.000257006330151615,89
joint motion,Phenotype,0.000257006330151615,172
mitochondrial mislocalization,Phenotype,0.000257006330151615,174
necroptosis,Phenotype,0.000257006330151615,9
preimplantation genetic testing for spinal muscular atrophy,Phenotype,0.000257006330151615,98
significant changes,Phenotype,0.000257006330151615,27
mitochondrial membrane potential,Phenotype,0.0002563354585116987,12
compound heterozygous state,Variant,0.0002561364812191583,9
mitochondrial dysfunction,Phenotype,0.00025558064916377497,12
inflammation,Phenotype,0.0002552173372539025,18
actin cytoskeleton alterations,Phenotype,0.0002543205417248363,52
resistance to denervation,Phenotype,0.00025419085547045316,10
nutritional status,Phenotype,0.0002536046352313465,16
silent carrier,Phenotype,0.0002529873752682746,1
motor neuron function,Phenotype,0.0002527366426865226,13
pain,Phenotype,0.0002519090354723438,3
Spinal Muscular Dystrophy,Disease,0.0002515371224725179,1
home participation,Phenotype,0.00025105211775726806,150
swallowing difficulties,Phenotype,0.0002510046113063306,15
reduced maximal mouth opening,Phenotype,0.0002505607026647385,16
mitochondrial maximal oxygen consumption,Phenotype,0.00025036579522609516,12
range of motion,Phenotype,0.0002500155522712889,8
endocytosis,Phenotype,0.00024980845024646177,45
LRP4,Protein,0.0002498082164345184,23
peak ALT magnitude,Phenotype,0.0002492534450947874,6
SMA3,Phenotype,0.00024915871675065967,0
independent sitting,Phenotype,0.00024852824451584814,13
cardiac disease,Phenotype,0.0002483130543392579,25
cutaneous necrosis,Phenotype,0.00024720482341191607,13
restrictive lung disease,Phenotype,0.0002468556630850014,15
spinal asymmetry,Phenotype,0.0002467411424102196,46
actin rod assembly,Phenotype,0.0002465190462630647,17
sitting position,Phenotype,0.0002452646298012015,13
cell-cycle defect,Phenotype,0.00024501328477333743,39
deformity progression,Phenotype,0.00024501328477333743,137
motor neuron defects,Phenotype,0.00024283339797909849,16
ISS-N1,Variant,0.00024195788189025223,1
cardiovascular morbidity and mortality,Phenotype,0.00024190789761278063,16
liver defects,Phenotype,0.00024098956584908205,6
ventilation,Phenotype,0.00024059755246482354,8
spinal cord atrophy,Phenotype,0.00024002794266445734,10
motor neuron preservation,Phenotype,0.00023830486770637184,8
spinal cord,Phenotype,0.00023817217464999768,5
activities of daily living (ADLs),Phenotype,0.0002375454560201742,0
nocturnal hypoventilation,Phenotype,0.00023745675574167045,15
physical function,Phenotype,0.00023721277518588753,6
atrophy of neurons,Phenotype,0.000237088208399388,12
early onset distal weakness,Phenotype,0.0002369267148802262,0
mutations in the genes encoding aaRSs,Variant,0.0002369267148802262,0
neonatal respiratory distress,Phenotype,0.0002369267148802262,0
difficulty in standing and walking,Phenotype,0.00023657545278924036,0
denervation,Phenotype,0.00023482447713147372,6
insulin resistance,Phenotype,0.00023453636975156932,16
motor ability,Phenotype,0.00023443127095835596,13
depressive symptoms,Phenotype,0.00023442522071895913,16
constipation,Phenotype,0.00023441226284925747,13
motor circuit pathology,Phenotype,0.0002342553167051058,6
islands,Phenotype,0.00023411661815233992,0
need for noninvasive ventilation,Phenotype,0.00023411661815233992,0
collagen IV,Protein,0.00023401850411276378,0
non-invasive ventilation,Phenotype,0.00023336805754149912,16
pain in lower extremities,Phenotype,0.0002330464182883437,2
adult-onset dSMA with predominant calf muscle involvement,Phenotype,0.00023288720083388967,0
gastric glomus tumor,Disease,0.00023288720083388967,0
mildly elevated serum creatinine kinase (CK) levels,Phenotype,0.00023288720083388967,0
predominant atrophy and fatty replacement of calf muscles,Phenotype,0.00023288720083388967,0
RULM score,Phenotype,0.0002328723472684013,13
heart rate,Phenotype,0.00023271145045394018,15
strength,Phenotype,0.0002326536688657035,15
glial activation,Phenotype,0.00023174913445330153,24
synaptogenesis,Phenotype,0.00023125593691700598,23
AChR clustering defects,Phenotype,0.00023098956457683,3
denervation vulnerability,Phenotype,0.0002309634377433144,10
pneumonia,Phenotype,0.000230910579047138,18
social communication skills,Phenotype,0.00023079148418533383,17
Munc13-1,Protein,0.0002304305056747335,17
survival motor neuron (SMN) protein,Protein,0.00023020933120658778,1
neurite extension,Phenotype,0.00022969963865368702,24
delays in treatment,Phenotype,0.0002288744724852411,13
problems with breathing and swallowing,Phenotype,0.0002288476867875532,0
SMA treatment,Drug,0.00022827792242969256,13
gems localization,Phenotype,0.00022824910672787215,1
elevated creatine kinase,Phenotype,0.00022822668356783162,25
PLS3,Gene,0.00022815933409705262,16
organismal viability,Phenotype,0.00022799313088186306,17
Plasma pNF-H levels,Phenotype,0.00022758238310791783,8
endurance,Phenotype,0.00022628835729349652,15
severe neuromuscular disease,Phenotype,0.00022591494738280097,2
insufficient SMN protein,Phenotype,0.00022588275557529176,1
spinal muscular atrophy with congenital bone fractures 2,Disease,0.00022577304274883872,2
neonatal screening,Phenotype,0.00022569519458583213,13
tremor,Phenotype,0.00022556738614482578,0
congenital contractures,Phenotype,0.00022517517889159488,2
sniff nasal inspiratory pressure,Phenotype,0.0002251461527125043,16
restrictions in participation,Phenotype,0.00022459791769727217,8
postural deficits,Phenotype,0.0002243782795040504,9
sarcopenic obesity,Phenotype,0.0002243782795040504,9
PI3K-Akt signaling,Phenotype,0.0002240882671389562,18
phenotype heterogeneity,Phenotype,0.0002239959547529392,5
X-linked infantile spinal muscular atrophy,Disease,0.00022387976134798885,2
dyspnoea,Phenotype,0.0002237198219631595,3
hyperexcitability,Phenotype,0.0002237198219631595,10
pair-matching performance,Phenotype,0.0002237198219631595,9
neuromuscular dysfunction,Phenotype,0.00022348207593756944,52
neurodegenerative disorders,Phenotype,0.000223001504645824,9
absent deep tendon reflexes,Phenotype,0.0002210205333209246,2
spinal muscular atrophy-like phenotype disorder,Phenotype,0.0002208335563280613,0
snRNP biogenesis,Phenotype,0.0002207748120163869,17
muscle wasting,Phenotype,0.00022066087286844665,51
ALSFRS-R scores,Phenotype,0.00022032293061418536,19
axonal growth,Phenotype,0.00022012981971177503,6
muscle size,Phenotype,0.00021963590793960098,6
cognitive and adaptive impairments,Phenotype,0.0002193715720871952,13
milder phenotype,Phenotype,0.00021893258466816522,1
longer lifespan,Phenotype,0.00021809521449296863,16
pathogenic variants,Variant,0.00021790092173662486,0
SMA-associated phenotypes,Phenotype,0.00021743051361466326,45
Cobb angle,Phenotype,0.00021740641439385147,8
abilities to speak,Phenotype,0.00021713890059996298,9
respiratory tract infections,Phenotype,0.00021706348297940593,16
maximum transcutaneous carbon dioxide,Phenotype,0.00021681614130102366,15
BiPAP requirement,Phenotype,0.00021650895514420385,16
SMN production,Protein,0.00021632919507758882,7
life span,Phenotype,0.00021632082463661687,6
FAM107A,Gene,0.00021614548706220524,17
SMA therapy,Disease,0.00021614548706220524,9
false negative results,Phenotype,0.00021614548706220524,9
microbial invasion into the circulatory system,Phenotype,0.00021614548706220524,9
cognitive impairment,Phenotype,0.00021597928062439223,0
blood levels,Phenotype,0.00021571020054221026,7
diaphragm fatigue,Phenotype,0.0002155991096164385,81
sodium channel,Protein,0.0002155991096164385,9
RPE,Phenotype,0.00021500306149378385,9
selective MN loss,Phenotype,0.00021500306149378385,9
therapeutic decision making,Phenotype,0.00021500306149378385,9
symptom prevalence,Phenotype,0.00021375272739327901,3
selective apoptosis in spinal motor neurons,Phenotype,0.00021323944915179884,7
SMN protein stability,Phenotype,0.00021304287208143206,0
mTOR,Protein,0.00021294647467978332,17
mitochondria,Phenotype,0.00021264549303126078,17
DNA damage and stress response,Phenotype,0.00021152243332036566,52
DNA double-strand breaks,Phenotype,0.0002111884037448814,17
difficult intubation,Phenotype,0.0002111554283322081,16
gene expression,Phenotype,0.00021085876600210985,1
therapeutic efficacy,Phenotype,0.00021066557510961674,188
actin rods,Phenotype,0.0002102759780155006,9
pressure pain threshold,Phenotype,0.00021022156255009943,8
DRG findings,Phenotype,0.00021010517823744461,13
motor axon phenotypes,Phenotype,0.0002099280245242191,17
liver steatosis,Phenotype,0.00020949084295952442,10
axonal aberrations,Phenotype,0.00020884276718545337,0
U1 snRNP,Protein,0.0002087106875415326,18
contractures,Phenotype,0.00020860267775619403,2
healthcare costs,Phenotype,0.00020838731068353555,13
diaphragmatic weakness,Phenotype,0.00020835426995091026,5
muscular dystrophies,Phenotype,0.00020795424023767756,51
joint contractures,Phenotype,0.00020770627550504566,0
adverse events,Phenotype,0.00020674728566871282,8
spinal muscular atrophy with lower extremity predominance,Disease,0.00020670957914363858,0
elevated aminotransferases,Phenotype,0.0002066938288095683,13
arthrogryposis multiplex congenita,Phenotype,0.00020617392708702258,0
intraspinal changes,Phenotype,0.00020594018120925555,8
antisense therapy,Phenotype,0.00020589622696569028,1
neuromuscular transmission,Phenotype,0.0002054944162736928,52
cardiac tissue,Phenotype,0.00020546197221101362,6
autophagy deregulation,Phenotype,0.00020498251602992334,17
Motor Function Measure,Phenotype,0.00020467364893300707,8
impaired glucose tolerance,Phenotype,0.0002043064566132578,16
SMA type 0,Disease,0.00020426644555616316,2
muscle growth,Phenotype,0.00020422405823791704,8
disease burden,Phenotype,0.00020406023349699056,9
pelvic obliquity,Phenotype,0.00020378807724300336,8
coilin derivative,Protein,0.00020376557302561222,17
autophagic flux,Phenotype,0.00020314601299169533,12
late-onset spinal muscular atrophy,Disease,0.00020306531927193975,25
reduced m(6)A deposition on DNA repair gene mRNAs,Phenotype,0.00020305495885047554,7
multisystem inflammatory syndrome,Phenotype,0.0002030437475412372,159
cellular health,Phenotype,0.00020299837078264818,128
splicing of multiple exons of SMN1/SMN2,Phenotype,0.00020284490453333792,1
intrathecally,Drug,0.00020281082584194276,119
more severe disease presentation,Phenotype,0.00020276367949933452,7
therapeutic targets,Drug,0.0002024122126286033,5
mastication problems,Phenotype,0.0002021719359479396,16
JNK activation,Phenotype,0.00020216722005259296,45
therapeutic strategies,Drug,0.00020211118673828772,6
skeletal dysplasia,Phenotype,0.0002020465438368808,0
chest infections,Phenotype,0.00020169334553403684,16
SMA susceptibility,Phenotype,0.0002014635042726692,16
respiratory decline,Phenotype,0.00020101767325760692,16
clinical phenotype,Phenotype,0.00020087332590757159,16
grip strength,Phenotype,0.00020065727120780182,16
Na(v)1.7,Protein,0.00020065652138088756,17
faster 10MWRT,Phenotype,0.0002003308079525236,16
spinal cord regeneration,Phenotype,0.00020026513565577644,2
aspiration pneumonia,Phenotype,0.00020015476226237659,15
Klf15,Gene,0.00020005424434586932,6
NMJ denervation,Phenotype,0.00019958543347537182,52
JIP3 expression,Phenotype,0.00019932527489641735,67
kyphoscoliosis,Phenotype,0.00019917907041029805,16
proliferation differences,Phenotype,0.0001990960003068416,12
symptom onset,Phenotype,0.0001990891536492768,15
median survival 7.7 months,Phenotype,0.00019795559852066452,16
Gemin2,Protein,0.0001977788567033456,17
axon length,Phenotype,0.00019764974724842453,24
need for non-oral nutritional support before 1 year,Phenotype,0.0001974601265647036,16
lung function scores,Phenotype,0.000197254854195259,16
neurite length,Phenotype,0.00019708356665397062,5
neuroprotective properties,Phenotype,0.00019669544802932635,17
airway clearance,Phenotype,0.00019634113965547175,2
symptoms,Phenotype,0.00019607828304594915,15
p53,Protein,0.0001952094619441404,10
drug refractory epilepsy,Phenotype,0.00019498439574790527,0
loss of motor function,Phenotype,0.00019479862392722834,2
survival motor neuron 1 gene,Gene,0.0001947281526405768,0
body mass index,Phenotype,0.00019471575350146528,8
areflexia,Phenotype,0.00019462957817325323,2
Precocious pubarche,Phenotype,0.00019443032561914658,16
sialorrhea,Phenotype,0.00019399872109953468,9
scapular winging,Phenotype,0.00019312021654218392,0
decrease in acid ceramidase activity,Phenotype,0.00019266395544496656,0
microvesicular steatohepatitis,Phenotype,0.00019227898207862132,10
"DeltaV(RC,p)",Phenotype,0.00019216034088473543,16
obesity,Phenotype,0.00019206475358645423,16
motor axon length defect,Phenotype,0.00019205411319305347,23
outcomes,Phenotype,0.00019184733027531004,13
Alzheimer's disease,Disease,0.00019179057246286181,5
CMAP,Phenotype,0.00019109397532029852,8
ALS-causing mutations,Variant,0.00019098288732019485,17
fibrosis,Phenotype,0.00019080325093324735,0
growth defect,Phenotype,0.00019068615070319252,17
compound heterozygous mutations,Variant,0.00018991209357802636,0
developmental delay,Phenotype,0.00018951279176270702,0
consistent wearing-off effects,Phenotype,0.0001889674795539979,8
time of ventilation support being required,Phenotype,0.00018867174785634457,13
caregiver burden,Phenotype,0.00018858538211927655,19
loss of glutamatergic synapses,Phenotype,0.00018844019957761708,10
DNA damage,Phenotype,0.00018842510076507463,17
autonomic dysfunction,Phenotype,0.00018824109347205902,16
SMN stability,Phenotype,0.00018815366982921034,6
U12-dependent intron retention,Phenotype,0.00018802237480073424,9
SMN-HuR interaction,Phenotype,0.0001875350339420042,17
decrease in median frequency,Phenotype,0.00018753459240728214,81
decrease in root mean square amplitude,Phenotype,0.00018753459240728214,81
SMN mRNA,Gene,0.00018749395969427433,7
sensorineural hearing loss,Phenotype,0.0001872685670088429,0
nutritional function,Phenotype,0.00018726632058746134,16
DNA repair,Phenotype,0.00018723193563228698,0
MyHC-IIa,Protein,0.0001868186311584922,10
unilateral or asymmetric bilateral distal muscle weakness of the upper extremity,Phenotype,0.00018652730122601017,10
weakness and amyotrophy,Phenotype,0.00018652730122601017,10
neurological deficits,Phenotype,0.00018616687367092213,51
non-sitters,Phenotype,0.00018597201371183588,9
anterior displacement of the detached posterior dura,Phenotype,0.00018573451249119792,10
widened posterior epidural space,Phenotype,0.00018573451249119792,10
cell proliferation,Phenotype,0.00018563823253248135,18
intelligibility problems,Phenotype,0.00018555002679591709,8
jaw problems,Phenotype,0.00018555002679591709,8
synaptic loss,Phenotype,0.00018554213131984822,10
skeletal deformity,Phenotype,0.00018545788248623923,0
lower limb contractures,Phenotype,0.00018536907846629822,16
ventilator-dependent,Phenotype,0.00018536853527164867,1
loss of cervical lordosis,Phenotype,0.00018528149035701953,10
headache,Phenotype,0.00018527148324479393,13
degeneration of anterior horn cells,Phenotype,0.00018521360143090575,2
peak cough flow,Phenotype,0.00018506547286782868,8
HSJ1,Protein,0.00018504247210123222,10
transcriptome perturbations,Phenotype,0.0001849254729395513,5
motor symptoms,Phenotype,0.0001847597630888836,18
fetal akinesia deformation sequence,Phenotype,0.00018458039886753847,2
sitters,Phenotype,0.00018453537907716483,9
walkers,Phenotype,0.00018453537907716483,9
neonatal intrahepatic cholestasis,Phenotype,0.00018434310441439708,0
DcpS,Protein,0.00018423531069877697,7
neuropathy,Phenotype,0.0001841918008064919,5
volume of distribution,Phenotype,0.00018415845659949383,9
decreased SMN1 mRNA levels,Phenotype,0.0001841412489275058,1
NMJ defects,Phenotype,0.00018413532486613197,10
cortical and subcortical brain abnormalities,Phenotype,0.00018404826351118328,13
VTAp,Phenotype,0.00018389285584397464,8
mental QoL,Phenotype,0.0001838809044966393,9
overfeeding,Phenotype,0.0001838809044966393,9
underfeeding,Phenotype,0.0001838809044966393,9
retrograde transport,Phenotype,0.00018376118494375004,9
FMRP,Protein,0.00018344058116570225,17
locomotor dysfunction,Phenotype,0.00018339397513666264,17
liver impairment,Phenotype,0.00018339294482860126,13
spinal adhesive arachnoiditis,Phenotype,0.00018337369495093243,114
innate immune response,Phenotype,0.00018332872669600723,17
neurofilaments,Protein,0.00018332872669600723,17
splicing defects,Phenotype,0.00018316594606971622,52
alternative splicing defects,Phenotype,0.00018310973349129462,17
synaptic defects,Phenotype,0.00018293539716458088,52
poorer motor function,Phenotype,0.00018291916511315996,9
congenital spinal muscular atrophy and arthrogryposis (CSMAA),Disease,0.00018287818009579866,0
duplication,Variant,0.00018242335191230634,1
SMA pathophysiology,Phenotype,0.00018239133307697294,1
mouse model of slow progressive SMA,Phenotype,0.0001823513095328062,1
quiescent MuSC apoptosis,Phenotype,0.00018226560652812962,17
SMA-1,Disease,0.00018212187279386392,15
arousability,Phenotype,0.00018211347971872725,9
motoneuron homeostasis,Phenotype,0.00018207773586196248,9
neuromuscular defects,Phenotype,0.00018195006865038245,16
heart,Phenotype,0.0001819036350147034,6
diabetic ketoacidosis,Phenotype,0.0001818038738899034,3
CMT2A,Disease,0.0001816603355733462,8
childhood-onset disability,Phenotype,0.0001816136553843628,0
severe infantile-onset neuropathy,Phenotype,0.0001816136553843628,0
weight,Phenotype,0.00018152326300861587,6
decrease of FL transcript production,Phenotype,0.00018136614899906422,1
low levels of the survival motor neuron protein,Phenotype,0.00018136614899906422,1
neurite degeneration,Phenotype,0.00018131122672310483,7
clinical manifestations,Phenotype,0.00018129325264079073,1
functional improvements,Phenotype,0.000180555897977507,2
earlier onset,Phenotype,0.00018045900149997693,16
decrease of RNA expression,Phenotype,0.00018025402366888055,0
Gemin3,Gene,0.00018018104659466328,17
ventilatory support,Phenotype,0.00018017598472906218,13
ASC-1 depletion,Protein,0.00018014210757158784,18
disruption of myelin,Phenotype,0.0001800755050054016,0
hyperreflexia,Phenotype,0.00018002233218548615,5
feeding difficulties,Phenotype,0.00017994795250667994,0
SMALED,Phenotype,0.00017989555018218834,0
pinch strength,Phenotype,0.00017988385841650646,8
dismissal of lawsuits,Phenotype,0.00017982555560677426,13
activated microglia,Phenotype,0.0001796427762403377,23
length of stay,Phenotype,0.00017951399045023662,15
p62,Gene,0.00017951205009587702,3
degenerative phenotype,Phenotype,0.0001794279768428956,3
anatomic navigation,Phenotype,0.00017939687455262635,13
effectiveness of SMA treatment,Phenotype,0.00017935078762369792,13
skipping of multiple exons,Phenotype,0.00017935078762369792,13
motor neuron labeling,Phenotype,0.00017932983901963956,13
UFB112,Drug,0.00017928827475915154,18
RULM improvement,Phenotype,0.0001792041473952893,13
phosphorylation of H2AX,Phenotype,0.00017915141114821718,0
Finnish population,Phenotype,0.00017900990414352588,19
cytoplasmic dynein heavy chain 1,Protein,0.0001785725219370777,0
Hipk2,Gene,0.00017844974804009163,23
Rab6,Protein,0.00017844550426230162,0
Cav3.2,Protein,0.0001784155826299817,23
swallowing outcomes,Phenotype,0.0001782610664387011,15
treatment effects,Phenotype,0.0001782271971342809,15
acute hypersensitivity reactions,Phenotype,0.00017816725679115222,114
defects associated with Gemin3 loss-of-function,Phenotype,0.00017780443267618337,48
maintained muscular force,Phenotype,0.00017762038322307228,10
median survival 19 years,Phenotype,0.00017749027927018712,16
mild motor neuron pathology,Phenotype,0.0001773792138247561,10
epilepsy,Phenotype,0.00017736060326803974,0
NMD,Phenotype,0.00017722947761532654,1
AAV9,Protein,0.000176980526929953,5
larger input resistance,Phenotype,0.00017681986896448673,25
decreased mechanical efficiency,Phenotype,0.0001766190121849915,19
decreased power output,Phenotype,0.0001766190121849915,19
synapse function,Phenotype,0.00017647033241458617,42
SMN2 pre-mRNA,Gene,0.00017639668890575123,1
fatal outcome,Phenotype,0.00017630748007386947,1
12-fold increased mortality risk,Phenotype,0.00017601158013679275,4
5qSMA,Disease,0.00017601158013679275,14
CNV assay,Drug,0.00017601158013679275,44
E2 charging bottleneck,Phenotype,0.00017601158013679275,55
ERK hyperphosphorylation,Phenotype,0.00017601158013679275,34
H250Q,Variant,0.00017601158013679275,33
H3K9me2,Phenotype,0.00017601158013679275,63
MN process defects,Phenotype,0.00017601158013679275,69
MORC2-associated neuropathies,Disease,0.00017601158013679275,70
PPAR-gamma,Protein,0.00017601158013679275,76
SMA carrier frequency,Phenotype,0.00017601158013679275,1
SMN homeostasis,Phenotype,0.00017601158013679275,93
SMN2-fl/Delta7 ratio,Phenotype,0.00017601158013679275,49
Survivin,Protein,0.00017601158013679275,39
TMJ pain,Phenotype,0.00017601158013679275,104
TRPV4,Gene,0.00017601158013679275,0
TRPV4-related neuromuscular disease,Disease,0.00017601158013679275,105
U7 snRNP assembly,Phenotype,0.00017601158013679275,68
aberrant gene expression and splicing changes,Phenotype,0.00017601158013679275,110
affected children,Phenotype,0.00017601158013679275,115
altered ribcage structure,Phenotype,0.00017601158013679275,117
ambulatory status,Phenotype,0.00017601158013679275,19
better motor recovery,Phenotype,0.00017601158013679275,124
better response,Phenotype,0.00017601158013679275,125
bortezomib,Drug,0.00017601158013679275,7
bulbar scores,Phenotype,0.00017601158013679275,85
caspase inhibition,Phenotype,0.00017601158013679275,78
ceramide profile,Phenotype,0.00017601158013679275,129
cerebellar circuit disruption,Phenotype,0.00017601158013679275,130
clinical classification,Phenotype,0.00017601158013679275,92
defects in actin dynamics,Phenotype,0.00017601158013679275,136
different profile than those who did not,Phenotype,0.00017601158013679275,140
different profiles than controls,Phenotype,0.00017601158013679275,141
differential splicing,Phenotype,0.00017601158013679275,142
disability scores,Phenotype,0.00017601158013679275,132
disrupted Ca(2+) homeostasis,Phenotype,0.00017601158013679275,144
disturbed energy homeostasis,Phenotype,0.00017601158013679275,148
dynein recruitment,Phenotype,0.00017601158013679275,36
dysfunction and degeneration of motoneurons,Phenotype,0.00017601158013679275,149
early treatment,Phenotype,0.00017601158013679275,0
efficacy,Phenotype,0.00017601158013679275,152
eosinophilic esophagitis,Phenotype,0.00017601158013679275,9
exclusion from OA clinical trials,Phenotype,0.00017601158013679275,21
feasibility of gene therapy in adult SMA patients,Phenotype,0.00017601158013679275,155
ferroptosis,Phenotype,0.00017601158013679275,156
function of ESE,Phenotype,0.00017601158013679275,102
gain-of-function phenotype,Phenotype,0.00017601158013679275,143
higher methylation level,Phenotype,0.00017601158013679275,57
immunotoxicity,Phenotype,0.00017601158013679275,162
impaired protein synthesis,Phenotype,0.00017601158013679275,168
improvements,Phenotype,0.00017601158013679275,169
increase in efficacy,Phenotype,0.00017601158013679275,165
increased leukocyte counts,Phenotype,0.00017601158013679275,64
increased protein carbonylation,Phenotype,0.00017601158013679275,164
increased risk of SMA,Phenotype,0.00017601158013679275,65
indeterminate SMA carrier screening results,Phenotype,0.00017601158013679275,111
injured neurons,Phenotype,0.00017601158013679275,29
intrathecal nusinersen administration,Phenotype,0.00017601158013679275,157
later stages of motoneuron degeneration,Phenotype,0.00017601158013679275,96
lordotic imbalance,Phenotype,0.00017601158013679275,135
low firing rates,Phenotype,0.00017601158013679275,88
lower total societal costs,Phenotype,0.00017601158013679275,151
miR21,Gene,0.00017601158013679275,118
microtubule dysregulations,Phenotype,0.00017601158013679275,17
mild disease course,Phenotype,0.00017601158013679275,95
mild form of SMA,Disease,0.00017601158013679275,40
mitochondrial DNA copy number,Phenotype,0.00017601158013679275,177
mitochondrial heat shock proteins,Protein,0.00017601158013679275,158
monitoring nerve growth,Phenotype,0.00017601158013679275,163
motor function (HFMSE or RULM),Phenotype,0.00017601158013679275,161
motor neurodevelopmental outcomes,Phenotype,0.00017601158013679275,179
motor neuron health,Phenotype,0.00017601158013679275,56
motor system,Phenotype,0.00017601158013679275,180
muscle plasma membrane,Phenotype,0.00017601158013679275,43
neo-natal lethality,Phenotype,0.00017601158013679275,66
nephron development,Phenotype,0.00017601158013679275,160
neuromuscular disease phenotype associated with SMA,Phenotype,0.00017601158013679275,181
neurovascular unit,Phenotype,0.00017601158013679275,167
new clinical phenotypes,Phenotype,0.00017601158013679275,73
non-SMN genes,Gene,0.00017601158013679275,90
non-cell autonomous pathology,Phenotype,0.00017601158013679275,35
nucleotide pool imbalance,Phenotype,0.00017601158013679275,80
oral pressures,Phenotype,0.00017601158013679275,83
orofacial weakness,Phenotype,0.00017601158013679275,9
orthopedic outcome,Phenotype,0.00017601158013679275,183
pathway of care,Phenotype,0.00017601158013679275,171
patients,Phenotype,0.00017601158013679275,173
peptide-PMO conjugate,Drug,0.00017601158013679275,6
pharyngeal biomechanical deficits,Phenotype,0.00017601158013679275,184
physical outcome measures,Phenotype,0.00017601158013679275,185
poorer sleep quality,Phenotype,0.00017601158013679275,186
porcine ISS inactivity,Phenotype,0.00017601158013679275,146
postoperative Cobb angles,Phenotype,0.00017601158013679275,187
postoperative Cobb angles >30 degrees,Phenotype,0.00017601158013679275,137
pre-mRNA motifs,Gene,0.00017601158013679275,120
previously unseen clinical presentations and outcomes,Phenotype,0.00017601158013679275,153
progressive motor defects and death,Phenotype,0.00017601158013679275,189
protection from oxidative stress,Phenotype,0.00017601158013679275,30
protein synthesis,Phenotype,0.00017601158013679275,79
recurrent or severe respiratory infections,Phenotype,0.00017601158013679275,134
reduction in L4 ventral axons,Phenotype,0.00017601158013679275,38
reduction in large calibre motor neurons,Phenotype,0.00017601158013679275,37
relatively normal endpoint-free survival within first 60 years,Phenotype,0.00017601158013679275,91
rescue of mice lacking wild-type FL-SMN,Phenotype,0.00017601158013679275,176
responders,Phenotype,0.00017601158013679275,11
severe compromise of respiratory muscles,Phenotype,0.00017601158013679275,138
shift in phenotypes with increased variability,Phenotype,0.00017601158013679275,190
sleep outcomes,Phenotype,0.00017601158013679275,53
somato-mental development,Phenotype,0.00017601158013679275,121
spinal muscular atrophy newborn screening,Phenotype,0.00017601158013679275,13
spinal muscular atrophy with pontocerebellar hypoplasia,Phenotype,0.00017601158013679275,107
splicing efficiency of minor introns,Phenotype,0.00017601158013679275,127
steroid treatment duration,Phenotype,0.00017601158013679275,191
survival and neurologic outcomes,Phenotype,0.00017601158013679275,170
technical success,Phenotype,0.00017601158013679275,47
thorax morphology,Phenotype,0.00017601158013679275,131
time at which the ability to maintain the sitting position independently was lost,Phenotype,0.00017601158013679275,113
time until loss of walking independently,Phenotype,0.00017601158013679275,112
traditional SMA,Disease,0.00017601158013679275,109
transdermal patch,Drug,0.00017601158013679275,139
treatment success,Phenotype,0.00017601158013679275,116
wait times,Phenotype,0.00017601158013679275,192
wild-type CHCHD10,Protein,0.00017601158013679275,58
wild-type SMN,Protein,0.00017601158013679275,175
RAB3B,Protein,0.00017601158013679272,16
flu,Phenotype,0.00017600339199358596,18
brain abnormalities,Phenotype,0.000175600706322575,2
endothelial integrity,Phenotype,0.00017557696359920703,108
behavioral function,Phenotype,0.00017555282785899933,42
muscle development,Phenotype,0.0001754268418771184,45
variation,Variant,0.00017526731507860828,82
respiratory infections,Phenotype,0.000174836968161954,5
motor neuron integrity,Phenotype,0.0001748082339821586,8
SMA mouse model,Phenotype,0.0001745591079481692,23
limb-girdle weakness,Phenotype,0.00017448767779910384,0
spinal motor neurons,Phenotype,0.0001743318434035897,6
faster motor function decline,Phenotype,0.0001742355059135273,16
Gemin3-associated neuromuscular junction overgrowth,Phenotype,0.00017421872759740213,48
MEK/ERK pathway,Protein,0.00017419509810844618,5
distal hereditary motor neuropathies,Phenotype,0.0001741407742500671,6
reactive oxygen species accumulation,Phenotype,0.0001740974485774648,12
obstructive sleep apnea syndrome,Phenotype,0.00017377979858483104,16
adult onset,Phenotype,0.00017363456594686209,0
fat infiltration,Phenotype,0.0001735531766295359,0
less response to treatment,Phenotype,0.00017275960826556525,9
new therapies,Drug,0.0001721728978948894,1
mutations,Variant,0.00017192304952099233,0
early death,Phenotype,0.00017177283460467925,1
neuromuscular pathology,Phenotype,0.00017170851404012328,6
disability,Phenotype,0.00017169625431820752,15
diaphragm excursion,Phenotype,0.00017162386860187915,13
SMN2-SMN1 hybrid,Variant,0.00017147391294277905,1
cognitive decline,Phenotype,0.00017134209693911442,0
pontocerebellar hypoplasia,Disease,0.00017117515117574133,19
motor function decline,Phenotype,0.00017117397211638419,5
underweight,Phenotype,0.00017071757862358362,8
miR-140-3p,Gene,0.00017038177949416894,5
muscle force,Phenotype,0.00017008445738048595,8
comprehension skills,Phenotype,0.00016985950480323991,9
lexical expressions,Phenotype,0.00016985950480323991,9
decreased alpha-tubulin acetylation,Phenotype,0.00016972332195327804,24
gesture abilities,Phenotype,0.00016945095625335433,9
cell death,Phenotype,0.00016935263489995187,5
diaphragm wasting,Phenotype,0.0001693447380107708,12
defective lifespan,Phenotype,0.00016909661325491376,17
adverse effects,Phenotype,0.0001689936350050533,13
phosphorylation,Phenotype,0.00016888710761523202,17
neuromuscular disorder,Disease,0.00016888371536634514,6
motor neuron damage,Phenotype,0.0001688510020898791,7
gait impairments,Phenotype,0.00016878366936482226,16
excessive daytime sleepiness,Phenotype,0.00016878059862666136,16
motor milestone deterioration,Phenotype,0.000168728645899922,1
ataxia,Phenotype,0.00016831404824323818,16
respiratory muscle dysfunction,Phenotype,0.00016813047011523117,6
respiratory acidosis,Phenotype,0.00016776081433009793,16
L-arginine levels,Phenotype,0.00016746760411604888,7
liver failure,Phenotype,0.00016730895455098116,13
cerebellar structural changes,Phenotype,0.00016716830523382575,7
aberrant splicing,Variant,0.00016688245314642967,1
time between symptom onset and diagnosis,Phenotype,0.00016686926584632026,16
SMN1 gene,Gene,0.00016676357053202305,1
UBA1,Gene,0.00016652376116821935,2
global developmental delay,Phenotype,0.0001663469493243425,0
SMA pathology,Phenotype,0.00016632170082089728,45
pulmonary disease,Phenotype,0.00016615061761817421,8
cardiac pathology,Phenotype,0.00016600026990738412,1
disease course,Phenotype,0.0001659477155817396,1
poor feeding,Phenotype,0.00016586382435157434,0
rare mutation,Variant,0.00016553892351253127,1
ability to sit,Phenotype,0.00016545241830678845,16
loss of respiratory function over time,Phenotype,0.00016544644533692722,16
Agrin,Protein,0.00016544173558223228,17
new phenotypes,Phenotype,0.00016532129886297531,6
early mortality,Phenotype,0.00016523214351757548,6
carrier screening,Phenotype,0.0001649270910483199,16
gain of activities,Phenotype,0.00016482396136406776,16
loss of activities,Phenotype,0.00016482396136406776,16
SMN2 transcript,Gene,0.0001648167702575955,1
SMA foetus births,Phenotype,0.0001646501032381629,16
proteinuria,Phenotype,0.0001646021431255829,13
diaphragmatic paralysis,Phenotype,0.00016453644564591818,5
TDP-43,Protein,0.00016442536668185114,7
antisense oligonucleotides,Drug,0.00016432075366985181,1
cerebral atrophy,Phenotype,0.00016427828674442558,25
diaphragmatic palsy,Phenotype,0.00016409732075344874,5
longer ICU stays,Phenotype,0.00016384577226385998,16
daily activities,Phenotype,0.00016371408991240928,97
reduced neuronal activity,Phenotype,0.00016359701335170171,17
malnutrition,Phenotype,0.00016354873049196698,8
fat-free mass,Phenotype,0.00016350820201416089,19
neuronal loss,Phenotype,0.00016345379164738847,8
Troponin T,Protein,0.00016333360126884398,8
neuromuscular junction loss,Phenotype,0.00016330145558909258,5
functional synaptic alteration,Phenotype,0.00016321869092953182,24
weight gain,Phenotype,0.000163147400344678,6
autonomic control,Phenotype,0.0001631114463593103,9
cardiac conduction,Phenotype,0.0001631114463593103,9
newborn screening,Phenotype,0.00016307009003008142,13
diaphragm,Phenotype,0.0001630568624752656,5
failure to thrive,Phenotype,0.00016301983993688353,5
lower spontaneous firing,Phenotype,0.00016297375945204285,25
LC3-II,Protein,0.0001629163977310692,3
mTOR phosphorylation,Phenotype,0.0001629163977310692,3
glutamate release,Phenotype,0.00016268276803382942,50
cardiomyopathy,Phenotype,0.00016225544213470736,0
SNARE complex,Protein,0.0001621522803629028,6
thrombocytopenia,Phenotype,0.00016207024101342504,13
neuromuscular system,Phenotype,0.00016148419172222914,7
neurogenic atrophy,Phenotype,0.0001614639963682205,5
survival rate,Phenotype,0.00016142955224419706,6
null allele,Variant,0.00016117038225509634,5
respiratory morbidity,Phenotype,0.00016116457773538822,15
survival motor neuron,Protein,0.00016092497439854368,13
6MWT distance,Phenotype,0.0001608958312282651,15
initial muscle-directing current,Phenotype,0.00016087118331052291,25
hypertonia,Phenotype,0.0001605809698322244,5
Menkes disease,Disease,0.00016046855031542708,2
mitochondrial network fragmentation,Phenotype,0.00016041564190062062,19
neurobehavioral and cognitive concerns,Phenotype,0.00016032598827856205,51
caspase-3,Protein,0.00016032092868395394,24
age,Phenotype,0.00016021898569885235,19
cardiac deficits,Phenotype,0.00016008143368416281,6
diagnostic delay,Phenotype,0.00016000543864125072,16
life expectancy 11 years,Phenotype,0.00016000543864125072,16
all-cause mortality,Phenotype,0.00015992315196228032,16
kyphosis,Phenotype,0.00015981995445523355,2
atelectasis,Phenotype,0.00015981748964195294,15
reduced oral function,Phenotype,0.0001597791502740821,16
gestational age at birth,Phenotype,0.00015976374870592443,7
lean mass index,Phenotype,0.00015958247949219266,19
motor coordination,Phenotype,0.00015955694921366062,6
MyHC-IIx,Protein,0.00015955410338763654,10
bell-shaped chest,Phenotype,0.00015953229023717088,16
increased fatigue,Phenotype,0.00015953229023717088,16
ventilator requirement,Phenotype,0.0001593900669716497,13
myopathic changes,Phenotype,0.00015923789476853057,7
dysarthria,Phenotype,0.0001592255273579196,25
bronchiectasis,Phenotype,0.0001591206927331912,16
pseudo-obstructive SDB,Phenotype,0.0001591206927331912,16
increased grey matter density,Phenotype,0.00015901271704838122,16
delivery by cesarean section,Phenotype,0.00015887383269628,16
preterm labor,Phenotype,0.00015887383269628,16
health benefits,Phenotype,0.00015878453883546234,13
phenotypic variability,Phenotype,0.00015875685122834716,16
quality-adjusted life years,Phenotype,0.00015863747154566205,13
social communication impairments,Phenotype,0.00015853342471627664,17
CMAP amplitude,Phenotype,0.00015838850179149402,19
motor neuron phenotype,Phenotype,0.00015831389675586145,5
demyelination,Phenotype,0.0001582299183111007,75
mobility impairment,Phenotype,0.0001581597916089643,3
pyrexia,Phenotype,0.000158076656264791,13
congenital myopathic conditions,Phenotype,0.00015781790485354833,2
social deficits,Phenotype,0.00015764338326336281,17
ultrasonic vocalization,Phenotype,0.00015764338326336281,17
ventilatory insufficiency,Phenotype,0.0001575885182702871,2
worsening total motor scores,Phenotype,0.00015757487925672614,8
daily activities scores within expected range,Phenotype,0.0001574968485702696,3
respiratory muscle strength,Phenotype,0.0001574706341171655,8
snRNP assembly,Phenotype,0.00015726150145685202,17
swallowing dysfunction,Phenotype,0.00015696183793326596,13
Spinal Muscular Atrophy-like (SMA-like) phenotype with prenatal bone fractures,Phenotype,0.0001569378897936154,2
hip dislocation,Phenotype,0.00015684071377436285,19
reduced fetal movements,Phenotype,0.00015678800436554183,2
R-loop accumulation,Phenotype,0.0001567708595752921,17
NMJ dysfunction,Phenotype,0.0001567291602028551,2
endoplasmic reticulum stress,Phenotype,0.00015670395977429778,24
difficulties with daily care,Phenotype,0.00015665441122645973,13
mobility challenges,Phenotype,0.00015665441122645973,13
BSCB dysfunction,Phenotype,0.0001565345588645573,9
curative,Phenotype,0.0001560405593137323,8
clubfoot,Phenotype,0.00015597718065222445,0
sitting balance,Phenotype,0.00015596860402224374,2
tail necrosis,Phenotype,0.00015595915409747315,17
calcium homeostasis,Phenotype,0.0001559290037629386,16
higher susceptibility to infection,Phenotype,0.0001558499920095203,8
LVEDd/BSA,Phenotype,0.000155819316946451,8
functional abilities,Phenotype,0.00015565602179168014,9
neck rotation,Phenotype,0.00015550629539249567,9
childhood onset progressive weakness,Phenotype,0.00015539224099261306,0
very severe (death in utero) and very mild (symptom free in adults) phenotypes,Phenotype,0.00015531635515717796,10
intubation,Phenotype,0.00015516080673302725,15
MUNIX values,Phenotype,0.00015492367856785724,8
mtDNA depletion,Phenotype,0.00015482717217490773,12
GI dysfunction,Phenotype,0.00015482254218067808,19
jaundice,Phenotype,0.00015458233007098574,13
severe acute liver injury,Phenotype,0.0001545559478563205,13
Senataxin,Protein,0.00015452135650883143,13
locomotion defects,Phenotype,0.0001545109117335354,17
mild SMA,Phenotype,0.00015434977586504004,8
neurodegenerative phenotype,Phenotype,0.00015433894852806413,19
PaCO2,Phenotype,0.00015425525125080307,15
pH,Phenotype,0.00015425525125080307,15
respiratory rate,Phenotype,0.00015425525125080307,15
neurofilament light chain,Protein,0.00015390758049335578,18
SMN genotype,Gene,0.00015388921384019863,1
hypoxia of motor neurons,Phenotype,0.00015383302748941233,9
fertility disorders,Phenotype,0.0001533018439608426,0
motor unit number estimation,Phenotype,0.0001532118871387338,8
motor neuron firing,Phenotype,0.00015320266770697458,8
TIA1,Protein,0.00015284081439874642,1
multiorgan impairment,Phenotype,0.0001528156732436294,23
inability to walk,Phenotype,0.0001527941971612119,0
"negative or reduced %DeltaVRC,P",Phenotype,0.00015277818211773938,0
walking independently,Phenotype,0.0001526375862673693,13
chronic partial denervation changes,Phenotype,0.00015262284153477285,0
optic atrophy,Phenotype,0.0001525478706757823,19
neck muscle strength,Phenotype,0.00015253056506619466,0
trunk muscle strength,Phenotype,0.00015253056506619466,0
distal arthrogryposis,Phenotype,0.00015242978963722896,5
axon regeneration,Phenotype,0.00015222260651126223,5
renal failure,Phenotype,0.00015213465058307112,1
FL-SMN1 transcripts with PTCs,Gene,0.00015185063998009968,1
metabolic abnormalities,Phenotype,0.00015170067013275528,17
telomere attrition,Phenotype,0.00015155677782654456,2
dyslipidemia,Phenotype,0.00015139394199358176,17
NMJ innervation,Phenotype,0.00015128853430403032,17
decreased arousability,Phenotype,0.00015127350976085752,0
p.R316C,Variant,0.00015109111910810788,0
disease-modifying therapies,Drug,0.00015104017396702342,15
delayed gastric emptying,Phenotype,0.0001509803122226802,17
p53 induction,Phenotype,0.00015097004380936887,10
mutation in survival motor neuron 1 (SMN1) gene,Variant,0.00015095040183291138,1
muscle denervation,Phenotype,0.0001509436514211461,24
swallowing development,Phenotype,0.00015093653040978766,16
motoneuron degeneration,Phenotype,0.00015091506378202477,17
full-length protein,Protein,0.00015090636520740929,1
heterogeneous clinical phenotype,Phenotype,0.00015086174130978644,16
motoneuron dysfunction,Phenotype,0.0001508125305181377,17
respiratory-related death,Phenotype,0.00015073866567557096,0
respiratory outcomes,Phenotype,0.00015072024898713182,13
GI dysmotility,Phenotype,0.00015070067604844268,52
MN survival,Phenotype,0.00015065748436686455,16
dyslipidaemia,Phenotype,0.0001505981427845556,17
homozygous deletion,Variant,0.00015045637339717352,1
bradycardia,Phenotype,0.00015031350612551648,2
circular RNA biogenesis,Phenotype,0.0001502569252125476,7
MN hyperexcitability,Phenotype,0.00015025660624113388,17
endpoint-free survival probabilities 61.5% at age 60,Phenotype,0.00015024735669429774,16
hyperinsulinemia,Phenotype,0.00015024735669429774,16
median survival 9 days,Phenotype,0.00015024735669429774,16
non-linear regression of motor ability,Phenotype,0.00015024735669429774,16
motor neuron counts,Phenotype,0.000150210812410093,6
permanent ventilation,Phenotype,0.00015018519358490768,13
Sm-ring assembly,Phenotype,0.00015014025868574627,1
homozygous SMN1 loss-of-function variant,Variant,0.0001500674613650757,1
SMN1 intragenic variants,Variant,0.00014999541898557555,1
abilities lost or gained,Phenotype,0.00014985133422657526,1
altered fatty acid metabolism,Phenotype,0.00014982783077396972,9
muscle fatigue,Phenotype,0.00014982388716886178,13
high SNAP amplitude,Phenotype,0.00014981890892966002,52
type II,Phenotype,0.0001497517052171341,16
type III,Phenotype,0.0001497517052171341,16
Fn14,Protein,0.00014972529751008264,17
TWEAK,Protein,0.00014972529751008264,17
subunit III of cytochrome c oxidase,Protein,0.00014962975158401865,0
higher mEPSC frequency,Phenotype,0.0001495544696354448,25
reduced survival,Phenotype,0.00014953828892379838,17
abnormal inspiratory cough phase pattern,Phenotype,0.00014949545596125864,16
mild weakness profile,Phenotype,0.00014949545596125864,16
required mechanical ventilation more frequently and from younger ages,Phenotype,0.00014949545596125864,16
severe weakness profile,Phenotype,0.00014949545596125864,16
stands/walks unaided,Phenotype,0.00014949545596125864,16
neuromuscular phenotype,Phenotype,0.000149478562418712,12
swallowing,Phenotype,0.00014937107656191464,13
ubiquitin-proteasome system,Protein,0.0001493239011902163,17
vascular abnormalities,Phenotype,0.0001493239011902163,17
nurses,Phenotype,0.0001492063244925818,13
early diagnosis,Phenotype,0.00014918648115924048,13
fl-SMN2,Gene,0.00014916173488875023,1
cognitive development,Phenotype,0.000149160857850351,1
chronic active denervation,Phenotype,0.00014915368290078633,16
requires ventilation,Phenotype,0.00014915368290078633,16
worsened,Phenotype,0.0001490169736765974,16
enhanced sodium channel activities,Phenotype,0.00014900876838251732,1
hydrocephalus,Phenotype,0.0001489170474399091,13
SMN6B,Protein,0.00014882930654158208,12
fat fraction,Phenotype,0.00014876824718186262,8
motor disability,Phenotype,0.00014871673524100135,13
"achieve the milestone of sitting unsupported, but never walk independently",Phenotype,0.00014867520061612508,16
involvement of biceps femoris short head and gluteus minimus,Phenotype,0.00014867520061612508,16
reclassified as Type III following treatment,Phenotype,0.00014867520061612508,16
"retain the ability to walk, have a normal life expectancy, and do not suffer from respiratory or nutritional issues",Phenotype,0.00014867520061612508,16
cholesterol accumulation,Phenotype,0.00014866544364932542,17
reduced muscle strength,Phenotype,0.0001486376031987739,2
reduced SMN protein,Phenotype,0.00014862462526604684,1
functional status,Phenotype,0.00014857943462783747,3
motor deterioration,Phenotype,0.00014857272285072367,13
motor delay,Phenotype,0.00014849041943950189,13
weight loss,Phenotype,0.0001483808492666722,10
hypokalemia,Phenotype,0.00014831990711179047,13
deletion,Variant,0.00014830887811984349,1
hip subluxation,Phenotype,0.00014823922632881638,13
CMT2,Disease,0.00014804089103612647,5
chronic respiratory failure,Phenotype,0.00014787352943545855,5
myoblast differentiation,Phenotype,0.00014776387108144678,7
gastrointestinal symptoms,Phenotype,0.00014765501351313238,3
astrocyte function,Phenotype,0.00014754394172712405,1
infant mortality,Phenotype,0.00014751385406390737,9
SNAP,Phenotype,0.00014744401661567275,13
respiratory issues,Phenotype,0.00014730925201119645,13
cystatin C,Phenotype,0.00014723151493155348,13
degradation of SMN,Phenotype,0.00014721649771029914,17
maximal inspiratory pressure,Phenotype,0.0001471975049592097,15
sleep latency,Phenotype,0.0001471975049592097,13
autism spectrum disorder,Phenotype,0.00014712462644704446,13
ceramide accumulation,Phenotype,0.0001470848837029277,0
reduced muscle tone,Phenotype,0.00014703497585235036,9
"large deletion of 12 kb in KIF5A from Chr12:57,956,278 to Chr12:57,968,335 including exons 2-15",Variant,0.00014696072084884813,5
ventilation-free time,Phenotype,0.00014690142394613027,13
acetylation of SMN,Phenotype,0.00014688902175303235,17
pNF-H,Protein,0.00014684631880144448,8
long-term ventilation,Phenotype,0.00014667508730769395,13
assisted ventilation,Phenotype,0.00014653904741831884,13
communicating hydrocephalus,Phenotype,0.00014653904741831884,13
psychosocial burden,Phenotype,0.00014653904741831884,13
mitochondrial function,Phenotype,0.00014645278603875385,24
peak expiratory flow,Phenotype,0.00014643894980268072,13
astrogliosis,Phenotype,0.00014635204734831655,5
UCHL1,Gene,0.0001463250761032795,2
atrophy of the anterior horn of the spinal cord,Phenotype,0.0001461529894178996,0
breathing function,Phenotype,0.000146109539384243,13
GDNF,Gene,0.00014593247715297003,10
carrier frequency,Phenotype,0.0001458976400999025,9
breathing difficulties,Phenotype,0.00014583778032345787,9
hip instability,Phenotype,0.00014582073010098332,13
muscle thickness,Phenotype,0.00014577792054701322,9
(2+0) carriers,Phenotype,0.00014576834861616063,0
sepsis,Phenotype,0.0001457672858587288,13
treatment without screening,Phenotype,0.00014572692859824855,13
motoneuron hyperexcitability,Phenotype,0.000145629869522934,10
hypomethylation,Phenotype,0.0001455613154904189,0
impaired ribosomal RNA synthesis,Phenotype,0.00014543042554592678,52
ROCK,Protein,0.00014541881296512488,17
neurons,Phenotype,0.00014540756616069971,5
respiratory symptoms,Phenotype,0.00014537171249083962,3
tongue fasciculations,Phenotype,0.0001453615983385772,1
microcephaly,Phenotype,0.00014527810079322854,0
disease onset,Phenotype,0.00014527506466859293,8
impaired translation,Phenotype,0.00014516801320004372,52
mitochondria fragmentation,Phenotype,0.0001451591890341096,10
Chinese (2+0) carriers,Phenotype,0.00014505718084108284,0
spinal fusion,Phenotype,0.00014482016412389922,8
symmetrical progressive muscle weakness and atrophy of the proximal limbs,Phenotype,0.00014482016412389922,9
eating difficulty,Phenotype,0.00014470044457100996,9
metabolic acidosis,Phenotype,0.00014470044457100996,9
poor bone health,Phenotype,0.00014470044457100996,9
progressive wasting of voluntary muscles,Phenotype,0.00014470044457100996,9
unbalanced excitation-inhibition,Phenotype,0.00014470044457100996,9
time to permanent ventilation,Phenotype,0.00014469331679287334,0
asymptomatic vertebral fractures,Phenotype,0.00014458072501812074,9
bulbar weakness,Phenotype,0.00014458072501812074,9
elevated bone resorption markers,Phenotype,0.00014458072501812074,9
flaccid dysarthria,Phenotype,0.00014458072501812074,9
fragility fractures,Phenotype,0.00014458072501812074,9
genetic cause,Phenotype,0.00014458072501812074,9
osteopenia,Phenotype,0.00014458072501812074,9
selective muscle involvement,Phenotype,0.00014458072501812074,9
phosphorylation states of Akt and glycogen synthase kinase 3beta,Protein,0.00014456524551089306,1
abnormal reflexes,Phenotype,0.0001445208652416761,9
synaptic deafferentation,Phenotype,0.0001444698977249011,6
PDPH,Phenotype,0.00014446100546523146,9
weak cry,Phenotype,0.00014443718975451294,5
gastroesophageal reflux,Phenotype,0.00014434128591234223,18
thoracic circumference,Phenotype,0.00014433928517505583,13
abdominal pain,Phenotype,0.0001442900556532946,13
gastrointestinal disorders,Phenotype,0.0001442900556532946,13
ambulation,Phenotype,0.00014425819479447019,15
myotube formation,Phenotype,0.0001442563799418252,24
impaired swallowing safety,Phenotype,0.00014410184680656372,9
death before age 2,Phenotype,0.0001440419870301191,9
inability to lift head,Phenotype,0.0001440419870301191,9
extended survival,Phenotype,0.0001440347311963329,16
5q,Variant,0.00014392226747722984,9
death or permanent ventilation by age 2 years,Phenotype,0.00014392226747722984,9
decreased T2,Phenotype,0.00014392226747722984,9
fractional anisotropy,Phenotype,0.00014392226747722984,8
mean diffusivity,Phenotype,0.00014392226747722984,8
inflammatory response,Phenotype,0.0001439151285097232,7
bulbar problems,Phenotype,0.00014386240770078521,9
severe disability,Phenotype,0.00014386240770078521,9
basal and maximal mitochondrial respiration,Phenotype,0.00014380254792434061,9
carrier,Variant,0.00014380254792434061,16
complete interlaminar osseous fusion,Phenotype,0.00014380254792434061,9
death in childhood,Phenotype,0.00014380254792434061,9
neuroblastoma,Disease,0.00014380254792434061,9
rheumatoid arthritis,Disease,0.00014380254792434061,9
straighter sacral curvature,Phenotype,0.00014380254792434061,9
classification of spinal muscular atrophy,Phenotype,0.0001436895853389128,1
abnormal sperm concentration,Phenotype,0.00014368282837145133,9
affected pregnancy,Phenotype,0.00014368282837145133,9
oxidative stress level,Phenotype,0.00014368282837145133,9
premature mortality,Phenotype,0.00014368282837145133,9
progressive loss of muscle function,Phenotype,0.00014368282837145133,9
progressive myasthenia,Phenotype,0.00014368282837145133,9
skeletal muscle loss,Phenotype,0.00014368282837145133,9
paradoxical breathing,Phenotype,0.00014367483167628648,13
work impairment,Phenotype,0.0001436664373352566,13
fetal rejection,Phenotype,0.00014365472990333588,5
azoospermia,Phenotype,0.00014350324904211745,9
decreased muscle power of all limbs,Phenotype,0.00014350324904211745,9
early muscle weakness,Phenotype,0.00014350324904211745,9
failure to achieve motor milestones,Phenotype,0.00014350324904211745,9
hypotrophy,Phenotype,0.00014350324904211745,9
limited survival,Phenotype,0.00014350324904211745,9
reduced neck range of movement,Phenotype,0.00014350324904211745,9
p53 pathway,Phenotype,0.0001433850782428488,1
3 innovative therapies,Drug,0.00014338352948922823,8
CK-MB mass,Protein,0.00014338352948922823,9
Hypoxia,Phenotype,0.00014338352948922823,7
N-terminal pro-brain natriuretic peptide,Protein,0.00014338352948922823,9
NMJ degeneration,Phenotype,0.00014338352948922823,9
NMJ-dependent muscular contraction,Phenotype,0.00014338352948922823,9
NM_000344.3:c.410dup,Variant,0.00014338352948922823,9
Onuf's nucleus,Phenotype,0.00014338352948922823,9
RNA metabolism,Phenotype,0.00014338352948922823,9
RNA-binding proteins,Protein,0.00014338352948922823,9
Rrs8,Phenotype,0.00014338352948922823,9
Sm-site mRNA downregulation,Phenotype,0.00014338352948922823,9
Trisomy 21,Disease,0.00014338352948922823,9
Xrs8,Phenotype,0.00014338352948922823,16
aberrant glycosphingolipid metabolism,Phenotype,0.00014338352948922823,9
abnormal breathing,Phenotype,0.00014338352948922823,9
abnormal diastolic filling velocities,Phenotype,0.00014338352948922823,9
abnormal growth trajectories,Phenotype,0.00014338352948922823,9
abnormal swallowing characteristics,Phenotype,0.00014338352948922823,9
"abnormalities in posture, tone, tremors, and reflexes",Phenotype,0.00014338352948922823,9
abnormality of sleep macrostructure and microstructure,Phenotype,0.00014338352948922823,9
absent fidgety movements,Phenotype,0.00014338352948922823,9
absent osteo-tendinous reflexes,Phenotype,0.00014338352948922823,9
actively degenerating axons,Phenotype,0.00014338352948922823,9
alpha-MN reduction,Phenotype,0.00014338352948922823,9
alterations in body composition,Phenotype,0.00014338352948922823,9
altered calcium concentration,Phenotype,0.00014338352948922823,9
altered glucose concentration,Phenotype,0.00014338352948922823,9
altered phenotypes,Phenotype,0.00014338352948922823,9
altered sodium concentration,Phenotype,0.00014338352948922823,9
ambulatory,Phenotype,0.00014338352948922823,9
anarthria,Phenotype,0.00014338352948922823,9
anterior congenital diaphragmatic hernia,Phenotype,0.00014338352948922823,9
anxious domains,Phenotype,0.00014338352948922823,9
atrophy of the intrinsic muscles of the hand,Phenotype,0.00014338352948922823,9
autism,Phenotype,0.00014338352948922823,9
autonomic symptoms,Phenotype,0.00014338352948922823,15
autosomal recessive mutations in the survival motor neuron gene,Variant,0.00014338352948922823,9
autosomal-recessive degenerative neuromuscular disease,Phenotype,0.00014338352948922823,9
bi-allelic mutations in SMN1,Variant,0.00014338352948922823,10
bilateral symmetric proximal dominant weakness,Phenotype,0.00014338352948922823,9
blunted fat oxidation,Phenotype,0.00014338352948922823,9
body composition,Phenotype,0.00014338352948922823,9
bone and joint deformations,Phenotype,0.00014338352948922823,9
bone fragility,Phenotype,0.00014338352948922823,9
cardiovascular abnormalities,Phenotype,0.00014338352948922823,9
carrier rates,Phenotype,0.00014338352948922823,9
cerebral involvement without regional predilection,Phenotype,0.00014338352948922823,9
cervical rotation range,Phenotype,0.00014338352948922823,9
cervical spine ankylosis,Phenotype,0.00014338352948922823,9
chest asymmetry,Phenotype,0.00014338352948922823,9
chest deformity,Phenotype,0.00014338352948922823,9
chest wall deformity,Phenotype,0.00014338352948922823,9
choking,Phenotype,0.00014338352948922823,9
choking episodes,Phenotype,0.00014338352948922823,9
clot-like accumulations in the heart,Phenotype,0.00014338352948922823,9
continuous positive airway pressure,Drug,0.00014338352948922823,9
coxa valga,Phenotype,0.00014338352948922823,9
crying weakness,Phenotype,0.00014338352948922823,9
death or requiring at least 16 hours/day of ventilation support,Phenotype,0.00014338352948922823,9
death within the first two years of life,Phenotype,0.00014338352948922823,9
decreased active range of trunk motion,Phenotype,0.00014338352948922823,9
decreased aerobic capacity,Phenotype,0.00014338352948922823,9
decreased functional capacity,Phenotype,0.00014338352948922823,9
decreased gonial angles,Phenotype,0.00014338352948922823,9
decreased joint range of motion,Phenotype,0.00014338352948922823,9
decreased trunk joint torques,Phenotype,0.00014338352948922823,9
decreased vertebral depth,Phenotype,0.00014338352948922823,9
decreased vertebral height,Phenotype,0.00014338352948922823,9
decreased workload,Phenotype,0.00014338352948922823,9
decreasing muscle capacity,Phenotype,0.00014338352948922823,9
defects in gross motor functions,Phenotype,0.00014338352948922823,9
degeneration and deafferentation of motoneurons,Phenotype,0.00014338352948922823,9
degeneration of lower motoneurons,Phenotype,0.00014338352948922823,9
delay in motor skills,Phenotype,0.00014338352948922823,9
dental crowding,Phenotype,0.00014338352948922823,9
depressed miR-375 expression,Phenotype,0.00014338352948922823,9
developmental and functional defects of NMJ formation,Phenotype,0.00014338352948922823,9
developmental disruption of motor axons,Phenotype,0.00014338352948922823,9
developmentally immature motor neuron axons,Phenotype,0.00014338352948922823,9
difficulties to the development of motor skills,Phenotype,0.00014338352948922823,9
diminished growth,Phenotype,0.00014338352948922823,9
disease-causing variants,Variant,0.00014338352948922823,9
distress to limitation,Phenotype,0.00014338352948922823,9
edema,Phenotype,0.00014338352948922823,9
elevated p53 protein levels,Phenotype,0.00014338352948922823,9
emotional and behavioral dysregulation,Phenotype,0.00014338352948922823,9
emotionally reactive,Phenotype,0.00014338352948922823,9
enhanced intestinal permeability,Phenotype,0.00014338352948922823,9
eosinophilic oesophagitis,Phenotype,0.00014338352948922823,9
exercise intolerance,Phenotype,0.00014338352948922823,9
expressive language delay,Phenotype,0.00014338352948922823,9
failure to sit unsupported,Phenotype,0.00014338352948922823,9
falling reactivity/rate of recovery from distress,Phenotype,0.00014338352948922823,9
fat replacement in skeletal muscles,Phenotype,0.00014338352948922823,9
fatal pediatric condition,Phenotype,0.00014338352948922823,9
fatigue associated with mastication,Phenotype,0.00014338352948922823,9
fatty degeneration,Phenotype,0.00014338352948922823,9
fear,Phenotype,0.00014338352948922823,9
feeding intolerance,Phenotype,0.00014338352948922823,9
financial toxicity,Phenotype,0.00014338352948922823,9
fluid/electrolyte disorders,Phenotype,0.00014338352948922823,9
functional changes,Phenotype,0.00014338352948922823,9
gait disturbance,Phenotype,0.00014338352948922823,9
genetic defects,Phenotype,0.00014338352948922823,9
genetic disorder,Phenotype,0.00014338352948922823,9
genetic killer of infants,Phenotype,0.00014338352948922823,9
granular casts and crystals in urine,Phenotype,0.00014338352948922823,9
gray matter alterations,Phenotype,0.00014338352948922823,9
gray matter volume loss,Phenotype,0.00014338352948922823,9
greater lower facial convexity,Phenotype,0.00014338352948922823,9
grey matter atrophy,Phenotype,0.00014338352948922823,9
hand tremor,Phenotype,0.00014338352948922823,9
high fat mass index,Phenotype,0.00014338352948922823,9
high levels of platelets,Phenotype,0.00014338352948922823,9
high mortality rate,Phenotype,0.00014338352948922823,9
higher axonal threshold,Phenotype,0.00014338352948922823,9
higher odds of receiving disability pension,Phenotype,0.00014338352948922823,9
"hip, thigh, or knee weakness",Phenotype,0.00014338352948922823,9
homozygous deletion of the survival motor neuron-1 gene,Variant,0.00014338352948922823,9
hs-cTnT,Protein,0.00014338352948922823,9
hyperCKemia,Phenotype,0.00014338352948922823,9
hyperketosis,Phenotype,0.00014338352948922823,9
hyperlaxity,Phenotype,0.00014338352948922823,9
hyperlordosis,Phenotype,0.00014338352948922823,9
hyperopia,Phenotype,0.00014338352948922823,9
hypometabolism,Phenotype,0.00014338352948922823,9
immature sinusoids,Phenotype,0.00014338352948922823,9
immobility,Phenotype,0.00014338352948922823,9
immune dysregulation,Phenotype,0.00014338352948922823,9
immune organ defects,Phenotype,0.00014338352948922823,8
impaired bone development,Phenotype,0.00014338352948922823,9
impaired bulbar function,Phenotype,0.00014338352948922823,9
impaired oligodendrocyte lineages,Phenotype,0.00014338352948922823,9
impaired tissue perfusion,Phenotype,0.00014338352948922823,9
impairments in oro-facial musculature,Phenotype,0.00014338352948922823,9
inability to attend school,Phenotype,0.00014338352948922823,9
inability to crawl,Phenotype,0.00014338352948922823,9
inability to stand,Phenotype,0.00014338352948922823,9
inadequate cough flows,Phenotype,0.00014338352948922823,9
increase in motor adaptions,Phenotype,0.00014338352948922823,9
increase in muscle fatigue,Phenotype,0.00014338352948922823,9
increased EIM high-frequency reactance slope,Phenotype,0.00014338352948922823,9
increased FUS expression,Phenotype,0.00014338352948922823,9
increased facial divergence,Phenotype,0.00014338352948922823,9
increased fat mass,Phenotype,0.00014338352948922823,9
increased immature red blood cells,Phenotype,0.00014338352948922823,9
increased mandibular body length,Phenotype,0.00014338352948922823,9
increased mean GSA,Phenotype,0.00014338352948922823,9
increased megakaryocytes,Phenotype,0.00014338352948922823,9
increased middle and lower anterior face heights,Phenotype,0.00014338352948922823,9
increased sensitivity to muscle relaxants,Phenotype,0.00014338352948922823,9
increased sensitivity to opioids,Phenotype,0.00014338352948922823,9
increased subexcitability,Phenotype,0.00014338352948922823,9
increased susceptibility to DNA damage induced apoptosis,Phenotype,0.00014338352948922823,9
ineffective cough,Phenotype,0.00014338352948922823,9
intact pyramidal pathways,Phenotype,0.00014338352948922823,9
intercostal muscles,Phenotype,0.00014338352948922823,1
internalizing problems,Phenotype,0.00014338352948922823,9
iron deposition,Phenotype,0.00014338352948922823,9
isolated bilateral clubfoot,Phenotype,0.00014338352948922823,9
joint deformities,Phenotype,0.00014338352948922823,9
larger and more vertically developed nose,Phenotype,0.00014338352948922823,9
limitations with mobility or walking,Phenotype,0.00014338352948922823,9
limited screening,Phenotype,0.00014338352948922823,9
lip interposition,Phenotype,0.00014338352948922823,9
liver metabolic disorder,Phenotype,0.00014338352948922823,9
loss of SMN1,Gene,0.00014338352948922823,9
loss of mobility,Phenotype,0.00014338352948922823,9
loss of motor skills,Phenotype,0.00014338352948922823,9
loss of motor units,Phenotype,0.00014338352948922823,9
loss of muscle function,Phenotype,0.00014338352948922823,9
loss of vital capacity,Phenotype,0.00014338352948922823,9
low BMD,Phenotype,0.00014338352948922823,9
low BMI,Phenotype,0.00014338352948922823,9
low calcium intake,Phenotype,0.00014338352948922823,9
low folate intake,Phenotype,0.00014338352948922823,9
low motor function,Phenotype,0.00014338352948922823,9
low skeletal muscle mass,Phenotype,0.00014338352948922823,9
low vitamin D intake,Phenotype,0.00014338352948922823,9
lower clearance of acetaminophen,Phenotype,0.00014338352948922823,9
lower global left and right ventricular longitudinal strain,Phenotype,0.00014338352948922823,9
lower motor function (baseline MFM scores),Phenotype,0.00014338352948922823,9
lower odds of completing upper secondary education,Phenotype,0.00014338352948922823,9
lower saccade accuracy,Phenotype,0.00014338352948922823,9
lower smooth pursuit movement gain,Phenotype,0.00014338352948922823,9
maxillary compression,Phenotype,0.00014338352948922823,9
miR-146a,Gene,0.00014338352948922823,10
microglia,Protein,0.00014338352948922823,9
mitochondrial bioenergetics,Phenotype,0.00014338352948922823,17
mitochondrial mobility,Phenotype,0.00014338352948922823,9
mobility-limited communities,Phenotype,0.00014338352948922823,9
morphological abnormalities,Phenotype,0.00014338352948922823,9
motoneuron disease,Phenotype,0.00014338352948922823,9
motor unit activation,Phenotype,0.00014338352948922823,9
motor-functional limitations,Phenotype,0.00014338352948922823,9
movement problems,Phenotype,0.00014338352948922823,9
muscle contraction severely affected,Phenotype,0.00014338352948922823,9
muscle mitochondrial dysfunction,Phenotype,0.00014338352948922823,9
muscles die,Phenotype,0.00014338352948922823,9
needed help to sit,Phenotype,0.00014338352948922823,9
negative affectivity,Phenotype,0.00014338352948922823,9
nephrocalcinosis and fibrosis,Phenotype,0.00014338352948922823,9
neurodevelopmental vulnerability,Phenotype,0.00014338352948922823,9
neuromuscular junction degeneration,Phenotype,0.00014338352948922823,9
no useful function in hands or not able to reach mouth,Phenotype,0.00014338352948922823,9
non-ambulation,Phenotype,0.00014338352948922823,9
nonelicitable deep tendon jerks,Phenotype,0.00014338352948922823,9
number of NMJs severely affected,Phenotype,0.00014338352948922823,9
nutritional risk,Phenotype,0.00014338352948922823,9
oral feeding,Phenotype,0.00014338352948922823,9
oral motor weakness,Phenotype,0.00014338352948922823,9
orofacial dysfunction,Phenotype,0.00014338352948922823,9
oromotor difficulties,Phenotype,0.00014338352948922823,9
orphan drugs,Drug,0.00014338352948922823,9
parental carrier testing,Phenotype,0.00014338352948922823,9
paroxysmal motor manifestations,Phenotype,0.00014338352948922823,9
pathogenic CNV,Variant,0.00014338352948922823,9
pathology restricted to anterior horns of spinal cord,Phenotype,0.00014338352948922823,9
patients with SMA,Phenotype,0.00014338352948922823,9
pattern of pareses,Phenotype,0.00014338352948922823,9
peripheral core clock gene dysregulation,Phenotype,0.00014338352948922823,9
peripheral nerve atrophy,Phenotype,0.00014338352948922823,9
persistent foetal MyHC expression,Phenotype,0.00014338352948922823,9
plagiocephaly,Phenotype,0.00014338352948922823,9
postcentral gyrus degeneration,Phenotype,0.00014338352948922823,0
pre-symptomatic phase,Phenotype,0.00014338352948922823,9
prediabetes,Phenotype,0.00014338352948922823,9
pregnancy,Phenotype,0.00014338352948922823,9
progressive loss of muscular strength,Phenotype,0.00014338352948922823,9
progressive muscle denervation,Phenotype,0.00014338352948922823,9
progressive muscle involvement,Phenotype,0.00014338352948922823,9
progressive muscle waste,Phenotype,0.00014338352948922823,9
progressive proximal muscle waste and weakness,Phenotype,0.00014338352948922823,9
progressive tetraplegia,Phenotype,0.00014338352948922823,9
prolonged time to peak longitudinal strain (TTPLS),Phenotype,0.00014338352948922823,9
pseudohypertrophy of the gastrocnemius muscle,Phenotype,0.00014338352948922823,9
pulmonary dysfunction,Phenotype,0.00014338352948922823,9
quadriceps weakness,Phenotype,0.00014338352948922823,9
reduced antigravity movements,Phenotype,0.00014338352948922823,9
reduced bite force,Phenotype,0.00014338352948922823,9
reduced facial width-to-length ratio,Phenotype,0.00014338352948922823,9
reduced global longitudinal strain (GLS),Phenotype,0.00014338352948922823,9
reduced mandibular mobility,Phenotype,0.00014338352948922823,9
reduced muscle area,Phenotype,0.00014338352948922823,9
reduced myocardial mass,Phenotype,0.00014338352948922823,9
reduced pedicle size,Phenotype,0.00014338352948922823,9
reduced posterior-to-anterior face height ratio,Phenotype,0.00014338352948922823,9
resistance to degeneration of extraocular muscle neuromuscular junctions,Phenotype,0.00014338352948922823,9
respiratory and breathing problems,Phenotype,0.00014338352948922823,9
restless legs syndrome,Phenotype,0.00014338352948922823,9
rib-cage deformity,Phenotype,0.00014338352948922823,9
risk of pressure sores,Phenotype,0.00014338352948922823,9
saccadic eye movements,Phenotype,0.00014338352948922823,9
sadness,Phenotype,0.00014338352948922823,9
sat without support,Phenotype,0.00014338352948922823,9
severe clinical symptoms,Phenotype,0.00014338352948922823,9
severe neurodegenerative disorder,Phenotype,0.00014338352948922823,9
shear wave velocity,Phenotype,0.00014338352948922823,9
shorter mandibular ramus,Phenotype,0.00014338352948922823,9
silent spinal muscular atrophy carrier,Variant,0.00014338352948922823,9
smaller and down-slanted eye fissures,Phenotype,0.00014338352948922823,9
smaller biocular width,Phenotype,0.00014338352948922823,9
smaller mandibular convexity,Phenotype,0.00014338352948922823,9
smaller median nerve cross-sectional area,Phenotype,0.00014338352948922823,9
soothability,Phenotype,0.00014338352948922823,9
sparing of tongue muscle neuromuscular junctions,Phenotype,0.00014338352948922823,9
speech impairment,Phenotype,0.00014338352948922823,9
spinal cord gray matter atrophy,Phenotype,0.00014338352948922823,8
splice switching oligonucleotides,Drug,0.00014338352948922823,7
steep deterioration,Phenotype,0.00014338352948922823,9
stress problems,Phenotype,0.00014338352948922823,9
striated muscle atrophy,Phenotype,0.00014338352948922823,9
structural heart disease,Phenotype,0.00014338352948922823,9
subclinical ventricular dysfunction,Phenotype,0.00014338352948922823,9
suboptimal feeding,Phenotype,0.00014338352948922823,9
surgency/extraversion,Phenotype,0.00014338352948922823,9
survival of motor neuron protein deficiency,Protein,0.00014338352948922823,9
swallowing deficits,Phenotype,0.00014338352948922823,9
systemic inflammation,Phenotype,0.00014338352948922823,17
thoracic deformity,Phenotype,0.00014338352948922823,9
torticollis,Phenotype,0.00014338352948922823,9
two drugs,Drug,0.00014338352948922823,9
type 1,Phenotype,0.00014338352948922823,9
type 2,Phenotype,0.00014338352948922823,9
type 3,Phenotype,0.00014338352948922823,9
type IIx MyHC loss,Phenotype,0.00014338352948922823,9
ventilatory failure,Phenotype,0.00014338352948922823,9
ventilatory support more than 16 h/d,Phenotype,0.00014338352948922823,9
vulnerability of lumbrical muscle neuromuscular junctions,Phenotype,0.00014338352948922823,9
walked,Phenotype,0.00014338352948922823,9
weakness in head control,Phenotype,0.00014338352948922823,18
weakness of triceps brachii and quadriceps femoris,Phenotype,0.00014338352948922823,9
wheelchair use,Phenotype,0.00014338352948922823,9
white matter volume decreases,Phenotype,0.00014338352948922823,9
wide phenotypic variability,Phenotype,0.00014338352948922823,9
wider transverse facial diameters,Phenotype,0.00014338352948922823,9
widespread defects in central nervous system and peripheral non-neuronal cell types,Phenotype,0.00014338352948922823,9
genetic mutation,Variant,0.0001433236697127836,9
concentric lamellar inclusions,Phenotype,0.00014326380993633894,9
destruction of alpha motor cells,Phenotype,0.00014326380993633894,9
impaired cognitive development,Phenotype,0.00014326380993633894,9
inability to do activities,Phenotype,0.00014326380993633894,9
mitochondria alterations,Phenotype,0.00014326380993633894,9
non-ambulatory,Phenotype,0.00014326380993633894,9
disease symptoms,Phenotype,0.00014324866308562561,5
poor clearance of airway secretions,Phenotype,0.00014324561783261045,15
clinical signs consistent with SMA,Phenotype,0.00014314409038344972,9
cytochrome-c oxidase deficiency,Phenotype,0.00014314409038344972,9
early loss of respiratory function,Phenotype,0.00014314409038344972,9
increased fracture risk,Phenotype,0.00014314409038344972,9
loss of arm activities,Phenotype,0.00014314409038344972,9
loss of fascicular structure of nerves,Phenotype,0.00014314409038344972,9
muscle strength decline,Phenotype,0.00014314409038344972,9
patellofemoral pain,Phenotype,0.00014314409038344972,9
residue in the piriform sinuses,Phenotype,0.00014314409038344972,9
sinus tachycardia,Phenotype,0.00014314409038344972,9
slow disease progression in skeletal muscle,Phenotype,0.00014314409038344972,9
social communication difficulties,Phenotype,0.00014314409038344972,9
troponin I increase,Phenotype,0.00014303566100294673,13
generalised hypotonia,Phenotype,0.00014296451105411584,9
lateral ventricular volume,Phenotype,0.00014296451105411584,9
reduced cortical thickness,Phenotype,0.00014296451105411584,8
reduced vertebral body size,Phenotype,0.00014296451105411584,9
severe symmetric lower motor neuron deficit in the upper extremities,Phenotype,0.00014296451105411584,9
worse health status,Phenotype,0.00014296451105411584,9
diarrhea,Phenotype,0.00014294862547096433,13
DDX21,Protein,0.00014284479150122658,9
impaired swallowing efficacy,Phenotype,0.00014284479150122658,9
increased myogenic regulatory factors,Phenotype,0.00014284479150122658,9
reduced active zone number,Phenotype,0.00014284479150122658,9
reduced thalamic volume,Phenotype,0.00014284479150122658,8
recurrent pulmonary infections,Phenotype,0.0001428193532947639,15
5 novel variants,Variant,0.00014272507194833733,9
A1 CAP subtypes,Phenotype,0.00014272507194833733,9
A2 indexes,Phenotype,0.00014272507194833733,9
A3 subtypes,Phenotype,0.00014272507194833733,9
AMPK expression,Phenotype,0.00014272507194833733,9
Beclin 1,Protein,0.00014272507194833733,3
CD8+ T cell expansion,Phenotype,0.00014272507194833733,9
Calreticulin,Protein,0.00014272507194833733,9
Down syndrome,Disease,0.00014272507194833733,9
Ephrin B2,Protein,0.00014272507194833733,23
FUS,Gene,0.00014272507194833733,17
FVC%P,Phenotype,0.00014272507194833733,8
MATR3,Protein,0.00014272507194833733,9
Mobility,Phenotype,0.00014272507194833733,9
NIV requirement,Phenotype,0.00014272507194833733,9
NK cell expansion,Phenotype,0.00014272507194833733,9
PLS3 protein,Protein,0.00014272507194833733,9
RNA-mediated gene expression dysregulation,Phenotype,0.00014272507194833733,9
Respiratory Muscle Fatigability,Phenotype,0.00014272507194833733,81
TC/HC ratio,Phenotype,0.00014272507194833733,15
Type 1C,Variant,0.00014272507194833733,9
Vitamin D insufficiency,Phenotype,0.00014272507194833733,9
Werdnig Hoffman disease,Variant,0.00014272507194833733,9
aberrant fat distribution,Phenotype,0.00014272507194833733,9
abnormal echogenicity of aortic valve or wall,Phenotype,0.00014272507194833733,9
abnormal maxillofacial morphology,Phenotype,0.00014272507194833733,9
abnormal metabolism of glucose and fatty acids,Phenotype,0.00014272507194833733,9
abnormal morphological development,Phenotype,0.00014272507194833733,9
absent sensory nerve action potential amplitude,Phenotype,0.00014272507194833733,9
accelerated expression of MN progenitor and MN markers,Phenotype,0.00014272507194833733,9
acute phase response activation in the liver,Phenotype,0.00014272507194833733,9
adolescent idiopathic scoliosis,Disease,0.00014272507194833733,9
affection of motor neurons of lower bulbar cells,Phenotype,0.00014272507194833733,9
altered beta-oxidation,Phenotype,0.00014272507194833733,9
altered serum protein analytes,Phenotype,0.00014272507194833733,9
amyotrophy,Phenotype,0.00014272507194833733,9
anorexia nervosa,Disease,0.00014272507194833733,9
autosomal-recessive disorder,Phenotype,0.00014272507194833733,9
brain MRI signal changes,Phenotype,0.00014272507194833733,9
brain involvement,Phenotype,0.00014272507194833733,9
calbindin,Protein,0.00014272507194833733,9
calcium-sensing receptor,Protein,0.00014272507194833733,9
cerebellar damage,Phenotype,0.00014272507194833733,9
changes in neuroendocrine function,Phenotype,0.00014272507194833733,9
chronic motor neuronopathy,Phenotype,0.00014272507194833733,9
clinical and electrophysiological deterioration,Phenotype,0.00014272507194833733,9
communication difficulties,Phenotype,0.00014272507194833733,9
complex spinal anatomy,Phenotype,0.00014272507194833733,9
congenital heart malformation,Phenotype,0.00014272507194833733,9
daytime fatigue,Phenotype,0.00014272507194833733,9
decrease in percentage of stage N3,Phenotype,0.00014272507194833733,9
decrease in percentage of stage R,Phenotype,0.00014272507194833733,9
decrease in sleep efficiency,Phenotype,0.00014272507194833733,9
decreased GLE1 expression,Phenotype,0.00014272507194833733,9
decreased MART3 expression,Phenotype,0.00014272507194833733,9
decreased fertility,Phenotype,0.00014272507194833733,9
decreased growth rate,Phenotype,0.00014272507194833733,9
decreased heart microvasculature,Phenotype,0.00014272507194833733,9
decreased heart rate,Phenotype,0.00014272507194833733,9
defects in mRNP assembly,Phenotype,0.00014272507194833733,9
defects in neural stem cell specification,Phenotype,0.00014272507194833733,9
defects in synapse formation,Phenotype,0.00014272507194833733,9
defects in synaptic transmission,Phenotype,0.00014272507194833733,9
deficiencies and alterations in translation,Phenotype,0.00014272507194833733,9
degeneration of spine,Phenotype,0.00014272507194833733,9
diaphragm dysfunction,Phenotype,0.00014272507194833733,9
dicarboxylic aciduria,Phenotype,0.00014272507194833733,9
difficult swallowing,Phenotype,0.00014272507194833733,9
diffuse macular rash,Phenotype,0.00014272507194833733,9
digestive system dysfunction,Phenotype,0.00014272507194833733,15
digit necrosis,Phenotype,0.00014272507194833733,9
dilation of the ventricles,Phenotype,0.00014272507194833733,9
diminished lung and chest wall development,Phenotype,0.00014272507194833733,9
diminished muscle oxygen uptake,Phenotype,0.00014272507194833733,9
direct medical costs,Phenotype,0.00014272507194833733,9
dislocations,Phenotype,0.00014272507194833733,9
dropped head,Phenotype,0.00014272507194833733,9
early demise,Phenotype,0.00014272507194833733,9
early therapeutic intervention,Phenotype,0.00014272507194833733,9
electrocardiographic abnormalities,Phenotype,0.00014272507194833733,9
elevated glutamate,Phenotype,0.00014272507194833733,9
endocrine/metabolic disorders,Phenotype,0.00014272507194833733,9
enteral feeding,Phenotype,0.00014272507194833733,9
executive function vulnerability,Phenotype,0.00014272507194833733,9
expensive treatment costs,Phenotype,0.00014272507194833733,9
expressive language vulnerability,Phenotype,0.00014272507194833733,9
fasting hypoglycemia,Phenotype,0.00014272507194833733,9
fatigue during nursing sessions,Phenotype,0.00014272507194833733,9
fatty muscle degeneration,Phenotype,0.00014272507194833733,9
fewer MNs,Phenotype,0.00014272507194833733,9
flaccid paralysis,Phenotype,0.00014272507194833733,9
functional hypogonadism,Phenotype,0.00014272507194833733,9
gait,Phenotype,0.00014272507194833733,9
gamma-MN stability,Phenotype,0.00014272507194833733,9
gastrointestinal problems,Phenotype,0.00014272507194833733,9
gut microbiota,Phenotype,0.00014272507194833733,9
high fat mass,Phenotype,0.00014272507194833733,9
high functioning sitter-standers,Phenotype,0.00014272507194833733,9
high incidence,Phenotype,0.00014272507194833733,9
high trunk muscle capacity usage,Phenotype,0.00014272507194833733,9
high-grade scoliosis,Phenotype,0.00014272507194833733,9
high-risk couples,Phenotype,0.00014272507194833733,9
higher axial diffusivity in grey matter,Phenotype,0.00014272507194833733,9
higher cognitive scores,Phenotype,0.00014272507194833733,9
higher resting I/V slope,Phenotype,0.00014272507194833733,9
hyperlipidemia,Phenotype,0.00014272507194833733,9
hypotonia and motor delays,Phenotype,0.00014272507194833733,9
impaired executive function,Phenotype,0.00014272507194833733,9
impaired physical well-being,Phenotype,0.00014272507194833733,9
impaired psychosocial aspects,Phenotype,0.00014272507194833733,9
increase in awakenings per hour,Phenotype,0.00014272507194833733,9
increase in percentage of A1 CAP subtypes,Phenotype,0.00014272507194833733,9
increase in wake after sleep onset,Phenotype,0.00014272507194833733,9
increased MUSIX,Phenotype,0.00014272507194833733,9
increased apoptosis in cardiomyocytes,Phenotype,0.00014272507194833733,9
increased astrocytes,Phenotype,0.00014272507194833733,9
increased beta-hydroxybutyrate,Phenotype,0.00014272507194833733,9
increased head-shaft angle,Phenotype,0.00014272507194833733,9
increased lamin A/C levels,Phenotype,0.00014272507194833733,9
increased lumbar puncture opening pressure,Phenotype,0.00014272507194833733,9
increased maximum R-R interval,Phenotype,0.00014272507194833733,9
increased mean thickness of entire brain,Phenotype,0.00014272507194833733,9
increased muscle echointensity,Phenotype,0.00014272507194833733,9
increased swallows for bolus clearance,Phenotype,0.00014272507194833733,9
increased weakness,Phenotype,0.00014272507194833733,9
infantile death,Phenotype,0.00014272507194833733,9
insulin-like growth factor-binding proteins,Protein,0.00014272507194833733,9
knee extension decline,Phenotype,0.00014272507194833733,9
language comprehension,Phenotype,0.00014272507194833733,9
left ventricular ejection fraction (LVEF),Phenotype,0.00014272507194833733,9
left ventricular fractional shortening (LVFS),Phenotype,0.00014272507194833733,9
left ventricular wall thinning,Phenotype,0.00014272507194833733,9
limited mitochondrial Ca2+ capacity,Phenotype,0.00014272507194833733,9
limited mobility,Phenotype,0.00014272507194833733,9
limited synaptic vesicle pool extension,Phenotype,0.00014272507194833733,9
long-term event-free survival,Phenotype,0.00014272507194833733,9
longer PR interval,Phenotype,0.00014272507194833733,9
longer sensory latency,Phenotype,0.00014272507194833733,9
loss of active zones,Phenotype,0.00014272507194833733,9
loss of already acquired motor skills,Phenotype,0.00014272507194833733,9
loss of synaptic vesicles,Phenotype,0.00014272507194833733,9
low HRQoL,Phenotype,0.00014272507194833733,9
low Motor Optimality Score-Revised,Phenotype,0.00014272507194833733,9
low total body water,Phenotype,0.00014272507194833733,9
lower P-wave amplitudes,Phenotype,0.00014272507194833733,9
lower mean diffusivity in rostral nerve roots,Phenotype,0.00014272507194833733,9
lower network activity,Phenotype,0.00014272507194833733,9
metabolic and endocrine alterations,Phenotype,0.00014272507194833733,9
metabolic complications,Phenotype,0.00014272507194833733,9
metabolic disturbances,Phenotype,0.00014272507194833733,9
metabolic imbalances,Phenotype,0.00014272507194833733,9
meteorism,Phenotype,0.00014272507194833733,9
mild decrement in the amplitude of the compound motor action potentials,Phenotype,0.00014272507194833733,9
motion asymmetry,Phenotype,0.00014272507194833733,9
motor cortex abnormalities,Phenotype,0.00014272507194833733,9
motor deficiency,Phenotype,0.00014272507194833733,9
motor regression,Phenotype,0.00014272507194833733,9
motor unit degeneration,Phenotype,0.00014272507194833733,9
moyamoya syndrome,Disease,0.00014272507194833733,9
multiple organ systems,Phenotype,0.00014272507194833733,9
multisystem dysfunction,Phenotype,0.00014272507194833733,9
multisystem phenotype,Phenotype,0.00014272507194833733,9
muscle synergies,Phenotype,0.00014272507194833733,9
muscle waste,Phenotype,0.00014272507194833733,9
near-complete loss of motor function,Phenotype,0.00014272507194833733,9
neurodevelopmental challenges,Phenotype,0.00014272507194833733,9
neurogenic damage,Phenotype,0.00014272507194833733,9
"neurogenic features of groups of atrophic fibers, fiber-type grouping, and pyknotic nuclear clumps associated with fibers with rimmed vacuoles",Phenotype,0.00014272507194833733,9
night-time waking,Phenotype,0.00014272507194833733,9
no horizontal spatial-numerical associations,Phenotype,0.00014272507194833733,9
nocturnal noninvasive ventilation,Phenotype,0.00014272507194833733,9
non-ambulant,Phenotype,0.00014272507194833733,8
nonmotor neuronal and nonneural pathologies,Phenotype,0.00014272507194833733,9
norepinephrine,Phenotype,0.00014272507194833733,8
normal cTnT values,Phenotype,0.00014272507194833733,9
nutritional deterioration,Phenotype,0.00014272507194833733,9
nutritional problems,Phenotype,0.00014272507194833733,9
oropharyngeal swallow function deficits,Phenotype,0.00014272507194833733,9
orthopedic problems,Phenotype,0.00014272507194833733,9
orthopedic surgery,Phenotype,0.00014272507194833733,9
orthotics/orthoses,Phenotype,0.00014272507194833733,9
oxidative stress in cardiomyocytes,Phenotype,0.00014272507194833733,9
p62/SQSTM1,Protein,0.00014272507194833733,9
pain hypersensitivity,Phenotype,0.00014272507194833733,9
pain or discomfort,Phenotype,0.00014272507194833733,9
peripheral circulation disturbances,Phenotype,0.00014272507194833733,9
pharyngeal residue,Phenotype,0.00014272507194833733,9
poor sleep efficiency,Phenotype,0.00014272507194833733,9
poor weight gain with growth failure,Phenotype,0.00014272507194833733,9
pre-ganglionic sympathetic neurons unaffected,Phenotype,0.00014272507194833733,9
prenatal death,Phenotype,0.00014272507194833733,9
preserved deltoid muscle,Phenotype,0.00014272507194833733,9
prevalent abdominal contribution,Phenotype,0.00014272507194833733,9
progressive motoneuron cell loss,Phenotype,0.00014272507194833733,9
progressive neuromuscular disorder,Phenotype,0.00014272507194833733,9
progressive proximally accentuated muscle weakness,Phenotype,0.00014272507194833733,9
prolonged SDTC,Phenotype,0.00014272507194833733,9
prolonged refractoriness,Phenotype,0.00014272507194833733,9
prolonged total time to eat,Phenotype,0.00014272507194833733,9
pulmonary morbidity,Phenotype,0.00014272507194833733,9
qMRI,Phenotype,0.00014272507194833733,8
raised respiratory rate,Phenotype,0.00014272507194833733,9
reduced COX1 levels,Phenotype,0.00014272507194833733,9
reduced EAAT1,Protein,0.00014272507194833733,9
reduced NRG1 expression,Phenotype,0.00014272507194833733,9
reduced chondroblast number,Phenotype,0.00014272507194833733,9
reduced expression of early neural progenitor markers,Phenotype,0.00014272507194833733,9
reduced mitochondrial porin levels,Phenotype,0.00014272507194833733,9
reduced motor repertoire,Phenotype,0.00014272507194833733,9
reduced muscle mass,Phenotype,0.00014272507194833733,9
reduced neurite outgrowth rate,Phenotype,0.00014272507194833733,9
reduced optoacoustic signal in muscle tissue,Phenotype,0.00014272507194833733,8
reduced respiratory function,Phenotype,0.00014272507194833733,9
reduced succinate dehydrogenase complex subunit A levels,Phenotype,0.00014272507194833733,9
reduction of A2 and A3 indexes,Phenotype,0.00014272507194833733,9
reduction of percentage of A3 subtypes,Phenotype,0.00014272507194833733,9
reduction of tendon reflexes,Phenotype,0.00014272507194833733,9
regression of acquired neurodevelopmental milestones,Phenotype,0.00014272507194833733,9
relative stability,Phenotype,0.00014272507194833733,9
respiratory and bulbar dysfunction,Phenotype,0.00014272507194833733,9
respiratory compromise,Phenotype,0.00014272507194833733,9
reverse split-hand phenomenon,Phenotype,0.00014272507194833733,9
sagittal plane deformities,Phenotype,0.00014272507194833733,9
severe cardiomyopathy,Phenotype,0.00014272507194833733,9
severe involvement of iliopsoas,Phenotype,0.00014272507194833733,9
severe involvement of quadriceps femoris,Phenotype,0.00014272507194833733,9
severe malnutrition,Phenotype,0.00014272507194833733,9
shorter endurance time,Phenotype,0.00014272507194833733,9
silent aspiration,Phenotype,0.00014272507194833733,9
sleep disorders,Phenotype,0.00014272507194833733,9
sleep disturbances,Phenotype,0.00014272507194833733,9
sleep satisfaction,Phenotype,0.00014272507194833733,9
slower conduction velocity,Phenotype,0.00014272507194833733,9
slower metabolism of acetaminophen,Phenotype,0.00014272507194833733,9
smaller cardiac ventricles,Phenotype,0.00014272507194833733,9
snoring,Phenotype,0.00014272507194833733,9
social communication vulnerability,Phenotype,0.00014272507194833733,9
social-cognitive and responsibility aspects of adaptive functioning,Phenotype,0.00014272507194833733,9
spared diaphragm,Phenotype,0.00014272507194833733,9
spinal surgery,Phenotype,0.00014272507194833733,46
spinobulbar muscular atrophy,Disease,0.00014272507194833733,9
structural heart defects,Phenotype,0.00014272507194833733,9
swallowing issues,Phenotype,0.00014272507194833733,9
systemic multisystem abnormalities,Phenotype,0.00014272507194833733,9
temporomandibular contracture,Phenotype,0.00014272507194833733,9
testis growth retardation,Phenotype,0.00014272507194833733,9
tetraventricular hydrocephalus,Phenotype,0.00014272507194833733,9
thinning of the interventricular septum,Phenotype,0.00014272507194833733,9
thoracoabdominal paradox,Phenotype,0.00014272507194833733,9
tracheostomies,Phenotype,0.00014272507194833733,9
variable supine length,Phenotype,0.00014272507194833733,9
venous thromboembolism,Phenotype,0.00014272507194833733,9
ventilatory support required by 12 months,Phenotype,0.00014272507194833733,9
voice issues,Phenotype,0.00014272507194833733,9
weak sucking power,Phenotype,0.00014272507194833733,9
weakness of respiratory and bulbar muscles,Phenotype,0.00014272507194833733,9
H4 acetylation,Phenotype,0.00014264066943058847,3
SMN1 2 + 0 carriers,Variant,0.00014261033007263954,1
elevated mean 24-hour heart rate,Phenotype,0.0001426053523954481,9
stable fasciculation potential frequency,Phenotype,0.0001426053523954481,9
altered cytoskeletal organisation,Phenotype,0.00014254549261900345,9
progressive peripheral motor and sensory axonal degeneration,Phenotype,0.00014254000767701929,10
glucose homeostasis,Phenotype,0.00014253333669342135,12
alpha-COP,Protein,0.00014252416553177635,17
consanguinity,Phenotype,0.0001424257730661142,9
deep Q waves,Phenotype,0.0001424257730661142,9
delays in diagnosis,Phenotype,0.0001424257730661142,9
downregulated Sm-site containing mRNAs,Phenotype,0.0001424257730661142,9
forced vital capacity improvement,Phenotype,0.0001424257730661142,9
gastrostomy feeding,Phenotype,0.0001424257730661142,9
gene expression differences,Phenotype,0.0001424257730661142,9
heart failure due to septal defects,Phenotype,0.0001424257730661142,9
impaired recruitment of functional release sites,Phenotype,0.0001424257730661142,9
impaired removal of secretions,Phenotype,0.0001424257730661142,9
incomplete molecular specialization,Phenotype,0.0001424257730661142,9
low bone mineral density in lateral distal femur,Phenotype,0.0001424257730661142,9
lower physical component score,Phenotype,0.0001424257730661142,9
motor neuron recruitment,Phenotype,0.0001424257730661142,9
oculomotor abnormalities,Phenotype,0.0001424257730661142,9
poor weight gain,Phenotype,0.0001424257730661142,9
sarcopenia,Phenotype,0.0001424257730661142,9
septal defects,Phenotype,0.0001424257730661142,9
thin neck-wide epiphysis,Phenotype,0.0001424257730661142,9
vascular defects,Phenotype,0.0001424257730661142,9
SMN2 splicing defect,Variant,0.00014235707468102609,13
constrained neurotransmitter release,Phenotype,0.00014230605351322494,9
lower mental component score,Phenotype,0.00014230605351322494,9
reduced presynaptic reserve,Phenotype,0.00014230605351322494,9
motor neuron soma loss,Phenotype,0.0001422347729717202,3
mixed axonal and demyelinating neuropathy,Phenotype,0.0001421796996507559,1
respiratory defects,Phenotype,0.0001421696823915763,5
E87N,Variant,0.0001421324173074144,1
5 types,Variant,0.0001420067546310018,9
Autonomic Nervous System disorders,Phenotype,0.0001420067546310018,9
Diabetes mellitus type 1,Disease,0.0001420067546310018,9
EOMES,Gene,0.0001420067546310018,9
ICU,Phenotype,0.0001420067546310018,9
MetS,Phenotype,0.0001420067546310018,15
NMJ structure and function,Phenotype,0.0001420067546310018,9
NOVA1 expression,Phenotype,0.0001420067546310018,9
PCH1,Phenotype,0.0001420067546310018,0
PLZF,Protein,0.0001420067546310018,9
Perceived fatigue,Phenotype,0.0001420067546310018,15
SMA cases,Phenotype,0.0001420067546310018,9
SMA health outcomes,Phenotype,0.0001420067546310018,9
TBX21,Gene,0.0001420067546310018,9
VTE,Phenotype,0.0001420067546310018,9
aberrant glucose metabolism,Phenotype,0.0001420067546310018,9
abnormal cognitive performance,Phenotype,0.0001420067546310018,9
abnormal muscle structure of the submental and tongue muscles,Phenotype,0.0001420067546310018,9
abnormalities of the cardiac outflow tract,Phenotype,0.0001420067546310018,9
activity limitations,Phenotype,0.0001420067546310018,9
advanced cognitive capacity,Phenotype,0.0001420067546310018,9
altered GABAergic neurotransmission,Phenotype,0.0001420067546310018,9
approved treatments,Drug,0.0001420067546310018,9
asymmetric onset of weakness,Phenotype,0.0001420067546310018,9
autophagy impairment,Phenotype,0.0001420067546310018,9
benign ventricular arrhythmias,Phenotype,0.0001420067546310018,9
beta III-tubulin,Protein,0.0001420067546310018,2
biomarkers,Phenotype,0.0001420067546310018,9
blood retention in heart,Phenotype,0.0001420067546310018,9
callosal hypoplasia,Phenotype,0.0001420067546310018,9
cardiac complications,Phenotype,0.0001420067546310018,9
cardiovascular dysfunction,Phenotype,0.0001420067546310018,9
causal therapies,Drug,0.0001420067546310018,9
cerebral palsy,Disease,0.0001420067546310018,9
changes in skeletal muscle,Phenotype,0.0001420067546310018,9
changes in the spinal cord,Phenotype,0.0001420067546310018,9
chronic hypercapnic respiratory failure,Phenotype,0.0001420067546310018,9
congenital myasthenic syndrome,Phenotype,0.0001420067546310018,9
cytotoxicity,Phenotype,0.0001420067546310018,9
decreased muscle quality,Phenotype,0.0001420067546310018,9
decreased snRNP assembly activity,Phenotype,0.0001420067546310018,9
defective spliceosomes,Phenotype,0.0001420067546310018,9
deficiency in mRNA localization,Phenotype,0.0001420067546310018,9
depolarized action potential threshold,Phenotype,0.0001420067546310018,9
diaphragm thickening reduction,Phenotype,0.0001420067546310018,9
difficult airway anatomy,Phenotype,0.0001420067546310018,9
diminished bone health,Phenotype,0.0001420067546310018,9
disturbed utilization of free fatty acids,Phenotype,0.0001420067546310018,9
dural sac termination at higher level,Phenotype,0.0001420067546310018,9
endocytosis decrease,Phenotype,0.0001420067546310018,9
euglycemic ketoacidosis,Phenotype,0.0001420067546310018,9
fatiguability,Phenotype,0.0001420067546310018,9
financial constraints,Phenotype,0.0001420067546310018,9
first drugs,Drug,0.0001420067546310018,9
fracturing of the neurites,Phenotype,0.0001420067546310018,9
functional and intelligible speech,Phenotype,0.0001420067546310018,9
gamete development abnormalities,Phenotype,0.0001420067546310018,9
gastro-oesophageal reflux,Phenotype,0.0001420067546310018,9
gene-specific therapies,Drug,0.0001420067546310018,24
healthcare resource utilisation,Phenotype,0.0001420067546310018,9
heterotopic neurons in the lateral funiculus,Phenotype,0.0001420067546310018,9
higher Apo B/Apo A1 ratio,Phenotype,0.0001420067546310018,9
higher LDL/HDL ratio,Phenotype,0.0001420067546310018,9
higher cold pain threshold,Phenotype,0.0001420067546310018,9
higher healthcare utilization,Phenotype,0.0001420067546310018,9
hyperactivated ER stress pathway,Phenotype,0.0001420067546310018,9
hypercoagulability,Phenotype,0.0001420067546310018,9
hypothyroidism,Phenotype,0.0001420067546310018,9
iPSCs,Phenotype,0.0001420067546310018,9
impaired myogenic maturation,Phenotype,0.0001420067546310018,9
increased fat accretion,Phenotype,0.0001420067546310018,9
increased fracture incidence,Phenotype,0.0001420067546310018,9
increased ketone production,Phenotype,0.0001420067546310018,9
increasing disease burden,Phenotype,0.0001420067546310018,9
infection,Phenotype,0.0001420067546310018,9
lack of S100 positive perisynaptic Schwann cells,Phenotype,0.0001420067546310018,9
lamin A/C dysregulation,Phenotype,0.0001420067546310018,9
language,Phenotype,0.0001420067546310018,9
larger warm dispersion,Phenotype,0.0001420067546310018,9
liability of neuronal degeneration,Phenotype,0.0001420067546310018,9
limb hypotonia,Phenotype,0.0001420067546310018,9
limited endurance and ambulatory capacity,Phenotype,0.0001420067546310018,9
lipid abnormalities,Phenotype,0.0001420067546310018,9
long thin neck,Phenotype,0.0001420067546310018,9
low density of metaphyseal bone,Phenotype,0.0001420067546310018,9
lower excitatory synaptic activity,Phenotype,0.0001420067546310018,9
memory,Phenotype,0.0001420067546310018,9
microdysgenesis in the white matter of the frontal lobe,Phenotype,0.0001420067546310018,9
mild paresis of the right elbow extension,Phenotype,0.0001420067546310018,9
minor spliceosome,Protein,0.0001420067546310018,9
molecular changes in cell division and cartilage remodeling,Phenotype,0.0001420067546310018,9
motor circuit dysfunction,Phenotype,0.0001420067546310018,9
motor cortical and cerebellar abnormalities,Phenotype,0.0001420067546310018,9
motor unit model,Phenotype,0.0001420067546310018,9
need of permanent ventilation,Phenotype,0.0001420067546310018,9
nerve contusion,Phenotype,0.0001420067546310018,9
neurodevelopmental differences,Phenotype,0.0001420067546310018,9
neurogenic EMG changes,Phenotype,0.0001420067546310018,9
neurogenic scoliosis,Phenotype,0.0001420067546310018,9
neurological drugs,Drug,0.0001420067546310018,9
neurotransmitter release reduction,Phenotype,0.0001420067546310018,9
novel therapies,Drug,0.0001420067546310018,9
numbness in the right upper limb,Phenotype,0.0001420067546310018,9
nutritional optimization,Phenotype,0.0001420067546310018,9
orthopedic symptoms,Phenotype,0.0001420067546310018,9
paralogous gene,Gene,0.0001420067546310018,9
paraspinal muscle involvement,Phenotype,0.0001420067546310018,9
pathological changes of the neuromuscular junction,Phenotype,0.0001420067546310018,9
patient genetics,Phenotype,0.0001420067546310018,9
pelvic asymmetry,Phenotype,0.0001420067546310018,9
perinatal death,Phenotype,0.0001420067546310018,9
peripheral denervation,Phenotype,0.0001420067546310018,9
plasma p-tau181,Protein,0.0001420067546310018,9
poor practical adaptive skills,Phenotype,0.0001420067546310018,9
premature delivery,Phenotype,0.0001420067546310018,9
proinflammatory cytokines,Protein,0.0001420067546310018,9
prolonged P-R interval,Phenotype,0.0001420067546310018,9
prolonged hospitalisation,Phenotype,0.0001420067546310018,9
pulmonary infection,Phenotype,0.0001420067546310018,9
reduced D50,Phenotype,0.0001420067546310018,9
reduced c-Kit positive cells,Phenotype,0.0001420067546310018,9
reduced right bicipital and tricipital reflexes,Phenotype,0.0001420067546310018,9
reduced survival without invasive ventilation,Phenotype,0.0001420067546310018,9
reduced volume of cerebellar lobule X,Phenotype,0.0001420067546310018,9
reproductive challenges,Phenotype,0.0001420067546310018,9
respirator dependence,Phenotype,0.0001420067546310018,9
respiratory depression,Phenotype,0.0001420067546310018,9
round epiphysis,Phenotype,0.0001420067546310018,9
severe COVID-19,Phenotype,0.0001420067546310018,9
severe SMA,Phenotype,0.0001420067546310018,9
skeletal muscle defects,Phenotype,0.0001420067546310018,9
sleep deprivation,Phenotype,0.0001420067546310018,9
sleep problems,Phenotype,0.0001420067546310018,9
sleep-related hypoventilation,Phenotype,0.0001420067546310018,9
small diameter of long-bone shafts,Phenotype,0.0001420067546310018,9
smaller capacitance,Phenotype,0.0001420067546310018,9
sodium current density,Phenotype,0.0001420067546310018,9
spatial language,Phenotype,0.0001420067546310018,9
spleen pathology,Phenotype,0.0001420067546310018,9
suffering,Phenotype,0.0001420067546310018,9
swallowing disorders,Phenotype,0.0001420067546310018,9
swelling legs,Phenotype,0.0001420067546310018,9
symmetrical weakening of muscle strength,Phenotype,0.0001420067546310018,9
taurine reduction,Phenotype,0.0001420067546310018,9
therapeutic developments,Phenotype,0.0001420067546310018,9
thinned muscle shape,Phenotype,0.0001420067546310018,9
thoraco-lumbar spinal fusions,Phenotype,0.0001420067546310018,9
top 10 genes,Gene,0.0001420067546310018,9
type I,Phenotype,0.0001420067546310018,16
vertical saccade velocity,Phenotype,0.0001420067546310018,9
virus-mediated gene therapy,Drug,0.0001420067546310018,0
vital capacity,Phenotype,0.0001420067546310018,9
2+0 genotype,Variant,0.00014198700735440958,1
CHP1,Protein,0.00014188721211201856,6
falling,Phenotype,0.00014164759597233407,9
multi-systemic health impact,Phenotype,0.00014164759597233407,9
nerve remodeling,Phenotype,0.00014164759597233407,9
no correlation between migration percentage and acetabular width to epiphysis width,Phenotype,0.00014164759597233407,9
oral aversion,Phenotype,0.00014164759597233407,9
oxidative metabolites elimination clearance,Phenotype,0.00014164759597233407,9
sulfate formation clearance,Phenotype,0.00014164759597233407,9
impaired locomotion,Phenotype,0.00014164525540014301,0
necrotizing enterocolitis,Phenotype,0.00014157134515969472,13
ubiquitination degradation of YBX1,Phenotype,0.00014153053780355094,17
cardiotoxicity,Phenotype,0.00014151414321026914,13
FABP3,Gene,0.0001415080932251705,1
HDL-like particles,Protein,0.00014134829709011096,9
IgA nephropathy,Disease,0.00014134829709011096,9
Schwann cell function,Phenotype,0.00014134829709011096,9
aberrant splicing of U12-dependent introns,Phenotype,0.00014134829709011096,9
abnormal sensorimotor experience,Phenotype,0.00014134829709011096,9
achromatic neurons in the anterior horn of the lumbar segment,Phenotype,0.00014134829709011096,9
airway difficulties,Phenotype,0.00014134829709011096,9
catecholaminergic synapse loss,Phenotype,0.00014134829709011096,9
clinical findings,Phenotype,0.00014134829709011096,9
cortical neuron function,Phenotype,0.00014134829709011096,9
decreased expression of actin cytoskeleton regulators,Phenotype,0.00014134829709011096,9
decreased performance in social situations,Phenotype,0.00014134829709011096,9
decreased smooth muscle size,Phenotype,0.00014134829709011096,9
delayed wound healing,Phenotype,0.00014134829709011096,9
demyelinating process,Phenotype,0.00014134829709011096,9
dilated cardiomyopathy,Disease,0.00014134829709011096,9
early neurological signs,Phenotype,0.00014134829709011096,9
elevated brain natriuretic peptide,Phenotype,0.00014134829709011096,9
functional performance,Phenotype,0.00014134829709011096,9
genotype-phenotype variation,Variant,0.00014134829709011096,9
global hyporeflexia,Phenotype,0.00014134829709011096,9
gray matter atrophy of cerebellar lobule IX,Phenotype,0.00014134829709011096,9
impaired cognitive performances,Phenotype,0.00014134829709011096,9
impairment in feces excretion,Phenotype,0.00014134829709011096,9
intragenic mutations,Variant,0.00014134829709011096,9
liver involvement,Phenotype,0.00014134829709011096,9
loss of individual autonomy,Phenotype,0.00014134829709011096,9
lower limb dysfunction,Phenotype,0.00014134829709011096,9
motor unit reserve capacity,Phenotype,0.00014134829709011096,9
nocturnal BiPAP,Phenotype,0.00014134829709011096,9
osteoporosis,Phenotype,0.00014134829709011096,9
overall IQ,Phenotype,0.00014134829709011096,9
persistence of ketogenesis,Phenotype,0.00014134829709011096,9
pleural effusion,Phenotype,0.00014134829709011096,9
ppFVC,Phenotype,0.00014134829709011096,9
pressure-related soft tissue injuries,Phenotype,0.00014134829709011096,9
proteostatic dysfunction,Phenotype,0.00014134829709011096,9
rare supraventricular premature beats,Phenotype,0.00014134829709011096,9
reduced bladder mass,Phenotype,0.00014134829709011096,9
reduced calcium response,Phenotype,0.00014134829709011096,9
respiratory muscle function,Phenotype,0.00014134829709011096,9
sexual dysfunction,Phenotype,0.00014134829709011096,9
small spleens,Phenotype,0.00014134829709011096,9
spasticity,Phenotype,0.00014134829709011096,9
spondylodesis,Phenotype,0.00014134829709011096,9
technology dependence,Phenotype,0.00014134829709011096,9
terminal respiratory complications,Phenotype,0.00014134829709011096,9
tongue atrophy with fasciculations,Phenotype,0.00014134829709011096,9
weakened knee and ankle tendon reflexes,Phenotype,0.00014134829709011096,9
wheelchair dependency,Phenotype,0.00014134829709011096,9
survival time,Phenotype,0.0001413169855879715,3
aggressive phenotypes,Phenotype,0.00014126827838003176,8
muscle destruction,Phenotype,0.00014126827838003176,8
"cognitive, language, and behavioural delays",Phenotype,0.00014110885798433243,9
occipital horns,Phenotype,0.0001411059579759887,2
vanishing spinal motoneurons,Phenotype,0.00014096629880685515,0
MLPA,Phenotype,0.00014062997977277544,9
neurodevelopmental difficulties,Phenotype,0.00014062997977277544,9
single plex PCR,Phenotype,0.00014062997977277544,9
rhombencephalosynapsis,Phenotype,0.00014056017976544832,0
muscle pathology,Phenotype,0.00014046694086803022,6
lower CMAP,Phenotype,0.0001402195765084436,7
hemolytic anemia,Phenotype,0.0001402140913783629,13
Sam68,Protein,0.0001401515757977686,7
class II molar relationship,Phenotype,0.0001400151194619794,16
enlarged overjet,Phenotype,0.0001400151194619794,16
posterior crossbite,Phenotype,0.0001400151194619794,16
DNA,Gene,0.00013997152223188455,9
acetabular dysplasia,Phenotype,0.00013997152223188455,9
altered cortical-spinal interactions,Phenotype,0.00013997152223188455,9
anoxic brain damage,Phenotype,0.00013997152223188455,9
bilateral global cortical atrophy,Phenotype,0.00013997152223188455,9
bronchial wall thickening,Phenotype,0.00013997152223188455,9
changes in the liver,Phenotype,0.00013997152223188455,9
diffuse calvarial hyperostosis,Phenotype,0.00013997152223188455,9
hypoxemic cardiac arrest,Phenotype,0.00013997152223188455,9
increased LOP,Phenotype,0.00013997152223188455,9
loss of balance,Phenotype,0.00013997152223188455,9
mucus plugging,Phenotype,0.00013997152223188455,9
parenchymal changes,Phenotype,0.00013997152223188455,9
pathological alterations,Phenotype,0.00013997152223188455,9
refractive issues,Phenotype,0.00013997152223188455,9
renal impairment,Phenotype,0.00013997152223188455,9
risk of severe COVID-19 symptoms,Phenotype,0.00013997152223188455,9
strabismus,Phenotype,0.00013997152223188455,9
stumbling,Phenotype,0.00013997152223188455,9
wheelchair-bound,Phenotype,0.00013997152223188455,9
number of gems,Phenotype,0.00013970984912507002,1
sleep study parameters,Phenotype,0.00013948242548416688,15
haemolytic anemia,Phenotype,0.0001392583356925353,13
impaired cell cycle of neuronal progenitors,Phenotype,0.00013904136637245363,0
silent carrier genotype,Phenotype,0.0001389788498930848,1
milder-than-predicted SMA phenotypes,Phenotype,0.00013892923028716427,17
good outcome,Phenotype,0.00013883047510331533,8
less favourable outcome,Phenotype,0.00013883047510331533,8
truncated Rit1 transcript,Variant,0.00013871602817923395,24
esotropia,Phenotype,0.00013859474737365815,9
reduced cross-sectional area at C7,Phenotype,0.00013859474737365815,9
smooth pursuit gain,Phenotype,0.00013859474737365815,9
sperm concentration,Phenotype,0.00013856564875916428,8
c-Fos,Protein,0.0001384706398631232,10
perineuronal net,Phenotype,0.00013840547125971251,1
autonomous ambulation,Phenotype,0.00013836272161563213,16
Smn null allele,Variant,0.00013826806491453903,17
distribution defect,Phenotype,0.00013801089213373938,0
hypertension,Phenotype,0.00013796208775862067,13
peak flow,Phenotype,0.00013782349892552876,18
phenotypic variability in SMA Type 2 subtypes,Phenotype,0.00013760467642260837,1
T2 values of the left orbital part of superior frontal gyrus,Phenotype,0.0001375593344110121,8
T2 values of the right olfactory cortex,Phenotype,0.0001375593344110121,8
clinical phenotype differences,Phenotype,0.00013736260350729373,5
glutamate,Phenotype,0.0001373470961755796,10
feeding efficiency,Phenotype,0.00013729127545805228,13
severe motor and respiratory impairment,Phenotype,0.00013727365638407902,0
Notch dysregulation,Phenotype,0.00013721797251543176,9
pathogenic risk factor,Phenotype,0.0001372053209781132,1
intramuscular fat fraction,Phenotype,0.00013718332742865947,8
hSMN2 expression,Phenotype,0.00013703988283950884,9
exon 7 retention,Phenotype,0.00013700309468274,13
stability,Phenotype,0.0001370004554009298,12
hand/finger extension-flexion function,Phenotype,0.00013699486605011447,8
mitochondrial health,Phenotype,0.00013671761549781896,9
CAG-repeat expansion,Variant,0.00013656386584385947,25
serious liver injury,Phenotype,0.00013646996081520928,13
stable motor function,Phenotype,0.00013641063139907696,8
ceramide synthase 1,Protein,0.00013638456590703778,0
motoneuron function,Phenotype,0.00013633654208374533,15
white myofibres,Phenotype,0.00013629600773570235,9
positive motor response,Phenotype,0.00013628576468705902,13
vocal cord paralysis,Phenotype,0.00013623025422218957,5
genetic variation,Variant,0.00013610710113521902,9
U2AF large subunit,Protein,0.00013609891299201223,1
fast skeletal troponin,Protein,0.00013609891299201223,0
motor amplitude response of the tibial nerve,Phenotype,0.00013609891299201223,9
p.Q353X,Variant,0.00013609891299201223,0
PLEKHG5,Gene,0.00013609381908406148,0
Aromatic l-amino acid decarboxylase deficiency,Disease,0.00013597037080530995,32
osteoclast differentiation,Phenotype,0.00013592275367926726,74
sleep architecture,Phenotype,0.0001359048550490673,9
hand velocity,Phenotype,0.00013590105743365,9
neuro-muscular function,Phenotype,0.00013585488529662505,7
SMN SMA-causing alleles,Variant,0.0001358213912862015,17
Ubiquitin-adenylating ability,Phenotype,0.0001358213912862015,106
decannulation,Phenotype,0.0001358213912862015,9
endothelial cell dysfunction,Phenotype,0.0001358213912862015,108
increased nuclear rigidity,Phenotype,0.0001358213912862015,145
death or permanent invasive ventilation,Phenotype,0.00013579994671057572,8
genomic instability,Phenotype,0.00013579994671057572,9
neuromuscular transmission reliability,Phenotype,0.00013579994671057572,15
mild disease,Phenotype,0.00013579175723223619,1
mitochondrial turnover and dynamics,Phenotype,0.00013579175723223619,9
neurodevelopmental outcome,Phenotype,0.00013579175723223619,9
SMN1 compound heterozygous mutations,Variant,0.0001357430038582371,9
preexisting neutralizing antibodies,Phenotype,0.00013569396519599668,188
severe types of SMA,Disease,0.00013569396519599668,87
Fas recruitment,Phenotype,0.0001356928324923633,17
neuronal function,Phenotype,0.00013569127047919545,122
KDSR,Protein,0.0001356888703327408,9
I121N,Variant,0.00013568844091613758,0
alpha motor neurons,Protein,0.0001356427682246433,9
assembly-defective snRNAs,Phenotype,0.00013564163551014758,52
endothelial cell health,Phenotype,0.00013564163551014758,108
lower attention performance,Phenotype,0.00013564163551014758,166
diagnostic journeys,Phenotype,0.00013556540282218496,84
motoneuron death,Phenotype,0.00013556482684814092,17
GABARAP,Protein,0.00013551420512938168,60
Kv2.1,Protein,0.00013551420512938168,8
SMARD,Phenotype,0.00013551420512938168,5
TBLH BMD Z-scores,Phenotype,0.00013551420512938168,8
alternative splicing of SMN2,Phenotype,0.00013551420512938168,7
autosomal-recessive distal spinal muscular atrophy,Phenotype,0.00013551420512938168,60
axonal truncation and branching phenotype,Phenotype,0.00013551420512938168,45
bulbar function deterioration,Phenotype,0.00013551420512938168,16
c.303+1-7GTAATAT>AC,Variant,0.00013551420512938168,5
camptocormia,Phenotype,0.00013551420512938168,0
cellular senescence,Phenotype,0.00013551420512938168,10
condition,Phenotype,0.00013551420512938168,100
delayed microtubule re-polymerization and abnormal mitotic spindles,Phenotype,0.00013551420512938168,103
maximal isometric strength,Phenotype,0.00013551420512938168,8
neurite growth,Phenotype,0.00013551420512938168,9
nuclear localization,Phenotype,0.00013551420512938168,94
number of motoneurons,Phenotype,0.00013551420512938168,100
physical QoL,Phenotype,0.00013551420512938168,9
protein stability,Phenotype,0.00013551420512938168,94
reduced ACDase activity,Phenotype,0.00013551420512938168,0
reduced polymerized alpha-tubulin,Phenotype,0.00013551420512938168,103
sensory nerve degeneration,Phenotype,0.00013551420512938168,147
stress response,Phenotype,0.00013551420512938168,5
sympathetic hyperactivity,Phenotype,0.00013551420512938168,147
growth rate,Phenotype,0.00013550923067664992,6
appointment wait times,Phenotype,0.00013546300743657837,84
beta-thalassemia,Disease,0.0001354137153650953,9
H3,Protein,0.00013538929033910587,9
male reproductive organ development,Phenotype,0.000135387094724462,17
UES function,Phenotype,0.00013538677474861575,16
"higher language, verbal fluency, and memory performance",Phenotype,0.00013538677474861575,166
behavioural benefit,Phenotype,0.00013533713977956788,122
NCALD,Gene,0.0001353360268609644,45
genetically and phenotypically more homogeneous,Phenotype,0.00013533444506276667,87
lymphoid pathology,Phenotype,0.00013533444506276667,8
standing participation,Phenotype,0.00013533444506276667,15
transduction efficiency,Phenotype,0.00013533444506276667,188
SMA mice,Disease,0.00013528880230002688,17
myopathies,Disease,0.00013528540640052626,9
PlexinD1 cleavage product,Protein,0.00013523665302652714,9
SMN protein production,Protein,0.00013523665302652714,1
U1 small nuclear ribonucleic protein (snRNP),Protein,0.00013523665302652714,9
exposure,Phenotype,0.00013523665302652714,9
neuromuscular synapse morphology,Phenotype,0.00013523665302652714,23
GAP43 mRNA,Gene,0.000135232293137604,17
mobility learning,Phenotype,0.00013522846354818761,150
ability to half roll on both sides,Phenotype,0.0001352109232867932,9
higher levels of anxiety,Phenotype,0.0001352109232867932,9
higher levels of depression,Phenotype,0.0001352109232867932,9
roll from prone to supine,Phenotype,0.0001352109232867932,9
MN Ca(2+) responses,Phenotype,0.00013520701897256187,50
MN soma size,Phenotype,0.00013520701897256187,24
Ubiquitin thioester bond formation,Phenotype,0.00013520701897256187,106
disrupted contractile activity,Phenotype,0.00013520701897256187,145
locomotion,Phenotype,0.00013520701897256187,45
mucus accumulation,Phenotype,0.00013520701897256187,2
scoliosis prevalence,Phenotype,0.00013520701897256187,8
ERK,Protein,0.00013511082504281036,17
bone formation,Phenotype,0.00013510565657949607,74
SMA subtypes,Phenotype,0.00013506704298484973,1
mild immune response,Phenotype,0.00013505803945345338,32
distal intermediate neuropathy with scapular winging,Phenotype,0.00013493459117470185,0
muscle damage,Phenotype,0.00013492130912354434,9
tracheostomy ventilation,Drug,0.00013492130912354434,15
spinal muscular atrophy carrier status,Phenotype,0.0001347300585802063,9
glial dysfunction,Phenotype,0.00013464384435172555,9
reduced EIM and CMAP values,Phenotype,0.00013464384435172555,9
IGHMBP2 protein function,Phenotype,0.00013461777885968637,9
granulomas of the larynx and epiglottis,Phenotype,0.00013447065845525376,0
hoarse cry,Phenotype,0.00013447065845525376,0
progressive arthritis,Phenotype,0.00013447065845525376,0
subcutaneous joint nodules,Phenotype,0.00013447065845525376,0
CAG repetition,Variant,0.00013446454441490386,25
intronic variants in PFN2,Variant,0.0001344590626043747,9
increased microtubule stability,Phenotype,0.00013436980933371516,0
early-onset motor neuron diseases,Disease,0.00013431079476094437,6
FOXM1,Gene,0.0001340431201368791,13
distended joints,Phenotype,0.00013393353950517193,0
hoarse voice,Phenotype,0.00013393353950517193,0
lipogranulomas,Phenotype,0.00013393353950517193,0
median amplitude,Phenotype,0.0001338165019052648,16
diaphragm dysmotility,Phenotype,0.0001337509700380638,15
accelerated proliferation,Phenotype,0.00013352624186936408,18
altered expression of cell cycle proteins,Phenotype,0.00013343115690208658,18
age-dependent muscle atrophy,Phenotype,0.00013324357488557077,3
progressive deterioration of gait,Phenotype,0.00013324357488557077,3
cell size reduction,Phenotype,0.00013324098696753154,18
cerebellar atrophy,Phenotype,0.0001332311318039489,0
neurodevelopmental and cognitive deficits,Phenotype,0.0001329635574342895,51
alterations in L-glutamate levels,Phenotype,0.00013239221398667615,51
dysregulation of D-/L-amino acids,Phenotype,0.00013239221398667615,51
reduction in prenatal D-aspartate levels,Phenotype,0.00013239221398667615,51
reduction in spinal cord D-aspartate levels,Phenotype,0.00013239221398667615,51
loss of proprioceptive synapses,Phenotype,0.00013222751602594754,6
severe denervation,Phenotype,0.00013216614217386203,8
Mdm2,Gene,0.00013172059875024632,10
Mdm4,Gene,0.00013172059875024632,10
quadriceps strength,Phenotype,0.0001316883653591978,8
white matter abnormalities,Phenotype,0.000131198374981132,19
grasp,Phenotype,0.00013110867413278096,8
pinch,Phenotype,0.00013110867413278096,8
righting reflex,Phenotype,0.0001310517488315813,6
SMN1 duplication,Variant,0.0001307850632598411,1
depressiveness,Phenotype,0.0001306754444560908,3
talipes calcaneovalgus,Phenotype,0.00013062573690884275,0
mRNA axonal transport,Phenotype,0.00013035970476176701,17
neuronal polarization,Phenotype,0.00013021362965518534,17
stair climbing,Phenotype,0.00013009453209746725,8
decreased membrane capacitance,Phenotype,0.0001298299444554555,25
decreased rheobase current,Phenotype,0.0001298299444554555,25
hyperpolarized resting membrane potential,Phenotype,0.0001298299444554555,25
increased afterdepolarization potential,Phenotype,0.0001298299444554555,25
increased amplitude,Phenotype,0.0001298299444554555,25
independent ambulation,Phenotype,0.00012978957928612197,16
intronic variants in TDP-43,Variant,0.0001297707279301563,7
fatty liver,Phenotype,0.0001297399464542841,17
SMN complex,Protein,0.00012965831966827628,17
small nuclear ribonucleoprotein assembly,Phenotype,0.0001295652568313237,23
NMJ integrity,Phenotype,0.00012952402679158217,17
cNfL,Protein,0.00012951391819452534,8
excess CAG repeats in the androgen receptor gene,Variant,0.00012942357203806664,25
eye defects,Phenotype,0.00012937113919603147,17
higher long-lasting potentiation,Phenotype,0.00012930578213173928,25
lower charge transfer per sEPSC,Phenotype,0.00012930578213173928,25
reduced AP firing frequency,Phenotype,0.00012930578213173928,25
reduced threshold current,Phenotype,0.00012930578213173928,25
NRN1,Gene,0.00012929818097363532,16
pre-mRNA splicing,Phenotype,0.00012917378228036164,1
reduced eye size,Phenotype,0.0001291163604869963,17
SmD1/D2/F/E/G,Protein,0.00012910117671080333,17
SMN1-null genotype,Variant,0.00012906273447006337,1
poor clinical outcomes,Phenotype,0.00012906273447006337,1
SMN2 promoter-driven reporter gene activity,Phenotype,0.00012897905831703484,7
"cramps affecting the abdomen, neck, and limbs",Phenotype,0.00012895516342287228,25
"fasciculation in the forearms, abdomen, and chin",Phenotype,0.00012895516342287228,25
sensory neuronopathy with neurogenic changes on EMG,Phenotype,0.00012895516342287228,25
EXOSC9,Gene,0.0001289227101595026,0
D44V,Variant,0.00012888396243224346,9
Akt phosphorylation,Phenotype,0.0001288073505446116,7
EAAT1,Protein,0.0001287638273551835,10
atrophic symptoms,Phenotype,0.00012868192308771413,0
hepatotoxicity,Phenotype,0.00012865266093763035,13
very severe spinal muscular atrophy,Disease,0.00012859923824750272,2
viability,Phenotype,0.00012858798705074563,17
gynecomastia,Phenotype,0.00012844417220629658,25
shoulder girdle wasting,Phenotype,0.00012844417220629658,25
"unaffected, heterozygous carriers",Phenotype,0.00012838855814633878,1
SMN2 methylation,Variant,0.00012815740462927838,7
decreased muscle power,Phenotype,0.00012809360600470924,1
neurogenic lesion,Phenotype,0.00012809360600470924,1
chondrolectin,Gene,0.0001277893856628983,5
HDAC2,Protein,0.0001277062334416789,7
HDAC7,Protein,0.0001277062334416789,7
malformations of cortical development,Phenotype,0.000127656204248255,0
masking of heterozygous SMN1 deletions,Phenotype,0.00012763010978214856,1
post-lumbar puncture syndrome,Phenotype,0.00012748445441751268,13
pICln,Protein,0.00012739941970060602,17
splicing alterations,Phenotype,0.00012729089658247868,7
neonatal severe hypotonia,Phenotype,0.0001272633277250044,2
ribosomes,Protein,0.0001271883633185916,7
motor axon development,Phenotype,0.0001271850938824181,1
back pain,Phenotype,0.00012717836466641862,13
SOD1 mutations,Variant,0.00012714292175316746,25
local translation,Phenotype,0.00012707650884889659,7
RG3039,Drug,0.00012703672069057755,7
severity,Phenotype,0.00012703580827404744,16
sensory loss,Phenotype,0.00012699059625431722,5
wasting,Phenotype,0.00012699059625431722,5
median survival,Phenotype,0.00012696613628558243,6
prenatal fractures,Phenotype,0.00012690723143245558,2
PRMT5,Gene,0.00012688927495817495,17
fetal hypokinesia,Phenotype,0.00012682809892300027,2
ribosome biogenesis,Phenotype,0.00012680619388046705,7
cell viability,Phenotype,0.00012674540298194463,17
MT-CO1,Gene,0.00012673889388266495,0
VDAC,Protein,0.00012673889388266495,0
prohibitin,Protein,0.00012673889388266495,0
ALS progression,Phenotype,0.00012670556159482198,25
misfolded SOD1 aggregates,Phenotype,0.00012670556159482198,25
accumulation of neurofilament,Phenotype,0.0001266151937693476,19
decrease in the percentage of type II fibers,Phenotype,0.0001266151937693476,19
axonal pathology,Phenotype,0.00012656987661298992,0
CSF neurofilament light,Phenotype,0.0001262284414220814,25
Smn localization,Phenotype,0.0001262284414220814,25
Delta-7 isoform,Phenotype,0.00012622472158141344,6
acute myeloid leukemia,Disease,0.00012585807441197855,7
Xrn1,Protein,0.00012562234515625873,7
axon extension,Phenotype,0.00012535294797370625,23
extremity strength,Phenotype,0.00012531818734506096,8
AHI,Phenotype,0.0001251917836049901,16
assisted PCF,Phenotype,0.0001251917836049901,16
unassisted PCF,Phenotype,0.0001251917836049901,16
FUBP1,Protein,0.0001250916496594002,1
KHSRP,Protein,0.0001250916496594002,1
QoL,Phenotype,0.0001250133879649239,15
neuromuscular features,Phenotype,0.00012468099100529335,7
Charcot-Marie-Tooth disease type 2D,Phenotype,0.00012466867354265647,0
developmental progress,Phenotype,0.0001246677267354941,8
endothelial injury,Phenotype,0.00012462134660976622,18
cardiac defects,Phenotype,0.00012459059985934205,2
SMA,Phenotype,0.00012454621676846468,0
growth cone maturation,Phenotype,0.0001242179301897875,17
motor neuron activity,Phenotype,0.00012420116749750645,10
autophagosomal degradation,Phenotype,0.0001240550956419863,10
reduced m(6)A levels,Phenotype,0.00012404560501510722,17
ASO targeting ISS-N1,Drug,0.00012403905928830267,1
proteasomal degradation,Phenotype,0.00012403255190447155,10
liver function,Phenotype,0.0001239855775231062,7
2/0 SMA carrier,Phenotype,0.00012396282379221763,1
residual carrier risk,Phenotype,0.00012396282379221763,1
TRIP4,Gene,0.00012388658387215673,2
temperature sensitivity,Phenotype,0.00012379286692524162,17
phenotype modifier,Phenotype,0.00012370869462713526,1
SMA-causative mutation,Variant,0.00012370521697579453,2
fetal hydrops,Phenotype,0.00012370313916847643,0
missense mutations,Variant,0.0001236821583190498,2
PRMT5 complex,Protein,0.00012362686556583526,17
pediatric SMA patients,Phenotype,0.0001236105418083643,13
telomerase,Protein,0.00012360498919126433,17
high success rate,Phenotype,0.00012356135279227307,13
CSRP1,Protein,0.00012352523964296,2
p.Thr274Ile,Variant,0.00012348732611713685,0
neuropathology,Phenotype,0.00012341920315101076,6
muscle atrophy of the legs,Phenotype,0.00012341519586896114,0
phosphorylation of p53,Phenotype,0.00012334516858467128,6
NFkappaB,Protein,0.00012332826783186164,0
UBA1 mRNA splicing,Phenotype,0.00012328976961064106,2
vomiting,Phenotype,0.00012326282821556093,13
short procedure time,Phenotype,0.0001231315732790439,13
loss of kinase activity,Phenotype,0.00012313085164862016,3
AAV9-SMN,Drug,0.000123095479866126,6
arachnoid cyst,Phenotype,0.00012306377940411823,0
shorter distance between his lumbar vertebrae,Phenotype,0.00012306377940411823,0
phosphorylation of BAF,Phenotype,0.00012302710987176907,3
alpha-motor neurons,Phenotype,0.00012301417775316845,1
HSPB1 mutation,Variant,0.00012295196396119192,6
favorable clinical response,Phenotype,0.0001229031640052292,19
mRNA splicing,Phenotype,0.00012289648309597083,17
binding partners,Protein,0.0001228514294635299,2
increase in CSF protein concentration,Phenotype,0.00012281250481013998,16
pre-symptomatic SMA,Phenotype,0.00012279661189649915,13
clinical outcome,Phenotype,0.00012278577482605663,10
polyarticular arthritis,Phenotype,0.00012275038806418582,0
fewer adverse events,Phenotype,0.00012273760872525053,13
muscle health,Phenotype,0.0001226268813982766,13
best supportive care,Phenotype,0.0001225886550580745,13
neuromuscular endplates,Phenotype,0.00012258733025726632,7
MBP-positive oligodendrocyte differentiation,Phenotype,0.0001225607389582941,9
loss-of-function mutations,Variant,0.00012255398642613927,2
de novo mutation,Variant,0.0001225373339116999,9
congenital arthrogryposis,Phenotype,0.00012253198431864083,0
RSV infections requiring hospital treatment,Phenotype,0.0001224299203470869,16
Sm proteins,Protein,0.00012241615769489642,1
motor neuron generation,Phenotype,0.00012241615769489642,128
flexibility,Phenotype,0.0001224105736642521,2
bioavailability,Phenotype,0.00012239915564999415,16
no 5q-linked SMA screening,Phenotype,0.00012239915564999415,123
JIP3,Protein,0.00012238263056014688,67
motor neuron development,Phenotype,0.00012235254889123717,1
MS023,Drug,0.00012230280901762562,17
extravascular leakage,Phenotype,0.00012229891370560075,23
effectiveness of nusinersen,Phenotype,0.00012229642912654594,8
MyHC-I,Protein,0.00012228135789282623,10
SNRPB,Protein,0.00012227517199985856,17
mono-ubiquitin levels,Phenotype,0.00012226235802037869,9
muscle mass percentage,Phenotype,0.00012226235802037869,154
neurodegenerative pathology,Phenotype,0.00012226235802037869,0
locomotor behavior,Phenotype,0.00012224426730861709,6
R1810me2s,Variant,0.00012223543623022894,17
neuronal morphology,Phenotype,0.0001222211736383994,3
respiratory syncytial virus infections,Phenotype,0.00012219447049239263,16
normalization,Phenotype,0.0001221553307762876,8
impaired neural development,Phenotype,0.00012215126297687316,12
duplication of exons 2-20,Variant,0.00012214993666833312,51
cardiovascular function,Phenotype,0.0001221417783991188,8
APO A1,Protein,0.00012213815544811078,28
ER stress,Phenotype,0.00012213815544811078,25
ER-associated inclusions,Phenotype,0.00012213815544811078,25
GluR1 mRNA levels,Phenotype,0.00012213815544811078,62
GluR1 protein levels,Phenotype,0.00012213815544811078,62
HDL-C,Phenotype,0.00012213815544811078,28
SMN1 protein oligomerization,Phenotype,0.00012213815544811078,1
axon swelling,Phenotype,0.00012213815544811078,9
cardiac thrombosis,Phenotype,0.00012213815544811078,6
hepatocellular carcinoma,Phenotype,0.00012213815544811078,6
lack a clear denervation in the diaphragm,Phenotype,0.00012213815544811078,7
neurogenic diaphragmatic phenotype,Phenotype,0.00012213815544811078,7
reduced NMJ endplates,Phenotype,0.00012213815544811078,9
tracheostomy-free survival,Phenotype,0.00012213815544811078,15
gene transduction to the liver,Phenotype,0.0001221168323254224,159
transcription efficiency,Phenotype,0.00012210629043098205,1
SUMOylation of SMN,Phenotype,0.0001221049245528845,17
SMN2 pre-mRNA exon 7 retention,Phenotype,0.00012210447830573562,7
altered hippocampal glutamatergic signaling,Phenotype,0.00012209485545406815,51
reduced inhibitory GABAergic transmission,Phenotype,0.00012209485545406815,51
UCAC motif in SMN2 exon 7,Variant,0.00012204870185792618,7
tracheotomy,Phenotype,0.00012203782507215557,6
earlier diagnosis,Phenotype,0.00012202637646582551,123
"infantile degeneration of the cerebrum, cerebellum, and retina",Phenotype,0.00012202637646582551,0
proteins that control the cycling of proteins through the trans-Golgi network,Protein,0.00012202637646582551,0
behavioural performance,Phenotype,0.00012201508012691131,5
compound heterozygous rare variants (a splice and a missense),Variant,0.00012201508012691131,67
distance walked,Phenotype,0.00012201508012691131,15
higher mortality,Phenotype,0.00012201508012691131,16
muscle vulnerability,Phenotype,0.00012201508012691131,24
nonsense mutation,Variant,0.00012201508012691131,182
posture,Phenotype,0.00012201508012691131,15
quality and length of life,Phenotype,0.00012201508012691131,6
reduced length and branching of motor axons,Phenotype,0.00012201508012691131,182
reduced motility,Phenotype,0.00012201508012691131,182
smaller average age at death,Phenotype,0.00012201508012691131,16
SMA-like pathology,Phenotype,0.00012200384957366466,17
morphological defects,Phenotype,0.00012199251577254028,7
neuroinflammatory environment,Phenotype,0.00012199237344061615,23
necrosis phenotype,Phenotype,0.00012198133231440514,24
OxPhos proteins,Protein,0.00012198103441442084,12
mitochondrial localization to actin-rich I-bands,Phenotype,0.00012194750002677379,25
H3K27-Me3 modification,Phenotype,0.00012191319993821343,7
SMN-loss-related pathological phenotypes,Phenotype,0.0001219129429894399,16
fat mass percentage,Phenotype,0.00012189144118017761,154
fat-muscle ratio,Phenotype,0.00012189144118017761,154
mitochondriopathy,Phenotype,0.00012189144118017761,5
ubiquitination defects,Phenotype,0.00012189144118017761,9
gene transduction to the central nervous system,Phenotype,0.00012187941052889652,159
AAV9 antibodies,Protein,0.00012187820686959856,13
MN toxicity,Phenotype,0.00012187820686959856,50
membranous nephropathy,Disease,0.00012187820686959856,13
independence in daily living,Phenotype,0.0001217990031470908,15
SMN-containing gems,Phenotype,0.00012178555190889509,7
mitochondrial reticulum remodeling,Phenotype,0.00012177854977642999,25
2nd-generation vector,Drug,0.00012176892948451234,6
GluR1,Gene,0.00012176892948451234,62
low APO A1 levels,Phenotype,0.00012176892948451234,28
low expression level,Phenotype,0.00012176892948451234,1
FLAD1 deficiency,Disease,0.00012176168358249633,8
PAR signaling pathway,Phenotype,0.00012176168358249633,17
mitochondrial transport,Phenotype,0.00012176168358249633,3
GTPase activator activity,Phenotype,0.00012175395323451702,9
oxidative-stress induced apoptosis,Phenotype,0.00012174271442698758,12
NG2 expression,Phenotype,0.0001217422507112199,9
specific motifs,Gene,0.00012168340629392679,119
RNA polymerase II recruitment,Phenotype,0.00012167547949791836,7
severe congenital muscle hypotonia of neuronal origin mimicking lethal spinal muscular atrophy,Phenotype,0.00012164752969367573,67
motor neuron synapse formation,Phenotype,0.00012162628515055066,1
loss of function,Phenotype,0.00012162546191801149,9
benefit,Phenotype,0.00012161970826491426,123
SYN1,Protein,0.00012155927148224492,1
fatty infiltration in quadriceps muscles,Phenotype,0.00012151990588755434,8
decrease in positive regulation of DNA repair,Phenotype,0.00012148252459508143,10
WD45,Protein,0.00012145271415582938,17
dorsal root ganglia,Phenotype,0.00012143012716302018,5
abnormal nuclear accumulation of poly(A) RNA granules,Phenotype,0.00012141059015969854,7
bulbar complaints,Phenotype,0.00012140588053071565,16
HFMSE changes,Phenotype,0.00012137059305340751,12
tracheobronchomalacia,Phenotype,0.00012136335924376552,5
cognitive scores,Phenotype,0.00012134888954237382,8
male reproductive organs,Phenotype,0.00012131452802911269,13
taurine,Phenotype,0.00012115157334537677,17
SMA 1.1,Variant,0.00012106280790204407,13
myopathic findings,Phenotype,0.00012103034851535294,6
satellite cell dysfunction,Phenotype,0.00012103034851535294,6
multidisciplinary team,Phenotype,0.00012101129903698402,15
motor neuron selectivity,Phenotype,0.00012095587373012899,16
ribonucleoprotein biogenesis,Phenotype,0.00012087311434231809,17
best diaphragm function parameters,Phenotype,0.0001207082215708797,13
decreased end-inspiratory thickness,Phenotype,0.0001207082215708797,13
neuromuscular junction maturation,Phenotype,0.0001206603417545689,8
foot deformities,Phenotype,0.00012055724256016515,0
mRNA trafficking,Phenotype,0.00012054899611640756,17
alphaMN degeneration,Phenotype,0.00012054734102113792,7
brain development,Phenotype,0.00012054734102113792,7
congenital hip displacement,Phenotype,0.00012050154521658902,0
neurogenic arthrogryposis,Phenotype,0.00012050154521658902,0
talipes,Phenotype,0.00012050154521658902,0
Gemin2 protein,Protein,0.00012048430272262145,7
loss of SMN protein,Phenotype,0.00012048430272262145,24
symptomatic,Phenotype,0.00012048430272262145,7
taurine dysregulation,Phenotype,0.00012048430272262145,7
exosomes,Phenotype,0.00012042126442410499,7
spinal muscular atrophy with respiratory distress,Phenotype,0.00012028327073684177,0
nuclear reorganization,Phenotype,0.00012026366867781384,7
G470R,Variant,0.00012021839940388114,52
deregulation of exosome release or uptake,Phenotype,0.00012020063037929738,7
Gems,Phenotype,0.0001201375920807809,7
axons and dendrites,Phenotype,0.0001201375920807809,7
caspase-3 activity,Phenotype,0.0001201375920807809,7
changes in disease severity,Phenotype,0.0001201375920807809,7
extracellular vesicles,Drug,0.0001201375920807809,7
failed liver development,Phenotype,0.0001201375920807809,7
ineffective oligomerization,Phenotype,0.0001201375920807809,7
larval development,Phenotype,0.0001201375920807809,7
maintenance and function of motor neurons,Phenotype,0.0001201375920807809,7
motor neuron die back,Phenotype,0.0001201375920807809,7
nucleolar dysfunction,Phenotype,0.0001201375920807809,7
pathogenic changes,Phenotype,0.0001201375920807809,7
rapid degradation,Phenotype,0.0001201375920807809,7
ribonucleoprotein particle assembly,Phenotype,0.0001201375920807809,7
snRNPs,Phenotype,0.0001201375920807809,7
phenotypic outcomes,Phenotype,0.00012001458422600989,6
hypertrophic myofibers,Phenotype,0.00011997999633448975,7
skeletal muscle cells,Phenotype,0.00011997999633448975,7
HINE-2 score,Phenotype,0.0001199280461317223,13
oxygen saturation,Phenotype,0.00011976676135531219,16
JNK signaling,Phenotype,0.00011975936228968213,7
NFkappaB signaling,Phenotype,0.00011975936228968213,7
PSSG defects,Phenotype,0.00011975936228968213,7
TNF-alpha production,Phenotype,0.00011975936228968213,7
biogenesis of spliceosomal snRNPs,Phenotype,0.00011975936228968213,7
compromised motor performance,Phenotype,0.00011975936228968213,7
decrease in insulin-producing beta-cells,Phenotype,0.00011975936228968213,7
embryonic period,Phenotype,0.00011975936228968213,7
embryonic stem cells,Phenotype,0.00011975936228968213,7
increase in GLP-1,Phenotype,0.00011975936228968213,7
increase in glucagon-producing alpha-cells,Phenotype,0.00011975936228968213,7
increase in plasma glucagon,Phenotype,0.00011975936228968213,7
mRNA-binding proteins,Protein,0.00011975936228968213,7
mRNAs,Gene,0.00011975936228968213,7
multi-organ disease,Phenotype,0.00011975936228968213,7
muscle fiber defects,Phenotype,0.00011975936228968213,7
reduction in blood glucose,Phenotype,0.00011975936228968213,7
translation-related proteins,Protein,0.00011975936228968213,7
Kruppel-like factor 15,Protein,0.00011968152630901066,6
hyperCKaemia,Phenotype,0.00011955775802100569,0
development of neuromuscular system,Phenotype,0.00011941265164784159,7
impaired renal clearance,Phenotype,0.00011941265164784159,7
maintenance of cellular and tissue homeostasis,Phenotype,0.00011941265164784159,7
neuronal mRNA-protein complexes,Phenotype,0.00011941265164784159,7
translation machinery,Phenotype,0.00011941265164784159,7
expression,Phenotype,0.00011935862023325829,10
glucocorticoid-glucocorticoid receptor (GR) signalling pathway,Phenotype,0.00011934944349621086,6
fine motor skill,Phenotype,0.00011929766358638957,8
metabolic homeostasis,Phenotype,0.00011928906480297453,6
age at death,Phenotype,0.00011923126770836878,16
extracellular matrix genes,Gene,0.00011920591138688886,10
maximal expiratory pressure,Phenotype,0.0001191441494314343,8
axial diffusivity,Phenotype,0.00011903442185674282,8
longer survival,Phenotype,0.00011897058383271993,16
characteristic tongue movements,Phenotype,0.00011883366565526979,2
normal peripheral nerve conduction velocity,Phenotype,0.00011883366565526979,2
electrophysiological activity,Phenotype,0.00011880886838632832,10
endochondral ossification,Phenotype,0.00011879893878468115,7
VRK1,Protein,0.00011873620252438704,0
beta-actin,Gene,0.00011870569857121206,17
curcumin,Drug,0.00011868771121490226,1
gems bodies,Phenotype,0.00011868771121490226,7
myofibers,Phenotype,0.00011868771121490226,7
regression of vascular beds,Phenotype,0.00011868771121490226,7
Huntington's disease,Disease,0.00011864564085705651,18
weak 5' splice site,Phenotype,0.00011859518350621805,1
acid ceramidase,Protein,0.00011851036849623734,0
mitochondrial integrity,Phenotype,0.00011850766555203365,10
neuromuscular junction stability,Phenotype,0.00011850766555203365,10
p.Gly66Val,Variant,0.00011843953320545546,19
hyperphosphorylation on serine 202 (S202) and threonine 205 (T205),Phenotype,0.00011833145193203412,10
upper motor neuron signs,Phenotype,0.00011820274374853549,0
cytokines driven toxicity,Phenotype,0.0001181539766873401,10
glial inflammatory signaling,Phenotype,0.0001181539766873401,10
oxidative stress responses,Phenotype,0.0001181539766873401,10
moyamoya phenomenon,Phenotype,0.00011796277078196295,7
Bcl-2,Protein,0.0001178452780428265,17
patient survival,Phenotype,0.00011783964494069008,15
miR-335-5p,Gene,0.00011767298882261986,12
increased nuchal translucency,Phenotype,0.0001176676531303032,2
sitting unassisted,Phenotype,0.00011763329538899762,19
muscle contraction,Phenotype,0.00011757422076112746,24
mitochondrial genes,Gene,0.00011749708414131902,7
nucleolar dysfunction in ribosome biogenesis,Phenotype,0.00011742492190398865,52
neuromuscular junction size,Phenotype,0.00011738996234396887,0
severe disease,Phenotype,0.00011736123550692638,16
intron 3-retained SMN transcript,Variant,0.0001172679956337023,1
cell survival,Phenotype,0.0001172581299368845,24
spinal cord pathology,Phenotype,0.00011722967202725948,6
neuronal granules,Phenotype,0.00011719172342060484,17
synaptic aberrations,Phenotype,0.00011716721267653971,17
glutamate uptake,Phenotype,0.00011709840867187406,10
myofibre number,Phenotype,0.00011706208977959217,6
delayed onset,Phenotype,0.00011702518485247795,16
blood pooling,Phenotype,0.000117022749453722,6
neurotoxicity,Phenotype,0.00011689286960567897,0
spermatogenesis,Phenotype,0.00011688590723836222,17
HuR binding,Phenotype,0.00011684970278244452,1
impaired AZ assembly,Phenotype,0.00011683370628926892,17
impaired VGCC clustering,Phenotype,0.00011683370628926892,17
K217,Variant,0.00011681889369386376,1
R-loops,Phenotype,0.00011680050380797415,17
differentiation deficits,Phenotype,0.00011673615838624967,5
astrocyte-mediated motor neuron pathology,Phenotype,0.0001167167875250441,16
TrkB,Protein,0.00011669308811029092,16
reorganization and loss of nucleolar transcription units,Phenotype,0.00011666959296751613,52
LC3,Protein,0.00011660306913533706,6
astrocyte pathology,Phenotype,0.00011656349385435589,0
microglial phagocytosis,Phenotype,0.00011656349385435589,0
up-regulation of genes encoding nucleolar proteins,Phenotype,0.00011655769238433502,52
AZ assembly,Phenotype,0.00011652799210093734,17
motoneuron differentiation,Phenotype,0.00011652799210093734,17
high health service utilisation,Phenotype,0.00011640397661058777,18
muscle denervation response,Phenotype,0.00011640229375299957,1
reduced total sleep time,Phenotype,0.0001163789838112667,16
up-regulation of mature 18S rRNA,Phenotype,0.00011633389121797279,52
mixed sensory-motor polyneuropathy,Phenotype,0.0001162799744857491,2
BDNF-TrkB signaling,Phenotype,0.0001162655181214705,16
U12 splicing dysfunction,Phenotype,0.0001162318649425917,6
lowest score,Phenotype,0.00011608196185793607,18
work productivity,Phenotype,0.00011600584808604253,97
disease duration,Phenotype,0.00011590466471599842,8
Chr1: 154960762: A>T c.A554T:p.D185V,Variant,0.00011585215581823812,12
SMA-SOC-N,Drug,0.00011585215581823812,15
weakness of the hip-girdle muscles,Phenotype,0.00011585215581823812,13
outgrowth defects,Phenotype,0.00011579340423262821,6
self-esteem,Phenotype,0.00011579340423262821,15
asymmetrical involvement,Phenotype,0.00011579182463376709,0
lower extremity atrophy,Phenotype,0.00011579182463376709,0
muscle wasting of both lower extremities,Phenotype,0.00011579182463376709,0
neurogenic pattern,Phenotype,0.00011579182463376709,0
selective pattern of thigh and leg muscle involvement,Phenotype,0.00011579182463376709,0
disuse osteoporosis,Phenotype,0.0001157006980145042,19
interstitial fibrosis,Phenotype,0.00011569795923785249,13
ubiquitination,Phenotype,0.00011566332495773861,6
locomotor activity,Phenotype,0.00011566306186054129,25
health outcomes,Phenotype,0.00011559015863878175,15
JNK,Protein,0.00011558369310499269,18
muscle atrophy and weakness of the forearms and hands,Phenotype,0.00011558369310499269,71
7SK,Gene,0.00011557978910303651,7
mitochondrial hyperpolarization,Phenotype,0.00011557978910303651,7
retrograde transport of mitochondria,Phenotype,0.00011557978910303651,7
lipid storage myopathy,Phenotype,0.00011556850658227408,12
wheelchair confinement,Phenotype,0.00011556850658227408,13
R942Q,Variant,0.00011556811320480996,25
low birth weight,Phenotype,0.00011556191964750177,5
arm function,Phenotype,0.00011552679101282072,15
mitochondrial defects,Phenotype,0.00011550642248639648,10
mild childhood onset disease,Phenotype,0.00011549028897443277,0
blood loss,Phenotype,0.00011548079447843599,15
blood transfusion,Phenotype,0.00011548079447843599,15
inter-limb discoordination,Phenotype,0.00011548058253961958,25
UPF1,Protein,0.00011547439749051586,1
mechanical allodynia,Phenotype,0.00011545046626744226,10
PTEN,Gene,0.00011541911070408604,6
fracture rate,Phenotype,0.00011541911070408604,19
increased levels of reactive oxygen species,Phenotype,0.00011541064689105015,12
reduced citrate synthase activity,Phenotype,0.00011541064689105015,12
hyperphosphorylation of tau on S202 and T205,Phenotype,0.00011540498886083002,10
stasimon/tmem41b,Gene,0.0001154042936771034,17
myostatin levels,Phenotype,0.0001154033008997406,8
no consistent evidence of additive toxicity,Phenotype,0.00011540063756135386,24
selective movement control,Phenotype,0.00011539598597299382,2
repressive chromatin modifications,Phenotype,0.00011539228360408696,1
atypical SMA,Disease,0.0001153915991169819,25
scoliotic curve,Phenotype,0.00011539050952384715,8
lower-extremity motor ability,Phenotype,0.0001153528502273557,126
axonal spheroids,Phenotype,0.00011534202400163471,17
CCND2,Gene,0.00011533466868514238,23
GABAA receptor PET ligand binding,Phenotype,0.00011533466868514238,59
Gabra1 mRNA levels,Phenotype,0.00011533466868514238,59
Gabra1 protein levels,Phenotype,0.00011533466868514238,59
PAX6,Gene,0.00011533466868514238,23
RVA,Phenotype,0.00011533466868514238,61
lung volume,Phenotype,0.00011533466868514238,61
skeletal muscle histopathology,Phenotype,0.00011533466868514238,22
tail integrity,Phenotype,0.00011533466868514238,22
testicular development,Phenotype,0.00011533466868514238,17
thoracic volume,Phenotype,0.00011533466868514238,61
CSF NPTX2 levels,Phenotype,0.00011533020991802024,12
energy metabolism,Phenotype,0.00011533020991802024,10
innervation,Phenotype,0.00011532820706067212,72
SMN2 RNA,Gene,0.00011531678012568552,6
chronic ischemic changes to the anterior horn cells of the cervical spine,Phenotype,0.00011530369868319412,71
synaptic dysfunction,Phenotype,0.00011530369868319412,41
defects in the integration of sensorial information related to food abundance,Phenotype,0.00011530336563970175,17
bilateral knee joint function,Phenotype,0.00011530294588353881,126
ATP,Phenotype,0.00011529732517751984,19
elevated ROS levels,Phenotype,0.00011529732517751984,19
motor neuron size,Phenotype,0.00011529089192079356,6
mutation in N-acylsphingosine amidohydrolase-1 gene (ASAH-1),Variant,0.00011529060893608965,0
progressive myoclonic epilepsy subtype (SMA-PME),Disease,0.00011529060893608965,0
synaptic efficacy,Phenotype,0.00011527805551267534,72
reactive astrocytes,Phenotype,0.00011527187115172059,7
reactive microglia,Phenotype,0.00011527187115172059,7
axonal mitochondria function,Phenotype,0.00011527018369805183,7
therapy,Drug,0.00011527018369805183,7
NMJ architecture,Phenotype,0.00011526551762567613,6
brainstem signs,Phenotype,0.00011526551762567613,0
extraocular movement abnormalities,Phenotype,0.00011526551762567613,0
growth,Phenotype,0.00011526551762567613,6
higher mIPSC frequency,Phenotype,0.00011526551762567613,25
higher sIPSC frequency,Phenotype,0.00011526551762567613,25
longevity,Phenotype,0.00011526551762567613,8
diagnostic accuracy,Phenotype,0.00011525909558714023,13
diagnostic speed,Phenotype,0.00011525909558714023,13
MAPK/ERK signaling pathway,Phenotype,0.00011525907105213149,18
Hammersmith scale,Phenotype,0.00011525572730883999,8
muscle fiber area,Phenotype,0.0001152401433305587,6
heart failure,Phenotype,0.00011523981785330212,1
function ability,Phenotype,0.00011523939028696168,15
quadriceps muscle hypertrophy,Phenotype,0.00011522808936781346,126
muscle cross-sectional area,Phenotype,0.00011522790396467853,72
myofiber numbers,Phenotype,0.00011522790396467853,72
functional impairment of a specific neuronal circuit,Phenotype,0.00011522766961165051,17
axonal outgrowth,Phenotype,0.00011520801109758104,17
protein synthesis rate,Phenotype,0.00011520801109758104,17
crystalloid volume,Phenotype,0.00011520220090427618,15
dual adeno-associated virus vectors,Drug,0.00011520220090427617,7
phenotypic recovery,Phenotype,0.00011520220090427617,6
CARM1 levels,Phenotype,0.00011519589100406289,7
HCN channel,Protein,0.00011518459757109631,6
fatty degeneration of thigh and calf muscles,Phenotype,0.00011518203112470939,0
loss of Gems,Phenotype,0.00011518203112470939,18
femoral nerve conduction,Phenotype,0.00011517818502399656,126
lower motor neuron pattern of the lesion,Phenotype,0.0001151764284914675,71
synapse elimination,Phenotype,0.0001151764284914675,41
altered redox balance,Phenotype,0.00011517494841639438,10
cortical and trabecular bone phenotypes,Phenotype,0.0001151590444776517,8
fiber degeneration,Phenotype,0.00011515111826124842,5
muscular pathological features,Phenotype,0.00011512674157424886,6
neuromuscular junction pathological features,Phenotype,0.00011512674157424886,6
lipid oxidation,Phenotype,0.0001151226468350791,12
spinal length,Phenotype,0.00011511552734787091,8
interaction of SMN with the R1810me2s of RNA polymerase II subunit POLR2A,Phenotype,0.00011511192454726624,17
hip contractures,Phenotype,0.00011510697794901073,17
EXOSC3,Gene,0.00011510569770349259,0
Slc7a5,Gene,0.00011510569770349259,0
Gabra1,Gene,0.00011505806444727741,59
motor neuron rescue,Phenotype,0.00011505806444727741,22
parasol deformity,Phenotype,0.00011505806444727741,61
altered energy buffering by creatine metabolism,Phenotype,0.00011504556383170617,10
endosomal release,Phenotype,0.00011504556383170617,6
immunoreactivity at motoneuron loss onset,Phenotype,0.00011504556383170617,12
nuclear uptake,Phenotype,0.00011504556383170617,6
Cobbs angle of scoliosis,Phenotype,0.00011502790219984768,8
SMA synapses,Phenotype,0.00011499825022305023,41
limited dural sac laxity,Phenotype,0.00011499825022305023,71
dendrite and axon development,Phenotype,0.00011497542181616746,1
disordered cell proliferation,Phenotype,0.00011497542181616746,18
electrophysiological parameters,Phenotype,0.00011496690190158634,8
synapse damage,Phenotype,0.00011496690190158634,7
SNRPN,Gene,0.00011495802544064409,17
foot position,Phenotype,0.00011492941351114549,8
normal nerve conduction studies,Phenotype,0.0001149176293201519,0
sparing of adductors muscles,Phenotype,0.0001149176293201519,0
upper limb sparing,Phenotype,0.0001149176293201519,0
paresthesia,Phenotype,0.0001148994614291296,52
splicing activity,Phenotype,0.0001148994614291296,18
cerebellar hypoplasia,Phenotype,0.00011486575209554323,0
c-Jun,Protein,0.00011485724619261165,18
transcription termination and R-loop accumulation,Phenotype,0.00011483033723684806,17
subclinical mitochondrial phenotype,Phenotype,0.00011483012982955407,12
p-FOIS,Phenotype,0.00011482407704502663,16
independent mobility,Phenotype,0.00011481441727651921,8
RBFOX target genes,Gene,0.00011472874309268106,18
SC35,Gene,0.00011470639640265005,1
MN loss,Phenotype,0.00011462404503797023,6
personal strain/worries about the future,Phenotype,0.00011452518716530973,97
social burden,Phenotype,0.00011452518716530973,97
motor system dysfunction,Phenotype,0.00011448846610170779,6
progressive scapuloperoneal atrophy and weakness,Phenotype,0.0001144308207071975,0
multiple acyl-CoA dehydrogenase deficiency,Disease,0.00011438233705006084,12
poor muscle strength,Phenotype,0.00011438233705006084,13
atypical femur fracture,Phenotype,0.00011424156376961012,19
movement defects,Phenotype,0.00011405038659300519,17
cough assist machine usage,Phenotype,0.00011402729795491539,15
recurrent atelectasis,Phenotype,0.00011402729795491539,15
recurrent pneumonias,Phenotype,0.00011402729795491539,15
decreased motor axon branches,Phenotype,0.00011402094466279261,17
NMJ pathology,Phenotype,0.0001140165097244261,8
damage to sensory and autonomic nerves,Phenotype,0.00011401438461540296,5
diaphragm eventration or paralysis,Phenotype,0.00011401438461540296,5
motoneuron defects,Phenotype,0.00011401065863605282,17
dysregulated F-/G-actin fractions,Phenotype,0.00011398344349767554,18
fewer dendrites,Phenotype,0.00011387129187800897,17
ubiquitin homeostasis,Phenotype,0.00011384482114655833,2
Gap43,Gene,0.00011377512319435213,17
bone tissue compromise,Phenotype,0.00011375575454185376,5
diaphragmatic eventration,Phenotype,0.00011375575454185376,5
fat pad at the distal toe,Phenotype,0.00011375575454185376,5
motor sensory axonopathy,Phenotype,0.00011375575454185376,5
nystagmus,Phenotype,0.00011375575454185376,5
respiratory malfunction,Phenotype,0.00011375575454185376,5
hand and foot contractures,Phenotype,0.00011354414811804078,5
intrauterine growth retardation,Phenotype,0.00011347361264343643,5
mild myogenic changes,Phenotype,0.00011347361264343643,5
NMJ loss,Phenotype,0.00011328694178900435,10
differentiation,Phenotype,0.00011324948698928958,12
axonal transport,Phenotype,0.00011323184955719308,17
mitochondria metabolism,Phenotype,0.00011323184955719308,17
SMA-LED2,Disease,0.00011322715106287611,0
intron retention,Phenotype,0.00011321668885527044,1
activin II receptor,Protein,0.00011321285526515102,8
fever,Phenotype,0.00011313293235128171,13
Loganin,Drug,0.0001130463615287283,17
IGHMBP2,Gene,0.00011303420062110263,5
reactive gliosis,Phenotype,0.00011298047526975189,10
non-cell-autonomous mechanisms,Phenotype,0.0001129675684936932,15
growth of skeletal muscle tissue,Phenotype,0.00011292082029371727,8
generalized epilepsy,Phenotype,0.0001129039621568579,0
dyspnea upon exercise,Phenotype,0.00011289406038977926,25
general fasciculations,Phenotype,0.00011289406038977926,25
general myalgias,Phenotype,0.00011289406038977926,25
muscle cramps,Phenotype,0.00011289406038977926,25
postural tremor,Phenotype,0.00011289406038977926,25
M1/M2 microglial imbalance,Phenotype,0.00011283477719507294,10
speech difficulty,Phenotype,0.00011283196917571832,2
SMAX2,Disease,0.00011278176717723671,2
peripheral neurotoxicity,Phenotype,0.00011271802276421792,18
defective motor neurons,Phenotype,0.00011269853106194228,16
deafness,Phenotype,0.00011268529306107688,0
elevated ceramide,Phenotype,0.00011268529306107688,0
myoclonic status epilepticus,Phenotype,0.00011268529306107688,0
neuromuscular impairment,Phenotype,0.00011268529306107688,0
diffuse weakness on the upper limbs,Phenotype,0.0001126776290306048,25
myoclonic jerks,Phenotype,0.00011265598589468737,25
outcome,Phenotype,0.00011265520015868327,1
post-synaptic NMJ area,Phenotype,0.00011244727125936702,6
GSK-3,Protein,0.00011241929014811821,5
HGK,Protein,0.00011241929014811821,5
neurotrophic factors,Drug,0.00011241929014811821,5
IFN-gamma,Protein,0.00011239960587677679,13
innervation of muscles,Phenotype,0.00011238166106687997,6
abnormal accumulation of intermediate filaments,Phenotype,0.00011233792093855527,6
CSF leak,Phenotype,0.00011220533373612663,46
frame instability,Phenotype,0.00011220533373612663,46
metal frame exposure,Phenotype,0.00011220533373612663,46
poor wound healing,Phenotype,0.00011220533373612663,46
wound infection,Phenotype,0.00011220533373612663,46
dwarfism,Phenotype,0.00011215780850246583,7
premature stop codon,Phenotype,0.0001121120909318936,1
feeding support,Phenotype,0.00011207674804756111,13
liver damage,Phenotype,0.00011207249684339858,7
EB3 comet numbers,Phenotype,0.00011207221060793153,7
impairments of the cytoskeleton,Phenotype,0.00011207221060793153,7
P21,Protein,0.00011198964079538666,10
Tra2-beta1,Protein,0.00011198682340297755,7
progressive weakness in distal motor function,Phenotype,0.00011196836089386518,0
renal function,Phenotype,0.00011186905501200578,13
bilateral clubfoot deformity,Phenotype,0.00011186201502954966,0
self-oligomerization,Phenotype,0.00011185528010018764,19
natural history of disease,Phenotype,0.00011180838399017718,1
lysosome positioning,Phenotype,0.00011180230394459081,0
neuronal development,Phenotype,0.00011180230394459081,0
scapuloperoneal spinal muscular atrophy,Disease,0.00011178923975332637,0
hypoventilation,Phenotype,0.00011178274096219131,16
pulmonary aspiration,Phenotype,0.00011178274096219131,16
bilateral knee joint valgus,Phenotype,0.00011171313081950792,0
pelvic tilt,Phenotype,0.00011171313081950792,0
elevated liver enzymes,Phenotype,0.00011170270486867572,13
carrier risk,Phenotype,0.0001116741935758065,1
better treatment outcomes,Phenotype,0.00011166745214735925,19
ceramidase-activity,Phenotype,0.00011165394748403734,0
ICU stay rate,Phenotype,0.00011163873927399309,16
PSA infection,Phenotype,0.00011163873927399309,15
abnormal muscle structure,Phenotype,0.00011163873927399309,16
lower perceptual reasoning,Phenotype,0.00011163873927399309,16
lower working memory,Phenotype,0.00011163873927399309,16
mandibular movements,Phenotype,0.00011163873927399309,16
myopia,Phenotype,0.00011163873927399309,16
selective deficits in executive function,Phenotype,0.00011163873927399309,16
shorter stature,Phenotype,0.00011163873927399309,16
p.Arg288AlafsTer5,Variant,0.00011161994601181591,0
apoptotic stimuli sensitivity,Phenotype,0.00011160175262247295,19
clinical trials,Phenotype,0.00011158170702337318,1
bulbar and respiratory function impairment,Phenotype,0.0001115564525950227,16
activator of myostatin,Protein,0.00011154303164014643,8
MW150,Drug,0.00011154173963849441,6
nucleolar ribosomal biogenesis protein,Protein,0.00011151126322094112,0
Purkinje cell death,Phenotype,0.00011150650385790081,17
need for tracheotomy,Phenotype,0.00011150140392851374,15
fecal calprotectin levels,Phenotype,0.00011150120595491575,8
feeding tolerance,Phenotype,0.00011150120595491575,8
length z score,Phenotype,0.00011150120595491575,8
IV,Drug,0.00011148895647786696,5
HB9,Protein,0.00011147249260755968,23
UTS2,Gene,0.0001114592182426566,24
DYNC1H1-related epilepsy,Phenotype,0.00011145024412084249,54
myopathic phenotype,Phenotype,0.00011144549428045946,7
NOX4,Gene,0.00011144347620931404,10
axial body weakness,Phenotype,0.00011141245090682448,16
decline in ambulatory function,Phenotype,0.00011141245090682448,16
increased sleep fragmentation,Phenotype,0.00011141245090682448,16
mandibular function impairment,Phenotype,0.00011141245090682448,16
reduced FEV1,Phenotype,0.00011141245090682448,16
myogenic progression,Phenotype,0.00011140495293532759,15
myotube size,Phenotype,0.00011140495293532759,15
GNG7,Gene,0.0001114036545450725,18
IGF2,Gene,0.0001114036545450725,18
TNN,Gene,0.0001114036545450725,18
impairment across a wide range of health dimensions,Phenotype,0.00011139943222494287,3
cytochrome c,Protein,0.00011139912489923311,8
glucocorticoid receptor,Protein,0.00011136421032555653,6
greater action potential amplitudes,Phenotype,0.00011135931512496128,101
larger density of voltage-dependent sodium currents,Phenotype,0.00011135931512496128,101
lower action potential threshold,Phenotype,0.00011135931512496128,101
MYBPC1 mutations,Variant,0.00011134918799868043,2
myopathy with tremor,Phenotype,0.00011134918799868043,2
motor unit function,Phenotype,0.0001113132860501007,6
long-term stability,Phenotype,0.00011130959255811147,16
reduced cerebellar and lobular volume,Phenotype,0.00011130447522201447,16
MN deafferentation,Phenotype,0.00011128051119387794,10
ASO_ISSN1,Drug,0.00011126879783642509,13
cardiac rhythm disorders,Phenotype,0.00011126844921862627,16
anemia,Phenotype,0.00011126470723292283,5
leukopenia,Phenotype,0.00011126470723292283,5
mitochondrial morphology,Phenotype,0.00011126090254834161,7
altered sphingolipid levels,Phenotype,0.0001112399938020695,75
loss of axons,Phenotype,0.0001112399938020695,75
alertness,Phenotype,0.0001112199669820048,54
cognitive ability,Phenotype,0.0001112199669820048,54
muscle tone,Phenotype,0.0001112199669820048,54
SMAII,Phenotype,0.00011121578012493503,19
gait quality,Phenotype,0.00011121578012493503,15
high resting energy expenditure per fat-free mass,Phenotype,0.00011121578012493503,19
low arm bone mineral content,Phenotype,0.00011121578012493503,19
motoneuron firing rates,Phenotype,0.00011121578012493503,15
TUNEL-positive spinal motor neurons,Phenotype,0.00011118776118497436,24
bladder dysfunction,Phenotype,0.00011117945960923331,75
progressive ataxia,Phenotype,0.00011117945960923331,75
sensory-motor synapses,Phenotype,0.00011117403025379336,6
dexterity impairment,Phenotype,0.00011116986709993305,3
emotional well-being impairment,Phenotype,0.00011116986709993305,3
AR42,Drug,0.0001111678069265057,7
Cajal body,Phenotype,0.00011116640562657699,6
molecular networks,Phenotype,0.00011116640562657699,6
able to walk independently at some point in their lives,Phenotype,0.00011116559086991326,16
characteristic muscle involvement pattern,Phenotype,0.00011116559086991326,16
delayed recovery from neuromuscular blockade,Phenotype,0.00011116559086991326,16
diaphragm preservation,Phenotype,0.00011116559086991326,16
never achieve the motor milestone of sitting unsupported,Phenotype,0.00011116559086991326,16
normal FEV1,Phenotype,0.00011116559086991326,16
2-minute walk test (2MWT),Phenotype,0.00011115449784245217,8
Wilson-Turner syndrome,Disease,0.0001111469689929884,0
involuntary movement of the tongue and limbs,Phenotype,0.00011112684154243809,2
hypoglycemia,Phenotype,0.00011110303575504116,10
KIF26B,Protein,0.00011108513278379291,19
survival until age 19,Phenotype,0.00011108273747931585,16
survival motor neuron 1,Gene,0.00011107999698635896,1
Hspa8 variant,Variant,0.00011106334810862522,52
scAAV9-cba-SMN,Drug,0.00011104328016205056,6
EEG,Phenotype,0.00011096875555781823,54
muscle phenotype,Phenotype,0.00011095814274914234,8
improved functional ability of lower extremities,Phenotype,0.00011093930250274463,16
walking unaided,Phenotype,0.00011093930250274463,16
working memory,Phenotype,0.00011093930250274463,16
severe infantile hypotonia with respiratory failure,Phenotype,0.00011090410617435325,0
cell adhesion,Phenotype,0.00011086638113864433,19
instability,Phenotype,0.00011073810537067088,12
CNS,Phenotype,0.00011061823476903284,5
Hspa8,Protein,0.00011060657841346055,52
motor circuit defects,Phenotype,0.00011060190620391235,12
abnormal plasma biomarkers,Phenotype,0.00011052407810862174,12
increased proliferation rate,Phenotype,0.00011052407810862174,12
perturbed cell cycle phase distribution,Phenotype,0.00011052407810862174,12
complement cascade,Phenotype,0.00011048233391310614,18
adiponectin resistance,Phenotype,0.00011046615409866477,16
pressure ulcer,Phenotype,0.00011046615409866477,16
NfL,Protein,0.00011043149843835809,8
selective cell damage,Phenotype,0.00011041608512478867,101
SNARE assembly,Phenotype,0.00011038812334186006,52
dorsal root ganglion pathology,Phenotype,0.00011036179382946728,6
prenatal fractures of long bones,Phenotype,0.00011036027973760814,0
cerebellar abnormalities,Phenotype,0.00011029059382274995,12
increased excitability,Phenotype,0.00011029059382274995,12
miR-100-5p,Gene,0.00011029059382274995,12
loss of U1 snRNP and the SMN complex,Phenotype,0.00011019476764291023,17
p.S135N,Variant,0.00011019476764291023,17
progressive microcephaly,Phenotype,0.00011017035317680797,19
intellectual disability,Phenotype,0.00011016458076517954,0
steroids,Drug,0.00011013804318793493,13
loss of snRNP assembly,Phenotype,0.00011007656656070083,12
phosphorylation of serine 18,Phenotype,0.00011007656656070083,12
intestinal inflammation,Phenotype,0.00011007407680501209,8
FL-SMN transcript,Protein,0.00011002433914312853,8
exotropia,Phenotype,0.00010999300569458493,16
ventilator-free survival,Phenotype,0.00010996887847591448,13
SMA-related defects,Phenotype,0.00010993817756811817,7
head control,Phenotype,0.00010989352596017193,13
congenital hypotonia,Phenotype,0.00010988027644392037,2
histone mRNA processing,Phenotype,0.00010981192899909867,17
neurocalcin delta,Protein,0.00010980821146381425,45
CMT2S,Disease,0.00010977200199151984,5
3 copies of exons 7 and 8,Variant,0.0001097709177887287,1
seminiferous tubule degeneration,Phenotype,0.00010969622891031025,13
chest muscle involvement,Phenotype,0.00010967792754597304,2
SRSF1,Protein,0.00010952885148841495,1
active neurodegeneration,Phenotype,0.00010952648988946002,18
c.866delG,Variant,0.00010951013023798232,5
inability to segregate,Phenotype,0.00010947045357821124,17
telomerase complex proteins,Protein,0.00010947045357821124,17
diffuse motor neuronopathy,Phenotype,0.00010945718329366686,2
endocrine-related sexual dysfunction,Phenotype,0.00010945718329366686,2
hippocampal morphology changes,Phenotype,0.00010944612134528688,45
reduced expression,Phenotype,0.00010944612134528688,45
cardiac adverse effects,Phenotype,0.0001094268325585859,13
exon 7 exclusion,Variant,0.00010941873104149633,1
decreased synaptic transmission,Phenotype,0.00010940557172656832,17
liver toxicity,Phenotype,0.00010935956271684035,6
formation of PML bodies,Phenotype,0.00010926791872723208,17
MAP3K10,Protein,0.00010922886727417044,45
Smn2B/-,Variant,0.00010922123567988836,10
course of neuromuscular diseases,Phenotype,0.00010920986890834827,13
disruption of SMN protein polymerization,Phenotype,0.00010919032960028321,2
RNA polymerase I,Protein,0.0001091384111325344,17
NRF2,Protein,0.0001091157617713008,1
dSMA-V,Disease,0.00010903823078435875,0
adult neurogenesis,Phenotype,0.00010902971770898037,45
HoxA5,Gene,0.00010902040544611646,17
optoacoustic signal intensity,Phenotype,0.00010901098556229711,13
carrier status,Phenotype,0.00010900816426549602,16
SMA-affected NSCs,Phenotype,0.00010891819712398535,1
E134K,Variant,0.0001089136358882271,17
GRAMD1A,Protein,0.00010889188829567587,0
locomotor abilities,Phenotype,0.0001088879106671118,12
motor unit integrity,Phenotype,0.0001088596963308051,0
levels of pNF-H in serum and cerebrospinal fluid,Phenotype,0.00010883320106811888,8
peroneal compound muscle potential amplitude,Phenotype,0.00010879861691055657,8
tau,Protein,0.00010879322701494204,10
HOPS complex,Protein,0.00010878948934236438,0
RANBP2,Protein,0.00010878948934236438,0
CCP1,Protein,0.00010875189488728063,10
facial weakness,Phenotype,0.00010874146313489134,2
neuropathological features,Phenotype,0.00010873734776582803,0
endocytic defect,Phenotype,0.00010872952758506005,17
Asp44Val,Variant,0.00010871372962136527,1
Gln136Glu,Variant,0.00010871372962136527,1
Glu134Lys,Variant,0.00010871372962136527,1
age at first dose,Phenotype,0.00010871215651665077,8
copy number of two or unknown,Variant,0.00010870745195530365,1
mitophagy,Phenotype,0.0001086990716992943,12
active cycling distance,Phenotype,0.00010868458700569137,18
active cycling duration,Phenotype,0.00010868458700569137,18
p.Ser107Leu,Variant,0.00010868316652331792,0
TRAF6,Protein,0.00010868292155602047,17
aberrant splicing of Stasimon,Phenotype,0.00010864927281200474,6
"biallelic missense AGTPBP1 variant (NM_001330701.1:c.2396G>T, p.Arg799Leu)",Variant,0.00010863392500586078,10
mis-localization of GRAMD1A,Phenotype,0.00010861882442017858,0
SMN dysfunction,Phenotype,0.00010861835051004755,17
SMN protein half-life,Phenotype,0.00010861835051004755,17
IKK,Protein,0.00010861767311536505,1
loss of proprioceptive sensory synapses on SMA motor neurons,Phenotype,0.00010861523425347781,6
diaphragm function,Phenotype,0.0001086132358048318,12
NK cell activity,Phenotype,0.00010861262114172906,13
neuromuscular involvement,Phenotype,0.00010861138533229916,0
ophthalmic involvement,Phenotype,0.00010861138533229916,0
orthopedic involvement,Phenotype,0.00010861138533229916,0
cardiac abnormalities,Phenotype,0.00010859513856600834,13
Unrip,Protein,0.00010859195773123875,17
exercise capacity,Phenotype,0.00010858311495032388,15
fetal akinesia,Phenotype,0.00010858182017721898,0
hydrops,Phenotype,0.00010858182017721898,0
pathogenic splicing mutation,Variant,0.00010858057585221182,0
alternative splicing,Variant,0.00010857465162314818,1
childhood-onset neurodegeneration with cerebellar atrophy (CONDCA),Phenotype,0.00010856651364504946,10
IGF-1,Protein,0.00010854953503738242,16
ChAT,Protein,0.00010854128181300093,23
Isl1,Protein,0.00010854128181300093,23
Nkx2,Protein,0.00010854128181300093,23
perforin,Protein,0.00010852732759706308,13
lung failure,Phenotype,0.0001085130896765525,1
3.8 kb deletion,Variant,0.00010849926893778771,0
neuromuscular junction morphology,Phenotype,0.0001084877849971403,6
transcripts related to programmed cell death,Phenotype,0.0001084877849971403,6
missense ATP7A mutation,Variant,0.00010848565714953233,2
IGF1,Gene,0.00010847879894721627,18
IGFBP3,Protein,0.00010847879894721627,18
VO2 max,Phenotype,0.00010846171884297617,15
autophagosome over-assembly,Phenotype,0.00010846171884297617,15
neuronal activity,Phenotype,0.0001084541356510741,10
neurotransmission,Phenotype,0.0001084541356510741,10
off-target effects,Phenotype,0.00010842768832944484,1
accumulation of snRNPs in nuclear speckles,Phenotype,0.00010841355973883434,17
cytoplasmic diffusion rate,Phenotype,0.00010841355973883434,17
cytoplasmic localization,Phenotype,0.00010841355973883434,17
STING/TBK1/IRF3 signaling pathway,Protein,0.0001084079166345307,13
lethal arthrogryposis with anterior horn disease,Phenotype,0.00010837635383368873,0
lethal congenital contracture syndrome 1,Phenotype,0.00010837635383368873,0
X-linked distal spinal muscular atrophy type 3,Phenotype,0.00010836997397260848,2
Bax,Gene,0.000108351144873357,3
TrkB activation,Phenotype,0.00010833261640626685,16
cellular energy production,Phenotype,0.00010829015989361412,17
circulating insulin-like growth factor 1,Phenotype,0.00010828496008057564,6
mislocalization of GRAMD1A,Phenotype,0.00010822629509915125,0
efficiency of AAV-mediated gene transfer,Phenotype,0.00010821487467874811,13
non-lethal variant,Phenotype,0.00010818915031670924,0
micronucleus formation,Phenotype,0.00010818507044506093,13
CAPN1 protease activity,Phenotype,0.00010816369076757907,0
CAPN1 protein,Protein,0.00010816369076757907,0
AAV9-Ab titers,Phenotype,0.00010813207640674825,19
reduced therapeutic benefit,Phenotype,0.00010813207640674825,13
p.Trp92Ser,Variant,0.00010802049412806523,0
therapeutic effectiveness,Phenotype,0.00010801615882594845,13
Golgi fragmentation,Phenotype,0.000107928199118216,19
late initiation of treatment,Phenotype,0.00010791680089954861,19
dynein hyper-activation,Phenotype,0.00010784340825837232,0
scapula muscle atrophy,Phenotype,0.00010778946082345903,0
asymptomatic,Phenotype,0.000107680474944417,16
spastic paraplegia,Phenotype,0.00010764026127614958,0
clinodactyly,Phenotype,0.00010761048128496683,0
pontocerebellar hypoplasia type 1B,Disease,0.00010754507999192563,0
ponto-cerebellar hypoplasia with spinal muscular atrophy (PCH1B),Disease,0.0001075324784757252,0
PIP3/AKT pathway,Protein,0.00010751973126519645,6
SMN1 gene replacement therapy,Drug,0.0001074531305763494,8
loss of afferent synapses on motor neurons,Phenotype,0.00010740857076440233,6
delayed timing of peak ALT,Phenotype,0.00010739930475166553,19
delayed timing of peak AST,Phenotype,0.00010739930475166553,19
walking with assistance,Phenotype,0.00010736561041864618,13
abnormal myelination,Phenotype,0.00010734058534140539,0
PTEN protein levels,Protein,0.00010733148181260082,6
neuronal phenotypes,Phenotype,0.00010729904780417882,6
sensory-motor neurotransmission,Phenotype,0.00010729904780417882,6
early onset,Phenotype,0.00010724555472551392,1
P56S,Variant,0.00010705814553269992,25
ErbB,Gene,0.00010698756897687222,17
tp53,Gene,0.00010698756897687222,17
platelets,Phenotype,0.00010695838055871312,13
expiratory muscle strength,Phenotype,0.00010693794106598043,8
autophagosome formation,Phenotype,0.00010684612419491234,10
axons,Phenotype,0.00010682732333571161,0
progressive motor neuronopathy (pmn) mice,Phenotype,0.00010679099859928459,19
intracellular calcium,Phenotype,0.00010672831151280386,7
postoperative complications,Phenotype,0.00010671365907853472,8
evoked and spontaneous release,Phenotype,0.0001067111808034585,23
growth cone size,Phenotype,0.0001067111808034585,23
spontaneous Ca(2+) transients,Phenotype,0.0001067111808034585,23
ATOH7,Gene,0.00010670530270849967,7
MN number,Phenotype,0.00010668030508400522,6
SRSF9,Protein,0.00010667033388215617,7
E7 inclusion,Phenotype,0.00010665827737180741,7
motor neuron protection,Phenotype,0.00010665541415397776,5
P56S mutation,Variant,0.00010664094344558982,25
Impaired proprioception,Phenotype,0.00010663749902598738,13
nuclear-DNA-encoded mitochondrial proteins,Protein,0.0001066354074729089,12
progressive distal motor neuronopathy,Phenotype,0.00010663070670169739,19
SMN pre-mRNA stability,Phenotype,0.00010662913732862884,7
capillary leak syndrome,Phenotype,0.00010661005563339244,18
multiorgan failure,Phenotype,0.00010661005563339244,18
refractory shock,Phenotype,0.00010661005563339244,18
ALS Functional Rating Score-Revised,Phenotype,0.00010659972049348341,8
NFP amplitude,Phenotype,0.00010659972049348341,8
upper limb MRC score,Phenotype,0.00010659972049348341,8
hind limb clasping,Phenotype,0.00010659165812301295,6
behavior,Phenotype,0.0001065875086955166,0
demyelination of the spinal cord,Phenotype,0.0001065875086955166,0
hematopoietic system anomalies,Phenotype,0.0001065875086955166,0
histiocytic infiltration,Phenotype,0.0001065875086955166,0
lesion development,Phenotype,0.0001065875086955166,0
abnormal distribution of mitochondria,Phenotype,0.00010656251802905107,12
activation of the mitochondrial caspase pathway,Phenotype,0.00010656251802905107,12
retinal vascular phenotype,Phenotype,0.00010656060976464107,18
progressive spastic-ataxic tetraparesis,Phenotype,0.00010655784674824867,19
cluster-like formations of Cav2.2 channels,Phenotype,0.00010653510525994801,23
readily releasable pool (RRP) of vesicles,Phenotype,0.00010653510525994801,23
organ pathology,Phenotype,0.00010652767458734385,2
L-glutamate,Phenotype,0.0001065226726115122,17
AKT/CREB pathway,Protein,0.00010649696808423508,5
JAK pathway,Protein,0.00010649696808423508,5
Sanjad-Sakati syndrome,Phenotype,0.00010645584281342046,19
cerebro-cerebellar atrophy,Phenotype,0.00010645584281342046,19
galactosylceramidase,Gene,0.00010643916666252242,13
huntingtin,Gene,0.00010643916666252242,13
patient reported breathing difficulties,Phenotype,0.00010641442929303144,8
corpus callosum thinning,Phenotype,0.00010639755485066147,19
PSF binding to ESE of exon 7,Phenotype,0.00010639494013657964,7
hnRNP M binding to ESE of exon 7,Phenotype,0.00010639494013657964,7
days intubated,Phenotype,0.00010638070478892955,8
developmental defects in SMA embryonic motor neurons,Phenotype,0.00010637370267839673,23
PEAMO,Phenotype,0.00010636841086928198,19
G3BP,Protein,0.00010634955129554652,3
recessive variants,Variant,0.00010633086672056448,2
dorsal root ganglia toxicity,Phenotype,0.00010632657872588045,13
MCP1,Protein,0.00010631810943059377,17
axonogenesis,Phenotype,0.00010631810943059377,17
toxic aggregates,Phenotype,0.00010631005903167492,25
iron accumulation in deep grey matter,Phenotype,0.00010629555091583326,19
Spag5,Gene,0.00010628068306499086,12
lamin A/C,Protein,0.00010626327086630387,6
miR-206,Gene,0.00010625969920315329,24
copy number,Variant,0.00010625937073375133,1
myopathic face,Phenotype,0.00010625549756058492,2
genetic-based therapies,Drug,0.00010624989702153319,8
calcineurin-like EF-hand protein 1,Protein,0.00010622530542685748,6
immune response,Phenotype,0.00010622251937160578,13
circRNA007386,Gene,0.0001062083861911589,12
lncRNA00138536,Gene,0.0001062083861911589,12
A+100G,Variant,0.00010619143744674976,1
calcineurin,Protein,0.0001061704291707748,6
alpha-COP mutant,Variant,0.00010616288463408504,17
neurite length and morphology,Phenotype,0.00010616288463408504,17
TNF-alpha,Protein,0.00010610372169701169,13
macropinocytosis,Phenotype,0.00010610183385067145,6
neuronal processes,Phenotype,0.00010601114379295477,17
dynamin 1 phosphorylation,Phenotype,0.00010595092414644408,6
stemness,Phenotype,0.00010587582057153186,12
body mass,Phenotype,0.00010584560832990357,17
muscle morphology,Phenotype,0.00010584560832990357,17
bone fractures,Phenotype,0.00010583859422632087,2
Gemins 2-8,Protein,0.00010566599932548422,23
increased cell death,Phenotype,0.00010565652517268956,10
neurogenesis,Phenotype,0.00010555336218124517,18
RhoA,Gene,0.00010544492920567419,17
chest wall movement,Phenotype,0.00010537841308776798,15
cold sweats,Phenotype,0.00010537841308776798,15
peripheral coldness,Phenotype,0.00010537841308776798,15
survival probability,Phenotype,0.00010537084805324945,1
FL-SMA-PME,Disease,0.00010534979520557094,0
axonal swellings,Phenotype,0.00010530393380318666,16
more severe types of SMA,Phenotype,0.00010527479154724925,1
oxidative stress marker,Phenotype,0.00010526168264725439,23
side effects,Phenotype,0.00010525746956281457,13
abnormal motor neuron development,Phenotype,0.00010525518313732558,10
MRC sum score,Phenotype,0.00010524516608704462,1
spinal growth,Phenotype,0.00010524220882651885,8
liver pathology,Phenotype,0.00010522965128488823,6
morphological defects in liver,Phenotype,0.00010522965128488823,6
disease onset before 18 months,Phenotype,0.00010521495317849997,1
mutated proteins,Protein,0.00010521495317849997,1
risk of death,Phenotype,0.00010521495317849997,1
sNfL,Protein,0.00010521055853213228,8
NF accumulation,Phenotype,0.00010517574940355649,6
NMJ maturity,Phenotype,0.00010517574940355649,6
PAX-7,Protein,0.0001051634531590365,5
laminin alpha,Protein,0.0001051634531590365,5
muscle degeneration,Phenotype,0.00010514117387382337,8
apoptotic activation,Phenotype,0.00010511583133627178,10
muscle fiber thickness,Phenotype,0.0001051033964717642,8
reduction in the number of motor neurons,Phenotype,0.00010510102976695638,10
scoliosis-like body deformities,Phenotype,0.00010510102976695638,10
overall growth,Phenotype,0.00010505302660235199,8
TUNEL-positive neurons,Phenotype,0.00010505247499239285,10
good tolerability,Phenotype,0.00010502501861217418,8
innervated receptors,Phenotype,0.00010501068091757502,5
myocytes,Phenotype,0.00010501068091757502,5
calpain,Protein,0.00010500283275455036,6
calpastatin,Protein,0.00010500283275455036,6
distal necrosis,Phenotype,0.00010500213794214998,6
IVS16ins3kb,Variant,0.00010498759862363305,0
pNfH,Protein,0.00010495408897778488,8
collapsing spine deformity,Phenotype,0.00010494712261547167,8
terminal sprouting,Phenotype,0.00010491924475792908,1
cerebral malformations,Phenotype,0.0001049007986601416,0
human serum,Phenotype,0.00010487433070516987,8
motor neuron survival protein,Protein,0.00010484740847040161,1
total strength,Phenotype,0.00010484108067243505,8
changes in renal function,Phenotype,0.00010479924524920305,13
Citrin protein deficiency,Phenotype,0.00010470377724301642,0
airway obstruction,Phenotype,0.00010464745983399266,15
NMJ maldevelopment,Phenotype,0.00010456803658272152,0
less severe,Phenotype,0.00010449287206780796,0
ependymoma,Disease,0.00010441148275048175,0
infantile-onset SMA,Disease,0.00010440742761032007,13
ability to swallow,Phenotype,0.00010428695234865421,13
HMSN,Disease,0.00010428358525182627,0
nutritional support,Phenotype,0.00010426988846591503,13
translation efficiency,Phenotype,0.00010424752982131305,5
modified sleep architecture,Phenotype,0.0001042254500251647,0
biomechanics of movement,Phenotype,0.00010421008430389952,8
functional mobility,Phenotype,0.00010421008430389952,8
placebo,Drug,0.00010419983189300996,6
Parkinsonism,Disease,0.00010417236425906855,10
FSHD,Disease,0.00010414406070783848,0
LGMD,Disease,0.00010414406070783848,0
chronic partial denervation with reinnervation,Phenotype,0.00010414406070783848,0
higher disease severity in males,Phenotype,0.00010414406070783848,0
paraspinal muscles electrically silent,Phenotype,0.00010414406070783848,0
SMA-LED,Disease,0.00010414023627462858,0
homozygous mutations,Variant,0.00010411042070460705,1
endurance performance,Phenotype,0.0001040986727547733,6
6MWT RPE,Phenotype,0.00010409215920418811,7
aberrant proteolytic signalling,Phenotype,0.00010409215920418811,7
ventral root size,Phenotype,0.00010405727189735066,10
enhanced autophagy,Phenotype,0.00010404772208641005,10
protein aggregation,Phenotype,0.00010404772208641005,10
motor axon conduction velocities,Phenotype,0.00010403489456622348,10
Kdm6b,Gene,0.0001040318477980818,23
plasma biomarkers,Phenotype,0.00010402378083521368,8
increasing scores,Phenotype,0.00010401616320918301,0
axon diameter,Phenotype,0.0001040125172350963,10
axon segregation,Phenotype,0.0001040125172350963,10
myelination,Phenotype,0.0001040125172350963,10
astroglial reaction,Phenotype,0.00010400635732141789,2
microglial reaction,Phenotype,0.00010400635732141789,2
SMA histopathological features,Phenotype,0.00010400121644929323,10
motor axon function,Phenotype,0.00010400121644929323,10
radial growth of myelinated axons,Phenotype,0.00010400121644929323,10
inhibition of neurite outgrowth,Phenotype,0.00010399337660815377,8
loss of glutamatergic excitatory synapses on motor neurons,Phenotype,0.00010398410601646876,2
axon electrophysiology,Phenotype,0.00010397895123840554,10
GI histopathological abnormalities,Phenotype,0.00010396758105954869,52
GI histopathological phenotypes,Phenotype,0.00010396758105954869,52
structural changes in neuromuscular junctions,Phenotype,0.00010396185471151962,2
cardiac atrophy,Phenotype,0.0001039613799019087,6
AKT,Protein,0.000103955516859161,17
ERK/ELK1,Protein,0.000103955516859161,7
readily releasable pool of motor neuronal synaptic vesicles,Phenotype,0.00010394776755442953,52
brain-derived neurotrophic factor,Protein,0.00010391174880714623,10
C1orf194(-/-) mice,Phenotype,0.00010390658170969454,5
miR-133a-3p,Gene,0.00010389896038614232,19
survival into adulthood,Phenotype,0.00010386594338037495,10
neurodegenerative phenotype resembling SMA,Phenotype,0.00010384260451975451,24
endurance shuttle test combined scores,Phenotype,0.00010384015495705738,6
cardiometabolic disease,Disease,0.00010383026137621947,7
sensory and motor abilities,Phenotype,0.0001038295665350484,5
RhoA/ROCK2/p-LIMK/p-cofilin pathway,Protein,0.00010382185024217573,8
dopaminergic deficits,Phenotype,0.0001037871066344877,10
electrical impedance myography,Phenotype,0.00010376385628514518,8
patient outcomes,Phenotype,0.00010371369966370316,15
mutation,Variant,0.000103708433477828,5
FL-SMN mRNA,Phenotype,0.00010370810163409863,7
histone deacetylase activity,Phenotype,0.00010370810163409863,7
GSK3beta phosphorylation,Phenotype,0.00010368658858580128,7
biallelic pathogenic variants,Variant,0.00010363986028404061,1
reduction of mobility,Phenotype,0.00010363622324385402,8
ability to sit unassisted,Phenotype,0.00010356511424217386,16
FoxO expression,Phenotype,0.00010339146653408735,10
Cdk-5,Protein,0.0001032582233337416,24
loss of survival motor neuron (SMN) 1 protein expression,Phenotype,0.0001032470800895482,1
female germ cells,Phenotype,0.00010322888159406164,5
brain,Phenotype,0.00010320877865288149,5
Ca(v)2.1,Protein,0.00010320753825863846,24
quadriceps muscles,Phenotype,0.00010318867571170134,5
alpha motor neuron survival,Phenotype,0.0001031850475473296,8
fiber size,Phenotype,0.0001031850475473296,8
mono-innervated endplates,Phenotype,0.0001031850475473296,8
C6U substitution,Variant,0.00010313503460731633,1
femoral fracture,Phenotype,0.00010311058271217252,0
need for non-invasive positive pressure ventilation,Phenotype,0.00010311058271217252,0
restrictive respiratory disorder,Phenotype,0.00010311058271217252,0
Ca(v)2.1 channel density,Phenotype,0.00010309603109341154,24
frequency of spontaneous miniature potentials,Phenotype,0.00010309603109341154,24
motor endplate size,Phenotype,0.00010309603109341154,24
myogenic genes,Gene,0.00010307384656752891,8
high-grade drug-related hepatotoxicity,Phenotype,0.00010306360583665638,13
global gene expression,Phenotype,0.00010304540600804099,6
activation threshold of silent terminals,Phenotype,0.00010304534601830841,24
muscle trophism,Phenotype,0.00010299735965148426,6
neural stem cells,Drug,0.00010297759482930976,5
aberrant SMA expression and splicing profiles,Phenotype,0.00010297550547171948,6
Ca(v)2.2 channel cluster formation,Phenotype,0.000102974386913164,24
fetal growth restriction,Phenotype,0.00010290723453517925,5
abnormal electroretinograms,Phenotype,0.00010287701143290697,0
cataract,Phenotype,0.00010287701143290697,0
visual evoked potentials,Phenotype,0.00010287701143290697,0
pre-mRNA processing,Phenotype,0.00010285567598088261,6
type IV,Phenotype,0.00010276178070810285,16
ambulation prognosis,Phenotype,0.00010271414878567892,16
late-onset SMA,Disease,0.00010271414878567892,16
no/low developmental risk,Phenotype,0.00010271414878567892,16
overexpression of antimicrobial peptides (AMPs),Phenotype,0.0001026881825018859,17
ectopic formation of melanotic masses,Phenotype,0.00010266954009027006,17
expected scores for all domains,Phenotype,0.00010266651686325498,16
SMNK186R,Variant,0.00010265089767865423,0
symptoms before age 36 months,Phenotype,0.0001026474640942854,16
mild disease phenotype,Phenotype,0.00010264665728390115,0
cardiac toxicity,Phenotype,0.00010262888770115901,13
transaminasemia,Phenotype,0.00010262573331524583,13
H3K79(me1),Phenotype,0.00010261361285542255,17
SMN Tudor domain mutations,Variant,0.00010261361285542255,17
progressive loss of movement,Phenotype,0.00010261361285542255,17
reduced colonic motility,Phenotype,0.00010261361285542255,17
slow intestinal transit,Phenotype,0.00010261361285542255,17
whole blood,Phenotype,0.00010261361285542255,17
ability to sit during infancy,Phenotype,0.00010260935855634625,16
irreversible symptoms,Phenotype,0.00010260935855634625,16
normal developmental timelines,Phenotype,0.00010260935855634625,16
pre-symptomatic,Phenotype,0.00010260935855634625,16
severe early onset of SMA,Phenotype,0.00010260935855634625,16
slower motor development,Phenotype,0.00010260935855634625,16
supplemental enteral nutrition,Phenotype,0.00010260935855634625,16
symptomatic before age 1 month,Phenotype,0.00010260935855634625,16
time to feeding support,Phenotype,0.00010260935855634625,16
time to respiratory support,Phenotype,0.00010260935855634625,16
time to scoliosis,Phenotype,0.00010260935855634625,16
enteric neuron loss,Phenotype,0.00010259497044380674,17
lower morbidity and mortality,Phenotype,0.00010259030578737668,16
PCH1B,Disease,0.00010258112502606861,0
fl-SMN1,Variant,0.00010258112502606861,0
disrupted ENS signaling,Phenotype,0.00010256700682638297,17
Smn2-859C.1,Variant,0.00010256240152383076,0
never gained ability to walk independently,Phenotype,0.00010256172663392231,16
never learned to sit unaided,Phenotype,0.00010256172663392231,16
phenotypic severity of SMA,Phenotype,0.00010256172663392231,16
FUS-mediated toxicity,Phenotype,0.00010254836441476714,17
GATA6,Gene,0.00010254836441476714,0
GEMINs,Protein,0.00010254836441476714,17
IGF1 deficiency,Phenotype,0.00010254836441476714,18
METTL14,Protein,0.00010254836441476714,17
SMA III and SMA I iPSCs derived postmitotic motor neurons,Phenotype,0.00010254836441476714,17
altered exosomal biogenesis and cargo,Phenotype,0.00010254836441476714,17
astrocyte reactivity,Phenotype,0.00010254836441476714,17
deletion of a single Smn allele,Variant,0.00010254836441476714,17
dilysine domain mutation,Variant,0.00010254836441476714,16
disrupted deposition of extracellular matrix proteins,Phenotype,0.00010254836441476714,17
droplet formation,Phenotype,0.00010254836441476714,17
elevated hepatic triglycerides,Phenotype,0.00010254836441476714,17
hyperactive innate immune signaling,Phenotype,0.00010254836441476714,17
hypoxia-induced cell apoptosis,Phenotype,0.00010254836441476714,17
impaired GABAergic Parvalbumin-positive interneurons,Phenotype,0.00010254836441476714,17
impaired axonal ER remodeling,Phenotype,0.00010254836441476714,17
impaired cardiac development,Phenotype,0.00010254836441476714,17
increased contractility,Phenotype,0.00010254836441476714,17
innate immune signaling,Phenotype,0.00010254836441476714,17
miR-183,Gene,0.00010254836441476714,17
missense mutations within its YG box domain,Variant,0.00010254836441476714,17
myomaker,Protein,0.00010254836441476714,17
myomixer,Protein,0.00010254836441476714,6
neuronal defects,Phenotype,0.00010254836441476714,17
oligodendrocyte development,Phenotype,0.00010254836441476714,17
pS290,Variant,0.00010254836441476714,17
pS292,Variant,0.00010254836441476714,17
phosphoethanolamine,Phenotype,0.00010254836441476714,17
primary cilia density,Phenotype,0.00010254836441476714,17
profilin2,Protein,0.00010254836441476714,17
spleen alterations,Phenotype,0.00010254836441476714,17
spliceosome assembly,Phenotype,0.00010254836441476714,17
thymus alterations,Phenotype,0.00010254836441476714,17
translation defects,Phenotype,0.00010254836441476714,17
truncated Smn variant,Variant,0.00010254836441476714,17
SMAX2 phenotype,Phenotype,0.00010254367802159289,0
cilial length,Phenotype,0.00010252972200315131,17
F-actin,Protein,0.00010251107959153548,17
G-actin,Protein,0.00010251107959153548,17
Z+Agrin,Gene,0.00010251107959153548,6
cell proliferation in hippocampus,Phenotype,0.00010251107959153548,17
hyperactivation of the immune deficiency (IMD) and Toll pathways,Phenotype,0.00010251107959153548,17
impaired ribosome response to BDNF,Phenotype,0.00010251107959153548,17
serotonergic dysfunction,Phenotype,0.00010251107959153548,17
smaller spleen,Phenotype,0.00010251107959153548,17
splicing abnormalities,Phenotype,0.00010251107959153548,17
admissions,Phenotype,0.00010249504194252881,16
disease evolution,Phenotype,0.00010249504194252881,16
long-term adaptive functioning,Phenotype,0.00010249504194252881,16
dissociation of the localization of the SMN complex components,Phenotype,0.00010248311597411173,17
mislocalization of immune cells,Phenotype,0.00010248311597411173,17
neuromuscular maintenance,Phenotype,0.00010248311597411173,17
reduced contractile function,Phenotype,0.00010248311597411173,17
splicing fidelity,Phenotype,0.00010248311597411173,17
2-oxoadipate accumulation,Phenotype,0.00010247814576376035,0
e5 skipping,Phenotype,0.00010247814576376035,0
infantile respiratory distress syndrome,Phenotype,0.00010247814576376035,0
lumbar lordosis,Phenotype,0.00010247814576376035,0
neuromuscular symptoms,Phenotype,0.00010247814576376035,0
quinolinic acid accumulation,Phenotype,0.00010247814576376035,0
MAS receptor,Protein,0.00010246738576131624,7
gamma glutamyl transpeptidase elevation,Phenotype,0.00010246703753177963,13
IV infusion,Phenotype,0.00010246601899778488,8
actin,Protein,0.0001024644735624959,17
cortex thinning,Phenotype,0.0001024644735624959,17
primary cilia,Phenotype,0.0001024644735624959,17
ribosome number,Phenotype,0.0001024644735624959,17
muscle performance,Phenotype,0.00010244889803020125,7
ABCA1,Protein,0.00010244583115088007,17
ACTB,Gene,0.00010244583115088007,17
NMJ morphological defects,Phenotype,0.00010244583115088007,17
Ptbp2,Protein,0.00010244583115088007,17
ROCK1,Gene,0.00010244583115088007,17
SMN missense mutations,Variant,0.00010244583115088007,17
SMN mutant,Variant,0.00010244583115088007,17
SUMO,Protein,0.00010244583115088007,17
Sm ring,Protein,0.00010244583115088007,17
SmB,Protein,0.00010244583115088007,10
U7 snRNP,Protein,0.00010244583115088007,17
ZPR1,Gene,0.00010244583115088007,17
abnormal NMJ maturation,Phenotype,0.00010244583115088007,17
abnormal mitochondrial transport,Phenotype,0.00010244583115088007,17
actin dynamics,Phenotype,0.00010244583115088007,17
afferent synapse integrity,Phenotype,0.00010244583115088007,17
alpha tubulin detyrosination,Phenotype,0.00010244583115088007,17
altered release of neurotransmitters,Phenotype,0.00010244583115088007,17
axonal dysfunction,Phenotype,0.00010244583115088007,17
bone development defects,Phenotype,0.00010244583115088007,17
calcium reuptake,Phenotype,0.00010244583115088007,17
cell reprogramming efficiency,Phenotype,0.00010244583115088007,17
cytoskeletal dynamics,Phenotype,0.00010244583115088007,17
decreased cardiomyocyte proliferation,Phenotype,0.00010244583115088007,17
defects in endosomal trafficking,Phenotype,0.00010244583115088007,17
embryonic lethal,Phenotype,0.00010244583115088007,17
exon 6B,Variant,0.00010244583115088007,17
genome integrity,Phenotype,0.00010244583115088007,17
glutamate and serine metabolism disruption,Phenotype,0.00010244583115088007,17
granules,Phenotype,0.00010244583115088007,17
hypertrophic chondrocytes differentiation,Phenotype,0.00010244583115088007,17
impaired microtubule architecture,Phenotype,0.00010244583115088007,17
impaired motor control,Phenotype,0.00010244583115088007,17
impaired neurotransmission,Phenotype,0.00010244583115088007,17
impaired testis development,Phenotype,0.00010244583115088007,17
impaired thymocyte development,Phenotype,0.00010244583115088007,17
increased apoptosis,Phenotype,0.00010244583115088007,17
innervation patterns,Phenotype,0.00010244583115088007,17
low fertility,Phenotype,0.00010244583115088007,17
myocyte differentiation,Phenotype,0.00010244583115088007,17
myogenic progenitor fate,Phenotype,0.00010244583115088007,17
oligomerization,Phenotype,0.00010244583115088007,17
proximal SMA,Disease,0.00010244583115088007,17
reduced sperm count,Phenotype,0.00010244583115088007,17
renal pathology,Phenotype,0.00010244583115088007,17
shorter half-life,Phenotype,0.00010244583115088007,17
small nuclear ribonucleoproteins,Protein,0.00010244583115088007,17
synaptic integrity,Phenotype,0.00010244583115088007,17
synaptic withdrawal,Phenotype,0.00010244583115088007,17
ubiquitylation complex,Phenotype,0.00010244583115088007,17
hypertrophy of adductor longus,Phenotype,0.00010243133700816569,0
sparing of biceps femoris and semitendinosus,Phenotype,0.00010241261350592782,0
timely detection of SMA,Phenotype,0.00010240691806441244,13
Bendless,Protein,0.00010239922512184049,17
Cajal body integrity,Phenotype,0.00010239922512184049,17
Diap2,Protein,0.00010239922512184049,17
HuR,Protein,0.00010239922512184049,1
MuSC reservoir establishment,Phenotype,0.00010239922512184049,17
RPS6 mRNA,Gene,0.00010239922512184049,17
Rit1,Gene,0.00010239922512184049,24
Wnt signaling,Phenotype,0.00010239922512184049,17
adipogenic bias,Phenotype,0.00010239922512184049,17
bone mass reduction,Phenotype,0.00010239922512184049,17
catalase,Protein,0.00010239922512184049,7
chaperone for the assembly of snRNP and mRNP complexes,Phenotype,0.00010239922512184049,17
chondrocytes,Phenotype,0.00010239922512184049,17
cytokine changes,Phenotype,0.00010239922512184049,17
cytoskeleton organization,Phenotype,0.00010239922512184049,17
dysregulated co-localization pattern of SMN-actin,Phenotype,0.00010239922512184049,17
gurken mRNA,Gene,0.00010239922512184049,17
hyperactivation of innate immunity,Phenotype,0.00010239922512184049,17
induced pluripotent stem cell colony formation,Phenotype,0.00010239922512184049,17
minor spliceosome activity,Phenotype,0.00010239922512184049,17
nucleolar structure,Phenotype,0.00010239922512184049,17
oskar mRNA,Gene,0.00010239922512184049,17
profilin,Protein,0.00010239922512184049,17
retinal vascular defect,Phenotype,0.00010239922512184049,17
ribosome biology,Phenotype,0.00010239922512184049,17
transcript alterations,Phenotype,0.00010239922512184049,17
viability defects,Phenotype,0.00010239922512184049,17
noncongenital disease forms,Phenotype,0.00010239025171319614,16
walking milestone,Phenotype,0.00010239025171319614,16
axonal localization,Phenotype,0.00010238058271022464,17
splicing dysregulation,Phenotype,0.00010238058271022464,17
germ-cell changes,Phenotype,0.00010237806198727741,13
5q SMA symptoms,Phenotype,0.00010236580475033314,0
Tra2beta1,Protein,0.00010236580475033314,0
cognitive dysfunction,Phenotype,0.00010236580475033314,0
decreased gems body count,Phenotype,0.00010236580475033314,0
prognostic outcomes,Phenotype,0.00010236580475033314,0
pure motor findings,Phenotype,0.00010236580475033314,0
muscle resistance to fatigue,Phenotype,0.00010235645937462624,7
fibre size,Phenotype,0.00010234848729512044,8
Anxa2,Gene,0.00010233397668118506,17
C/C model,Variant,0.00010233397668118506,17
DNA-PKcs,Protein,0.00010233397668118506,17
F-actin organizational defect,Phenotype,0.00010233397668118506,17
IKK-gamma,Protein,0.00010233397668118506,17
IKKbeta,Protein,0.00010233397668118506,17
IMP1,Protein,0.00010233397668118506,17
MAP1B,Protein,0.00010233397668118506,17
MYOD1,Gene,0.00010233397668118506,17
Pmaip levels,Phenotype,0.00010233397668118506,17
SETX,Gene,0.00010233397668118506,17
SMN-upregulating therapy,Drug,0.00010233397668118506,17
Schwann cell homeostasis,Phenotype,0.00010233397668118506,17
SmD1,Protein,0.00010233397668118506,17
Stasimon,Protein,0.00010233397668118506,6
Stasimon dysfunction,Phenotype,0.00010233397668118506,10
abnormal development,Phenotype,0.00010233397668118506,17
axon and endplate number,Phenotype,0.00010233397668118506,17
axon growth and synaptic activity transcripts,Phenotype,0.00010233397668118506,17
caveolin-1,Protein,0.00010233397668118506,17
cell migration,Phenotype,0.00010233397668118506,17
cytoplasmic depletion of polyadenylated mRNAs,Phenotype,0.00010233397668118506,17
disruption of myofibrils,Phenotype,0.00010233397668118506,17
fibroblasts,Phenotype,0.00010233397668118506,17
impaired endocytosis,Phenotype,0.00010233397668118506,17
impaired growth plate homeostasis,Phenotype,0.00010233397668118506,17
l-glutamine/L-glutamate ratio,Phenotype,0.00010233397668118506,17
lethality,Phenotype,0.00010233397668118506,17
male infertility,Phenotype,0.00010233397668118506,17
miR-1,Gene,0.00010233397668118506,24
miR-431,Gene,0.00010233397668118506,5
microvascular complications,Phenotype,0.00010233397668118506,17
motoneuron development,Phenotype,0.00010233397668118506,17
motoneuron excitability,Phenotype,0.00010233397668118506,17
motor neuron electrophysiology,Phenotype,0.00010233397668118506,17
motor unit vulnerability,Phenotype,0.00010233397668118506,17
multi-neuritic neurons,Phenotype,0.00010233397668118506,17
nephron number,Phenotype,0.00010233397668118506,17
neuronal differentiation capacity,Phenotype,0.00010233397668118506,17
non-neuronal tissues,Phenotype,0.00010233397668118506,17
phagocytic activity,Phenotype,0.00010233397668118506,17
potency,Phenotype,0.00010233397668118506,17
presynaptic swelling,Phenotype,0.00010233397668118506,17
reduced IGF signaling,Phenotype,0.00010233397668118506,17
renal vasculature,Phenotype,0.00010233397668118506,17
ribosome fluxes,Phenotype,0.00010233397668118506,17
sarcomeric architecture,Phenotype,0.00010233397668118506,17
stem cell self-renewal and pluripotency,Phenotype,0.00010233397668118506,17
survival of male germ cells,Phenotype,0.00010233397668118506,17
upper MN vulnerability,Phenotype,0.00010233397668118506,17
C to T change in exon 7,Variant,0.00010233313399565276,1
2 copies,Variant,0.0001023251292868194,1
SMN1 c.5C>T,Variant,0.0001023251292868194,2
sensory neuron size,Phenotype,0.00010230289241220283,8
bi-allelic mutations,Variant,0.00010230111516031936,1
AKT signaling,Protein,0.00010230099618128123,7
splicing variants,Variant,0.00010229450223348349,2
proprioceptive synapse preservation,Phenotype,0.0001022846544590358,8
MHC class I genes,Gene,0.00010227804944633757,17
adipogenesis,Phenotype,0.00010227804944633757,17
cardiac malfunction,Phenotype,0.00010227804944633757,17
microRNA dysfunction,Phenotype,0.00010227804944633757,17
peripheral pathology,Phenotype,0.00010227804944633757,17
snRNP maturation,Phenotype,0.00010227804944633757,17
therapeutics aimed at increasing SMN protein levels,Drug,0.00010227804944633757,17
anaerobic performances,Phenotype,0.00010227326458460873,7
MADD,Gene,0.00010226722788140078,13
favorable outcomes,Phenotype,0.00010226282548802489,0
intermediate phenotype,Phenotype,0.00010226282548802489,0
myoclonic convulsions,Phenotype,0.00010226282548802489,0
quality of life of SMA patients,Phenotype,0.00010226057968931458,13
E/I imbalance,Phenotype,0.00010223144341729799,17
GABA metabolism,Phenotype,0.00010223144341729799,17
WDR79,Gene,0.00010223144341729799,17
abnormal DRG neurons,Phenotype,0.00010223144341729799,17
abnormal Schwann cells,Phenotype,0.00010223144341729799,17
bioenergetic pathways,Phenotype,0.00010223144341729799,17
cardiomyocyte homeostasis,Phenotype,0.00010223144341729799,17
chromatin regulation,Phenotype,0.00010223144341729799,17
defective targeting and transport of Golgi-resident proteins,Phenotype,0.00010223144341729799,17
histopathological abnormalities,Phenotype,0.00010223144341729799,17
loss of neuronal polarity,Phenotype,0.00010223144341729799,17
motor neuron sensitivity,Phenotype,0.00010223144341729799,17
neurofilament aggregation,Phenotype,0.00010223144341729799,17
nitric oxide,Phenotype,0.00010223144341729799,17
reactive transcriptome profile,Phenotype,0.00010223144341729799,17
translation,Phenotype,0.00010223144341729799,17
E7 and E8 heterozygous deletions,Variant,0.00010221306336315251,1
costs,Phenotype,0.00010219655665020927,13
neuromuscular connectivity,Phenotype,0.00010217522674003357,8
neurogenetic emergency,Phenotype,0.00010217114487004602,16
germ-cell degeneration,Phenotype,0.00010216562995101386,13
copy number variation,Variant,0.00010216503511015241,1
lower age at final assessment,Phenotype,0.00010214167975954757,13
PTEN signaling alterations,Phenotype,0.00010211958894760298,17
acetylcholinesterase,Protein,0.00010211958894760298,17
local protein synthesis,Phenotype,0.00010211958894760298,17
nephrin,Protein,0.00010211958894760298,17
event-free survival,Phenotype,0.00010211617140281106,13
motor unit size,Phenotype,0.00010211205339030337,1
RNA processing defects,Phenotype,0.00010209489059839758,52
death within first month,Phenotype,0.00010205274270683904,2
early fatal course,Phenotype,0.00010205274270683904,2
intrauterine onset,Phenotype,0.00010205274270683904,2
mitochondrial DNA deletion syndrome type 4A,Disease,0.00010204750521228942,0
cryptorchidism,Phenotype,0.00010204166933695826,2
desmin,Protein,0.000102031344722818,6
beta-actin mRNA,Gene,0.0001020170556837159,17
cardiomegaly,Phenotype,0.0001020170556837159,17
elastin,Protein,0.0001020054609051027,6
distal ear and tail necrosis,Phenotype,0.00010198820502662582,6
spleen size,Phenotype,0.00010198820502662582,6
SMN2 variants,Variant,0.00010196491738931865,1
rapid systemic bone dysplasia syndrome,Phenotype,0.00010195778531071861,52
Dandy Walker variant anomaly,Phenotype,0.00010194680675825885,2
inability to suck/swallow,Phenotype,0.00010194680675825885,2
fat deposition,Phenotype,0.00010191452241982882,17
impaired beta-actin transport,Phenotype,0.00010190637082783897,52
loss of agrin-MuSK signaling,Phenotype,0.00010190637082783897,52
drop in cerebral norepinephrine levels,Phenotype,0.00010188066358639916,52
myofiber alterations,Phenotype,0.00010188066358639916,52
rDNA damage,Phenotype,0.00010188066358639916,52
A-44G,Variant,0.00010187686559215179,1
tongue fibrillations,Phenotype,0.00010187116353076925,2
expanded zone of hypertrophic chondrocytes,Phenotype,0.0001018635254254393,52
p.Leu228*,Variant,0.00010186085617448509,1
nonvertex presentation,Phenotype,0.00010184969880539366,2
polyhydramnios,Phenotype,0.00010184969880539366,2
cardiomyocyte contraction impairment,Phenotype,0.00010184638726447942,52
cardiomyocyte function,Phenotype,0.00010184638726447942,52
circuit assembly disruption,Phenotype,0.00010184638726447942,52
defects in angiogenesis and blood vessel formation,Phenotype,0.00010184638726447942,52
depletion of CBs,Phenotype,0.00010184638726447942,52
dysregulations of MAPs,Phenotype,0.00010184638726447942,52
neural progenitor dynamics disruption,Phenotype,0.00010184638726447942,52
neuron-glia interactions disruption,Phenotype,0.00010184638726447942,52
proliferation defects,Phenotype,0.00010184638726447942,52
selenoprotein mRNA levels,Phenotype,0.00010184638726447942,52
synapse formation disruption,Phenotype,0.00010184638726447942,52
C-to-T transition,Variant,0.00010182883733915168,1
homozygous loss,Variant,0.00010182883733915168,1
biallelic deletion,Variant,0.00010182083263031834,1
turnover from hypertrophic to ossification zone,Phenotype,0.00010182068002303963,52
pectus carinatum,Phenotype,0.00010181148649860309,2
intra-cerebrospinal fluid,Phenotype,0.00010180675915497228,6
aromatic L-amino acid decarboxylase,Protein,0.00010180354186207974,52
dopamine beta-hydroxylase,Protein,0.00010180354186207974,52
monoamine oxidase A,Protein,0.00010180354186207974,52
cardiac conduction abnormalities,Phenotype,0.00010180266795013383,17
telomere length,Phenotype,0.00010180001383847719,13
medullary sponge kidney,Phenotype,0.00010176886004705582,2
frontal cyst,Phenotype,0.00010175180946643692,2
EB3,Protein,0.0001017435582987202,52
MAP2,Protein,0.0001017435582987202,52
dysregulation of Ca2+ signaling,Phenotype,0.0001017435582987202,52
hypoxia induced changes,Phenotype,0.0001017435582987202,52
impaired axon regeneration,Phenotype,0.0001017435582987202,52
lymphoid organ development,Phenotype,0.0001017435582987202,52
neurodevelopmental disorders,Phenotype,0.0001017435582987202,52
neurofilament upregulation,Phenotype,0.0001017435582987202,52
p38 MAPK activation,Phenotype,0.0001017435582987202,52
relocalization of coilin,Phenotype,0.0001017435582987202,52
spleen development impairment,Phenotype,0.0001017435582987202,52
spleen size reduction,Phenotype,0.0001017435582987202,52
1 copy,Variant,0.00010171677141548478,1
atrophy-associated gene induction,Phenotype,0.00010170928197680045,52
biallelic mutations,Variant,0.00010170876670665144,1
c.22dupA,Variant,0.00010170876670665144,1
exon 7 copy number,Variant,0.00010170876670665144,1
peripheral phenotypes,Phenotype,0.00010169541022813484,6
p.Val19Glyfs*21,Variant,0.00010169275728898474,1
impaired B-cell development,Phenotype,0.00010169214381584059,52
tubulin dysregulation,Phenotype,0.00010169214381584059,52
SRSF1 transcript,Gene,0.00010168079393725572,10
4 or more copies,Variant,0.00010167674787131804,1
homozygous disruption,Variant,0.00010167674787131804,1
systemic toxicity,Phenotype,0.0001016731320153314,6
osteoclast-dominant transcriptional signature,Phenotype,0.00010166643657440077,52
GPx1 mRNA cap hypermethylation,Phenotype,0.0001016492984134409,52
collagen and extracellular matrix gene dysregulation,Phenotype,0.0001016492984134409,52
immune dysfunction,Phenotype,0.0001016492984134409,52
red pulp macrophage alteration,Phenotype,0.0001016492984134409,52
skeletal muscle transcriptomic changes,Phenotype,0.0001016492984134409,52
2:1 atrioventricular block,Phenotype,0.00010164665490394827,2
abnormal amniotic fluid volume,Phenotype,0.00010164665490394827,2
hypoplastic left heart syndrome,Phenotype,0.00010164665490394827,2
G240R,Variant,0.00010163374756230189,0
L129P,Variant,0.00010163374756230189,0
other candidates,Drug,0.00010163137353419364,6
neutrophil degranulation activation,Phenotype,0.0001016235911720011,52
alpha-dystroglycan,Protein,0.00010161742752999764,13
extracellular matrix dysregulation in adipose,Phenotype,0.00010161502209152117,52
CMT2D,Disease,0.00010157691514256897,0
p.Asp146Tyr,Variant,0.00010157691514256897,0
p.Met238Arg,Variant,0.00010157691514256897,0
TGF-beta signaling activation,Phenotype,0.00010157217668912147,52
c.*211_*212del,Variant,0.00010156468194765113,1
disease onset and severity,Phenotype,0.00010156468194765113,1
ASC-1 complex,Protein,0.00010155807276230536,2
SMN1 EX7 and EX8 deletion,Variant,0.00010155667723881777,1
biallelic mutations (deletion or point mutations),Variant,0.00010155667723881777,1
single silent nucleotide difference in SMN2 exon 7,Variant,0.00010154867252998443,1
mitochondrial biogenesis overactivation,Phenotype,0.00010154646944768168,52
stress-induced lipolysis,Phenotype,0.00010154646944768168,52
C6>T mutation,Variant,0.00010154066782115107,1
SMN1 2 + 0 genotype,Variant,0.00010154066782115107,1
biallelic pathogenic SMN1 exon 7-8 deletion or point mutations,Variant,0.00010154066782115107,1
c.*3+3A>T,Variant,0.00010154066782115107,1
c.401_402delAG,Variant,0.00010154066782115107,1
c.551_552insA,Variant,0.00010154066782115107,1
c.661_666del,Variant,0.00010154066782115107,1
deletion of exons 2a-5,Variant,0.00010154066782115107,1
heterozygous variant in intron 6,Variant,0.00010154066782115107,1
homozygous deletion at 5q13,Variant,0.00010154066782115107,1
homozygous missense mutation in exon 3,Variant,0.00010154066782115107,1
isolated deletion of E7,Variant,0.00010154066782115107,1
mutation of which leads to SMA,Variant,0.00010154066782115107,1
point mutation in exon 7,Variant,0.00010154066782115107,7
bi-allelic deletions or pathogenic variants,Variant,0.00010152465840348439,1
c.22_23 insA (p.Ser8LysfsX23),Variant,0.00010152465840348439,1
p.Ser143Phefs*5,Variant,0.00010152465840348439,1
pathogenic variation,Variant,0.00010152465840348439,1
point mutation on the opposite allele,Variant,0.00010152465840348439,1
type 0,Phenotype,0.00010152465840348439,1
ability to thrive,Phenotype,0.00010151966811457753,13
pancreatic defects,Phenotype,0.00010150267830537226,6
mortality rate,Phenotype,0.00010150229503904657,13
loss-of-function,Variant,0.00010150064427698433,1
single nucleotide in exon 7,Variant,0.00010150064427698433,1
motor strength,Phenotype,0.00010149808266621504,13
p-Akt,Protein,0.0001014939869251325,17
0 copy,Variant,0.00010148463485931763,1
1415 bp deletion,Variant,0.00010148463485931763,1
A-549G,Variant,0.00010148463485931763,1
A111G,Variant,0.00010148463485931763,1
A2G,Variant,0.00010148463485931763,1
Alu-mediated deletion encompassing exons 2a-5 of SMN1,Variant,0.00010148463485931763,1
Alu/Alu-mediated rearrangement,Variant,0.00010148463485931763,1
C-1897T,Variant,0.00010148463485931763,1
C6T transition,Variant,0.00010148463485931763,1
G1C mutation,Variant,0.00010148463485931763,1
RHS score,Phenotype,0.00010148463485931763,1
SINE-VNTR-Alu (SVA) type F retrotransposon insertion,Variant,0.00010148463485931763,1
SMN-d7,Protein,0.00010148463485931763,1
"SMN1,c.81+2_81+3delTG",Variant,0.00010148463485931763,1
T274I,Variant,0.00010148463485931763,1
absence of SMN1 exon 7,Phenotype,0.00010148463485931763,1
autosomal recessive SMA,Disease,0.00010148463485931763,1
c.*3+1del,Variant,0.00010148463485931763,1
c.22_23insA,Variant,0.00010148463485931763,1
c.41_42delinsC,Variant,0.00010148463485931763,1
c.429_435del,Variant,0.00010148463485931763,1
c.431delC,Variant,0.00010148463485931763,1
c.722delC,Variant,0.00010148463485931763,1
c.770_780dup,Variant,0.00010148463485931763,1
c.835-17_835-14delCTTT,Variant,0.00010148463485931763,1
c.835-8_835-5delinsG,Variant,0.00010148463485931763,1
c.840 C,Variant,0.00010148463485931763,1
complete SMN proteins,Protein,0.00010148463485931763,1
deletions,Variant,0.00010148463485931763,1
depletion-severe spinal muscular atrophy (SMA) mouse model,Disease,0.00010148463485931763,1
disabling mutation,Variant,0.00010148463485931763,1
earlier disease onset,Phenotype,0.00010148463485931763,1
fewer SMN2 copies,Variant,0.00010148463485931763,1
functional deletions,Variant,0.00010148463485931763,1
gene deletions,Variant,0.00010148463485931763,1
homozygous absence or disease-causing variants,Variant,0.00010148463485931763,1
homozygous deletions or loss-of-function mutations,Variant,0.00010148463485931763,1
homozygous sequence variants,Variant,0.00010148463485931763,1
inactivating mutations,Variant,0.00010148463485931763,1
intragenic variants,Variant,0.00010148463485931763,1
loss or mutation of SMN1,Variant,0.00010148463485931763,1
multiorgan and metabolic defects,Phenotype,0.00010148463485931763,1
mutation in SMN2 that causes the skipping of a required exon,Variant,0.00010148463485931763,1
neuronal survival protein,Protein,0.00010148463485931763,1
no expression of SMN1-FL transcript,Phenotype,0.00010148463485931763,1
null mutations,Variant,0.00010148463485931763,1
one copy,Variant,0.00010148463485931763,1
p.Ala111Gly,Variant,0.00010148463485931763,0
p.Ile116 Thr,Variant,0.00010148463485931763,1
p.Pro244Leu,Variant,0.00010148463485931763,8
recessive mutations,Variant,0.00010148463485931763,1
small molecules,Drug,0.00010148463485931763,1
splicing modifiers,Drug,0.00010148463485931763,1
synonymous base substitution,Variant,0.00010148463485931763,1
truncated nonfunctional form of SMN,Protein,0.00010148463485931763,1
"truncated, dysfunctional protein",Protein,0.00010148463485931763,1
unstable isoform of the same protein,Protein,0.00010148463485931763,1
promyostatin,Protein,0.00010147283490706695,8
full-length mRNA,Phenotype,0.00010146862544165093,1
non-functional SMN,Protein,0.00010146862544165093,1
splenic defects,Phenotype,0.00010146862544165093,1
thymic defects,Phenotype,0.00010146862544165093,1
congenital bone fractures,Phenotype,0.00010145958479281474,2
comorbidities,Phenotype,0.00010145261602398423,1
single-nucleotide variants in SMN1,Variant,0.00010145261602398423,1
in-frame deletion variant,Variant,0.00010142860189748417,1
silent exonic transition,Variant,0.00010142860189748417,1
splice site variant,Variant,0.00010142860189748417,1
latent myostatin,Protein,0.00010141738455921949,8
pneumothorax,Phenotype,0.00010140984779246914,13
worsening of SMA symptoms,Phenotype,0.00010140984779246914,13
BDNF,Gene,0.00010140580781023797,16
GSK-3beta,Protein,0.00010140580781023797,17
SMN-Gemins complex,Protein,0.00010140580781023797,17
p-CREB,Protein,0.00010140580781023797,17
1415-bp deletion disrupting exon 1,Variant,0.00010139658306215077,1
5q11.2-q13.3,Variant,0.00010139658306215077,1
6 novel SMN1 variants,Variant,0.00010139658306215077,1
Alu-mediated 8978-bp deletion encompassing exon 2a-5,Variant,0.00010139658306215077,1
C-->T substitution,Variant,0.00010139658306215077,1
E8 homozygous deletions,Variant,0.00010139658306215077,1
SMA clinical type,Phenotype,0.00010139658306215077,1
SMN transcript levels,Gene,0.00010139658306215077,24
SMN upregulation,Phenotype,0.00010139658306215077,17
SMN2-FL/SMN2-d7 transcripts,Phenotype,0.00010139658306215077,1
abnormal neurological signs,Phenotype,0.00010139658306215077,1
absent or altered,Variant,0.00010139658306215077,1
bi-allelic deletions,Variant,0.00010139658306215077,1
c.840 position,Variant,0.00010139658306215077,1
cryptic exon in intron 6,Variant,0.00010139658306215077,1
disease-associated sequence variant,Variant,0.00010139658306215077,1
disrupted splice acceptor site in exon 7,Variant,0.00010139658306215077,1
fSMN protein,Protein,0.00010139658306215077,1
faulty RNA splicing,Phenotype,0.00010139658306215077,1
healthy SMA carrier,Phenotype,0.00010139658306215077,1
homozygous absence,Variant,0.00010139658306215077,1
inefficient splicing,Variant,0.00010139658306215077,1
intragenic subtle variant,Variant,0.00010139658306215077,1
lysosomal genes,Gene,0.00010139658306215077,1
methylation patterns,Variant,0.00010139658306215077,1
multiple copies (>2) of exon 7,Variant,0.00010139658306215077,1
muscle,Phenotype,0.00010139658306215077,1
neuropathologic abnormalities,Phenotype,0.00010139658306215077,1
single-nucleotide variant (SNV),Variant,0.00010139658306215077,1
subtle mutation,Variant,0.00010139658306215077,1
unstable protein,Protein,0.00010139658306215077,1
unstable truncated protein,Protein,0.00010139658306215077,1
vector-based SMN1 gene therapy,Drug,0.00010139658306215077,1
weakness in hands and feet,Phenotype,0.00010139658306215077,1
whole-gene deletion,Variant,0.00010139658306215077,1
T6>C conversion,Variant,0.00010135655951798402,1
allele dropout,Variant,0.00010135655951798402,1
alternatively spliced isoform lacking exon 7,Protein,0.00010135655951798402,1
chondrocyte conditional knockdown mouse,Phenotype,0.00010135655951798402,1
frameshift,Variant,0.00010135655951798402,1
nonsense,Variant,0.00010135655951798402,1
splicing defect,Variant,0.00010135655951798402,1
higher copy number alleviates symptoms,Phenotype,0.00010134055010031732,1
every 4 weeks,Phenotype,0.00010133024829831636,8
respiratory functioning,Phenotype,0.00010131359156656452,13
respiratory health,Phenotype,0.00010131359156656452,13
walking,Phenotype,0.00010131359156656452,13
ARX-2,Protein,0.00010130052655615058,1
ASO,Drug,0.00010130052655615058,1
E1 heterozygote deletion,Variant,0.00010130052655615058,1
GTF2H2,Gene,0.00010130052655615058,8
NAIP,Gene,0.00010130052655615058,1
SMN1 gene defect,Variant,0.00010130052655615058,1
SMN1-like gene,Gene,0.00010130052655615058,1
SMN2 CNVs,Variant,0.00010130052655615058,1
U6 snRNA m6A methylation,Phenotype,0.00010130052655615058,1
adenoassociated virus,Drug,0.00010130052655615058,1
better outcome,Phenotype,0.00010130052655615058,1
clinical presentation,Phenotype,0.00010130052655615058,1
disease expression,Phenotype,0.00010130052655615058,1
g.27706_27707delAT,Variant,0.00010130052655615058,0
histone genes,Gene,0.00010130052655615058,1
lysosomal dysfunction,Phenotype,0.00010130052655615058,1
nucleotide variants,Variant,0.00010130052655615058,1
phenotypic harshness,Phenotype,0.00010130052655615058,1
regeneration capacity,Phenotype,0.00010130052655615058,1
snRNA levels,Phenotype,0.00010130052655615058,1
splicing,Phenotype,0.00010130052655615058,1
therapeutics development,Phenotype,0.00010130052655615058,1
type 2+0 mutation,Variant,0.00010130052655615058,1
variable clinical signs,Phenotype,0.00010130052655615058,1
variable presentation in relation to onset and severity,Phenotype,0.00010130052655615058,1
prolonged ambulation in females,Phenotype,0.00010125249830315048,1
rs143838139,Variant,0.00010124449359431712,1
irreversible complications,Phenotype,0.00010122535669281861,13
Arp2/3 activity,Phenotype,0.00010121247475898372,1
C6T,Variant,0.00010121247475898372,1
HAPLN1,Gene,0.00010121247475898372,1
calcium signaling deficit,Phenotype,0.00010121247475898372,1
disease modifier,Phenotype,0.00010121247475898372,1
gene copies,Variant,0.00010121247475898372,1
glycolysis deficit,Phenotype,0.00010121247475898372,1
oxidative phosphorylation deficit,Phenotype,0.00010121247475898372,1
sequence variants,Variant,0.00010121247475898372,1
truncated protein,Protein,0.00010121247475898372,1
vacuolar H(+)-ATPase genes,Gene,0.00010121247475898372,1
deterioration,Phenotype,0.0001012018445145778,13
human peripheral nervous system,Phenotype,0.00010118825522000643,0
PEDI-CAT Daily Activities and Mobility domains,Phenotype,0.00010118766168956576,8
earlier age at onset in females,Phenotype,0.00010118045592365032,1
congenital myopathy,Disease,0.00010117721074443565,2
c.104del,Variant,0.00010115030057610707,0
c.1835_1860del,Variant,0.00010115030057610707,0
intermediate axonal neuropathy C,Phenotype,0.00010115030057610707,0
PROMIS Fatigue,Phenotype,0.00010114805429824616,8
novel nonsense variants,Variant,0.00010113511871854732,0
mitochondrial localization to I-bands,Phenotype,0.00010111641825298352,1
elevated CK levels,Phenotype,0.00010106680035952849,0
Plastin 3,Protein,0.0001010513389722228,16
"weakness starting proximally, progressing distally",Phenotype,0.00010102884571562913,0
ACE,Gene,0.00010102836645581667,1
CFTR,Gene,0.00010102836645581667,1
CXCL8,Gene,0.00010102836645581667,1
SMA0,Disease,0.00010102836645581667,1
TNF,Gene,0.00010102836645581667,16
partial deletion,Variant,0.00010102836645581667,1
growth cone,Phenotype,0.00010102179425324971,16
p.G66V,Variant,0.00010100265146323573,19
COMP,Protein,0.00010098486335453337,16
DPP4,Protein,0.00010098486335453337,16
SPP1,Protein,0.00010098486335453337,16
conduction blocks,Phenotype,0.00010097570921417002,0
intermediate slow conduction velocities,Phenotype,0.00010097570921417002,0
minor clinical sensory involvement,Phenotype,0.00010097570921417002,0
Tgs1,Gene,0.00010096353566674725,17
early postnatal mortality,Phenotype,0.00010096353566674725,17
neurodevelopmental syndrome,Phenotype,0.00010096353566674725,17
neuromuscular junction overgrowth,Phenotype,0.00010096353566674725,17
F-actin levels,Phenotype,0.00010090361537735738,16
axon hypertrophy,Phenotype,0.00010090361537735738,16
clustering of Ca(v)2.2,Phenotype,0.00010090361537735738,16
neurotransmission defects,Phenotype,0.00010090361537735738,16
cell degeneration,Phenotype,0.0001008963834083997,17
leukoencephalopathy,Phenotype,0.00010089220899759143,0
coilin,Protein,0.00010087399932228385,17
regeneration,Phenotype,0.00010087399932228385,17
calcium transients,Phenotype,0.00010086668447864102,16
ACE2,Gene,0.0001008442581526496,1
Atg5,Gene,0.00010081961058056043,3
Becn1,Gene,0.00010081961058056043,3
Casp3,Gene,0.00010081961058056043,3
Lc3,Gene,0.00010081961058056043,3
TrkB availability,Phenotype,0.00010081498122043814,16
standing and walking function,Phenotype,0.00010081498122043814,16
spermatogonia,Phenotype,0.00010081307828232016,13
P23L,Variant,0.0001008021694087436,19
R15S,Variant,0.0001008021694087436,19
S59L,Variant,0.0001008021694087436,19
spinal muscular atrophy Jokela-type,Phenotype,0.0001008021694087436,19
prion diseases,Disease,0.000100740612331743,3
localization of Ca(v)2.2,Phenotype,0.00010073373324326215,16
testicular changes,Phenotype,0.00010072580729370763,13
respiratory status,Phenotype,0.00010064080253901543,15
global longitudinal strain,Phenotype,0.00010055135573021832,10
IGHMBP2 protein,Protein,0.00010054851392563615,5
fSMN transcripts,Phenotype,0.00010052913587305482,13
decreased lifespan,Phenotype,0.0001005086823693284,5
suckling deficit,Phenotype,0.0001005086823693284,5
breathing,Phenotype,0.00010050670579820039,13
movement deficit,Phenotype,0.00010048917379719229,13
SMN-∆7,Gene,0.0001004756916308003,13
HINE-2 motor milestones,Phenotype,0.00010047352637655228,13
chronic disease progression,Phenotype,0.00010046284557379623,8
clinically meaningful improvement,Phenotype,0.00010045532597962257,13
prolonged dependence on continuous mechanical ventilation,Phenotype,0.00010045409210664154,13
HDAC1,Gene,0.00010045339092431617,7
PTGS2,Gene,0.00010045339092431617,7
JAK2-STAT3 pathway,Phenotype,0.00010044004967081348,7
hindlimb electrophysiology changes,Phenotype,0.00010043483105548861,5
lung pathology,Phenotype,0.00010043483105548861,5
milk aspiration,Phenotype,0.00010043483105548861,5
respiratory changes,Phenotype,0.00010043483105548861,5
SMN loss,Phenotype,0.00010042003779055945,7
viability suppression,Phenotype,0.00010042003779055945,7
respiratory hospitalization rate,Phenotype,0.00010041467406894051,13
safety profile,Phenotype,0.00010040623615198902,13
NHE1,Protein,0.0001003939689750717,16
cardiac arrest,Phenotype,0.00010037564921299921,13
intrathecal administration,Phenotype,0.0001003404379702356,13
overall survival,Phenotype,0.00010033394760295784,13
diaphragm muscle fiber pathology,Phenotype,0.00010028712842780906,5
hindlimb muscle pathology,Phenotype,0.00010028712842780906,5
hindlimb neuromuscular junction pathology,Phenotype,0.00010028712842780906,5
phrenic nerve pathology,Phenotype,0.00010028712842780906,5
sciatic nerve pathology,Phenotype,0.00010028712842780906,5
cough ability,Phenotype,0.00010028104315138554,8
behavioral performance,Phenotype,0.00010015413852269943,24
severity of SMA pathology,Phenotype,0.00010015413852269943,24
limited treatment access,Phenotype,0.00010014027271982239,13
skin hyperpigmentation,Phenotype,0.00010014027271982239,13
motor recovery,Phenotype,0.0001001031297507967,13
FGFBP1,Gene,0.00010008419991823407,24
HDAC4,Gene,0.00010008419991823407,24
NCX2,Protein,0.0001000079032588173,24
SMN mRNA variants,Gene,0.0001000079032588173,24
RRP43 protein,Protein,9.999219324962685e-05,0
increased sputum production,Phenotype,9.998336302641281e-05,13
D132A,Variant,9.994946006938931e-05,0
c.155delC,Variant,9.994946006938931e-05,0
c.390+1delG,Variant,9.994946006938931e-05,0
neurological disease,Phenotype,9.994946006938931e-05,0
Werdnig Hoffmann type I spinal muscular atrophy of infancy (SMN1),Disease,9.991149943709903e-05,13
life prognoses,Phenotype,9.991149943709903e-05,13
positive cultures,Phenotype,9.991149943709903e-05,13
Z-line thickening,Phenotype,9.990672688915176e-05,0
nemaline bodies,Phenotype,9.990672688915176e-05,0
sarcomeric disorganization,Phenotype,9.990672688915176e-05,0
TRIP4 mutations,Variant,9.990504666518368e-05,18
sitting without support,Phenotype,9.990027410469343e-05,13
anterior horn motor neuron degeneration,Phenotype,9.988230792901603e-05,0
corpus callosum hypoplasia,Phenotype,9.988230792901603e-05,0
ASC-1,Protein,9.986306198321744e-05,12
homozygous stop-gain variant,Variant,9.986306198321744e-05,2
spinal muscular atrophy with bone fractures,Phenotype,9.986306198321744e-05,2
pathogenic TRIP4 variant,Variant,9.985106635979852e-05,2
airway bacterial colonization,Phenotype,9.984486408751188e-05,13
subcutaneous injection,Phenotype,9.983170343067985e-05,6
hospital admissions,Phenotype,9.983047378860358e-05,13
centronuclear myopathy,Disease,9.982107730125118e-05,2
core myopathy,Disease,9.982107730125118e-05,2
cytoplasmic-body myopathy,Disease,9.982107730125118e-05,2
nemaline myopathy,Disease,9.982107730125118e-05,2
hospitalisation,Phenotype,9.981728268127094e-05,13
nocturnal ventilation need,Phenotype,9.981457529224501e-05,13
full-length survival of motor neuron 2,Gene,9.980786742420109e-05,6
length of life,Phenotype,9.979975238511231e-05,13
neurofilament levels,Phenotype,9.978656127777969e-05,16
splicing perturbations,Phenotype,9.97856099048352e-05,18
unsatisfactory clinical response,Phenotype,9.978056531990123e-05,13
p.S87L,Variant,9.977828579234394e-05,0
Great Ormond Respiratory Score,Phenotype,9.977217097887137e-05,13
R6G-conjugated PMO,Drug,9.976615441286327e-05,6
atrophic musculature,Phenotype,9.976615441286327e-05,6
neuromuscular junction characteristics,Phenotype,9.976615441286327e-05,6
ARE mRNAs encoding myelin proteins,Gene,9.974189890823556e-05,0
toxicity,Phenotype,9.973635940476481e-05,6
cerebellar hypoplasia and spinal muscular atrophy (PCH1),Phenotype,9.972511231389976e-05,2
motor unit potentials,Phenotype,9.970553562928422e-05,13
nuclear gems,Phenotype,9.966306250863507e-05,1
altered RNA metabolism,Phenotype,9.965913638509567e-05,2
fully functional SMN protein,Protein,9.965159032990255e-05,1
motor endpoints,Phenotype,9.963456109087107e-05,13
missense variant at position 336,Variant,9.962913914417954e-05,0
de novo GARS1 pathogenic variant,Variant,9.95895242200624e-05,0
de novo variants,Variant,9.95895242200624e-05,0
XL-SMA,Disease,9.958269868501576e-05,2
beta2-adrenergic receptor,Protein,9.956866581788011e-05,8
SMA1,Variant,9.956620717105656e-05,18
incidence of infantile SMA,Phenotype,9.956620717105656e-05,13
ISS6-KH,Variant,9.955981290004253e-05,1
p.Q400R,Variant,9.954493557279237e-05,0
GARS1 adolescent- or early adult-onset hereditary motor/sensory neuropathy,Phenotype,9.952727219644977e-05,0
GARS1 infantile-onset SMA,Phenotype,9.952727219644977e-05,0
mean percentage of FL-SMN transcripts,Phenotype,9.951966027447875e-05,1
p.Ile500Thr,Variant,9.951118508101627e-05,2
Missense mutations in MORC2,Variant,9.950604386953378e-05,0
loss-of-function effect,Variant,9.949897582208038e-05,0
functioning,Phenotype,9.946813447735696e-05,8
ubiquitinated SMN,Protein,9.946813447735696e-05,8
PARP1,Protein,9.94671521662752e-05,0
GARS,Protein,9.946167566286277e-05,0
Ubiquitin-like modifier activating enzyme 1,Protein,9.946167566286277e-05,2
distal SMA type V (dSMAV),Phenotype,9.945936089796326e-05,0
peroneal muscular atrophy,Phenotype,9.945936089796326e-05,0
weakness in the hands,Phenotype,9.945936089796326e-05,0
intrathecal injection,Phenotype,9.944784366161789e-05,13
Schwann cells,Phenotype,9.944492833584172e-05,0
elevated axonal breakage,Phenotype,9.941714854779986e-05,0
shortened neurites,Phenotype,9.941714854779986e-05,0
CMAP peak area,Phenotype,9.941384801696613e-05,13
liver enzymes,Phenotype,9.941384801696613e-05,13
UBA1 mutations,Variant,9.940116415178626e-05,2
defective myelination phenotype,Phenotype,9.940116415178626e-05,2
motor axon pathology,Phenotype,9.940116415178626e-05,2
sensory neuron fate,Phenotype,9.940116415178626e-05,2
sensory-motor connectivity,Phenotype,9.940116415178626e-05,2
thermolability,Phenotype,9.940116415178626e-05,2
sensory deficits,Phenotype,9.939710887435063e-05,0
white blood cells,Phenotype,9.938024023687698e-05,13
beta2-adrenergic receptor-PKA pathways,Protein,9.933967776446627e-05,8
exercise endurance,Phenotype,9.933967776446627e-05,8
sputum production ability,Phenotype,9.933967776446627e-05,8
independence,Phenotype,9.933609660963117e-05,13
reduced exercise capacity,Phenotype,9.933515159424826e-05,2
ubiquitin pathway defects,Phenotype,9.933515159424826e-05,2
ubiquitination process,Phenotype,9.933515159424826e-05,2
multiple peripheral neurogenic lesions,Phenotype,9.932414950132526e-05,2
mutant variant,Variant,9.927464008317175e-05,2
severe nasal tone,Phenotype,9.927464008317175e-05,2
inadequate sucking ability,Phenotype,9.925813694378726e-05,2
HINE-2,Phenotype,9.916604674791224e-05,13
neurodevelopmental abnormalities,Phenotype,9.914811601455725e-05,2
Hammersmith Infant Neurological Examination (HINE),Phenotype,9.91466124780015e-05,13
intrathecal,Phenotype,9.908830966826931e-05,13
post lumbar puncture headache,Phenotype,9.907373396583626e-05,13
total protein,Phenotype,9.907373396583626e-05,13
hand motor function,Phenotype,9.904944112844784e-05,13
NAIP exon 5 deletion,Variant,9.904594695108944e-05,1
IL-6,Protein,9.903972399349248e-05,0
lumbar puncture,Phenotype,9.903486542601479e-05,13
finger flexion strength,Phenotype,9.903000685853711e-05,16
increased CSF pressure,Phenotype,9.903000685853711e-05,13
symptom severity,Phenotype,9.903000685853711e-05,13
transforaminal lumbar puncture,Phenotype,9.903000685853711e-05,13
S100B protein,Protein,9.899113831871564e-05,13
distal motor function,Phenotype,9.898142118376028e-05,13
protein urine present,Phenotype,9.898142118376028e-05,13
intracerebroventricular injection,Phenotype,9.897656261628259e-05,13
serum creatine kinase activity,Protein,9.897656261628259e-05,8
survival motor neuron 2 pre-messenger RNA,Gene,9.897656261628259e-05,13
CSF proteomics profile,Phenotype,9.896684548132722e-05,13
MUNIX,Phenotype,9.896684548132722e-05,8
MUSIX,Phenotype,9.896684548132722e-05,13
TSP4,Protein,9.896684548132722e-05,13
full-length survival motor neuron protein,Protein,9.896684548132722e-05,13
motor milestone responder rates,Phenotype,9.896684548132722e-05,13
expression of a fully functional protein,Phenotype,9.895226977889417e-05,13
CHIT1,Gene,9.89425526439388e-05,8
CHOP INTEND scale,Phenotype,9.89425526439388e-05,13
CMAP size,Phenotype,9.89425526439388e-05,13
CSF pNF-H,Protein,9.89425526439388e-05,13
CT-guided injection,Phenotype,9.89425526439388e-05,13
CT-guided transforaminal intrathecal administration,Phenotype,9.89425526439388e-05,13
Cone-beam CT,Phenotype,9.89425526439388e-05,13
Hammersmith Infant Neurological Examination scores,Phenotype,9.89425526439388e-05,1
LINCMD1,Gene,9.89425526439388e-05,13
MFM,Phenotype,9.89425526439388e-05,13
MiR34,Gene,9.89425526439388e-05,13
PGI-I score,Phenotype,9.89425526439388e-05,13
Revised Hammersmith score,Phenotype,9.89425526439388e-05,13
SMA 5q,Gene,9.89425526439388e-05,13
Total SMA-HI,Phenotype,9.89425526439388e-05,13
adverse events leading to treatment discontinuation,Phenotype,9.89425526439388e-05,13
cGFAP,Protein,9.89425526439388e-05,8
diaphragm thickening fraction,Phenotype,9.89425526439388e-05,13
disease trajectory,Phenotype,9.89425526439388e-05,13
eotaxin,Protein,9.89425526439388e-05,8
fine manual dexterity,Phenotype,9.89425526439388e-05,13
flSMN transcript expression,Phenotype,9.89425526439388e-05,13
forced expiratory volume at 1 s,Phenotype,9.89425526439388e-05,13
interlaminar intrathecal injection,Phenotype,9.89425526439388e-05,13
intrathecal administration via paramedian approach,Phenotype,9.89425526439388e-05,13
intrathecal port,Phenotype,9.89425526439388e-05,13
intronic splicing silencer N1 (ISS-N1),Gene,9.89425526439388e-05,13
left ventricular function,Phenotype,9.89425526439388e-05,13
lnc-GJA1-2,Gene,9.89425526439388e-05,13
maximum bite force,Phenotype,9.89425526439388e-05,16
"movement, posture, and strength",Phenotype,9.89425526439388e-05,13
nine-hole peg test performance,Phenotype,9.89425526439388e-05,13
peripheral muscle function,Phenotype,9.89425526439388e-05,13
plasma nanoparticle concentration,Phenotype,9.89425526439388e-05,13
procedural pain,Phenotype,9.89425526439388e-05,13
proxy-reported quality of life,Phenotype,9.89425526439388e-05,13
resting energy expenditure,Phenotype,9.89425526439388e-05,13
serum pNF-H,Protein,9.89425526439388e-05,13
taurine deficit,Phenotype,9.89425526439388e-05,13
transient deafness,Phenotype,9.89425526439388e-05,13
ultrasound-guided cervical puncture,Phenotype,9.89425526439388e-05,13
creatinine level,Phenotype,9.893769407646112e-05,13
Ommaya reservoir,Phenotype,9.893283550898344e-05,13
apitegromab,Drug,9.893283550898344e-05,8
positive CSF red blood cell count,Phenotype,9.893283550898344e-05,13
single motor unit potential amplitude,Phenotype,9.893283550898344e-05,19
survival motor neuron (SMN) levels,Protein,9.893283550898344e-05,13
NAIP deletion,Variant,9.893125674431997e-05,1
type 1 phenotype,Phenotype,9.893125674431997e-05,1
ISS-N1 sequence,Variant,9.892311837402808e-05,13
SMA biomarkers,Phenotype,9.892311837402808e-05,13
SMA-related medical costs,Phenotype,9.892311837402808e-05,13
motor scales,Phenotype,9.892311837402808e-05,8
walking distance,Phenotype,9.892311837402808e-05,13
Egen Klassification,Phenotype,9.890854267159502e-05,13
apolipoprotein A1,Protein,9.890854267159502e-05,13
apolipoprotein E,Protein,9.890854267159502e-05,13
cathepsin D,Protein,9.890854267159502e-05,13
psychosocial health,Phenotype,9.890854267159502e-05,13
total tau protein,Protein,9.890854267159502e-05,8
treatment satisfaction,Phenotype,9.890854267159502e-05,13
unilateral interlaminar fenestration,Phenotype,9.890854267159502e-05,13
Hammersmith Functional Rating Scale Expanded,Phenotype,9.889882553663966e-05,13
MRC score,Phenotype,9.889882553663966e-05,13
abnormal Urine protein/creatinine ratio,Phenotype,9.889882553663966e-05,13
emergency department visits,Phenotype,9.889882553663966e-05,13
growth curve,Phenotype,9.889882553663966e-05,13
hand grip measurement,Phenotype,9.889882553663966e-05,13
inpatient visits,Phenotype,9.889882553663966e-05,13
invasive supportive care,Phenotype,9.889882553663966e-05,13
progressive denervation at the neuromuscular junction,Phenotype,9.889882553663966e-05,13
renal toxicity,Phenotype,9.889882553663966e-05,13
MEP,Phenotype,9.889396696916197e-05,13
MIP,Phenotype,9.889396696916197e-05,13
6-MWT,Phenotype,9.88891084016843e-05,13
F18MOE,Drug,9.88891084016843e-05,13
Fractional Anisotropy (FA) values,Phenotype,9.88891084016843e-05,13
GFAP,Protein,9.88891084016843e-05,19
IL-12/IL-23p40,Protein,9.88891084016843e-05,13
IL-17A,Protein,9.88891084016843e-05,13
IL-2,Protein,9.88891084016843e-05,13
IL-22,Protein,9.88891084016843e-05,13
IL-23,Protein,9.88891084016843e-05,15
IL-33,Protein,9.88891084016843e-05,13
IL-4,Protein,9.88891084016843e-05,13
IL-8,Protein,9.88891084016843e-05,8
L-arginine homeostasis,Phenotype,9.88891084016843e-05,13
LV systolic synchronization,Phenotype,9.88891084016843e-05,13
MCP-1,Protein,9.88891084016843e-05,8
MCP1/CCL2,Protein,9.88891084016843e-05,1
MDC,Protein,9.88891084016843e-05,13
MIP-1beta,Protein,9.88891084016843e-05,8
NSE,Protein,9.88891084016843e-05,13
QoL total score,Phenotype,9.88891084016843e-05,13
SMA symptoms,Phenotype,9.88891084016843e-05,13
SMA-FCR,Phenotype,9.88891084016843e-05,13
VEGF,Protein,9.88891084016843e-05,13
VEGF-A,Protein,9.88891084016843e-05,13
activities,Phenotype,9.88891084016843e-05,13
age of first PSA isolation,Phenotype,9.88891084016843e-05,13
amino acid metabolism,Phenotype,9.88891084016843e-05,13
axial and proximal motor function (D2),Phenotype,9.88891084016843e-05,13
axonal excitability,Phenotype,9.88891084016843e-05,13
axonal threshold,Phenotype,9.88891084016843e-05,13
behavioral improvements,Phenotype,9.88891084016843e-05,13
body images,Phenotype,9.88891084016843e-05,13
cerebrospinal fluid norepinephrine concentration,Phenotype,9.88891084016843e-05,13
cervical puncture,Phenotype,9.88891084016843e-05,13
coagulation processes,Phenotype,9.88891084016843e-05,13
disability levels,Phenotype,9.88891084016843e-05,13
disease amelioration,Phenotype,9.88891084016843e-05,13
emotional functioning,Phenotype,9.88891084016843e-05,13
emotions,Phenotype,9.88891084016843e-05,13
finger or facial muscle movements,Phenotype,9.88891084016843e-05,13
follistatin,Protein,9.88891084016843e-05,24
forced vital capacity % predicted,Phenotype,9.88891084016843e-05,13
glucose metabolism,Phenotype,9.88891084016843e-05,13
intrathecal treatment,Phenotype,9.88891084016843e-05,13
loss of gait function,Phenotype,9.88891084016843e-05,13
lumbar puncture site pain,Phenotype,9.88891084016843e-05,13
mental health,Phenotype,9.88891084016843e-05,13
metabolites,Variant,9.88891084016843e-05,13
motor activity,Phenotype,9.88891084016843e-05,13
muscle fat fraction,Phenotype,9.88891084016843e-05,8
muscle fiber tracks,Phenotype,9.88891084016843e-05,13
neurofilament heavy chain,Protein,9.88891084016843e-05,13
number of canonical CBs in MNs,Phenotype,9.88891084016843e-05,13
overall motor function,Phenotype,9.88891084016843e-05,13
oxygen nadir during sleep,Phenotype,9.88891084016843e-05,13
pNfL,Protein,9.88891084016843e-05,13
pTAU,Protein,9.88891084016843e-05,13
patient care,Phenotype,9.88891084016843e-05,13
proximal upper and lower limb muscle strength,Phenotype,9.88891084016843e-05,13
proximal upper limb and shoulder girdle muscle strength,Phenotype,9.88891084016843e-05,13
puncture of a bulky abdominal annexal cyst,Phenotype,9.88891084016843e-05,13
radicular or back pain,Phenotype,9.88891084016843e-05,13
serious respiratory events,Phenotype,9.88891084016843e-05,13
serum triglyceride,Phenotype,9.88891084016843e-05,13
social relationship,Phenotype,9.88891084016843e-05,13
subexcitability,Phenotype,9.88891084016843e-05,13
tau protein,Protein,9.88891084016843e-05,13
timed functional test performance,Phenotype,9.88891084016843e-05,13
total SMN,Gene,9.88891084016843e-05,13
total cholesterol,Phenotype,9.88891084016843e-05,13
whole body muscular strength,Phenotype,9.88891084016843e-05,13
stamina,Phenotype,9.887939126672892e-05,13
International normalized ratio,Phenotype,9.886481556429587e-05,13
QAlbumin,Phenotype,9.886481556429587e-05,13
Revised Amyotrophic Lateral Sclerosis Functional Rating Scale,Phenotype,9.886481556429587e-05,13
anesthesiologists,Phenotype,9.886481556429587e-05,13
base editing,Drug,9.886481556429587e-05,6
choline acetyltransferase,Gene,9.886481556429587e-05,13
facial deformities,Phenotype,9.886481556429587e-05,13
feeding problems,Phenotype,9.886481556429587e-05,13
financial burden,Phenotype,9.886481556429587e-05,13
functional innervation,Phenotype,9.886481556429587e-05,13
reinnervation of NMJs through axonal sprouting,Phenotype,9.886481556429587e-05,13
sleep efficiency,Phenotype,9.886481556429587e-05,13
time burden,Phenotype,9.886481556429587e-05,13
urea levels,Phenotype,9.886481556429587e-05,13
6MWT,Phenotype,9.883080559195209e-05,8
CSF/serum quotients of albumin,Phenotype,9.883080559195209e-05,13
GM(area),Phenotype,9.883080559195209e-05,8
SC TCA,Phenotype,9.883080559195209e-05,8
ThecaFlex DRx,Drug,9.883080559195209e-05,13
ULM scores,Phenotype,9.883080559195209e-05,13
ability loss,Phenotype,9.883080559195209e-05,13
anxiety disorder,Phenotype,9.883080559195209e-05,13
arm and leg muscle function,Phenotype,9.883080559195209e-05,13
aseptic meningitis,Phenotype,9.883080559195209e-05,13
beneficial pregnancy outcome,Phenotype,9.883080559195209e-05,13
bone mass,Phenotype,9.883080559195209e-05,13
cerebral venous sinus thrombosis,Phenotype,9.883080559195209e-05,13
cheek dermatofibrosarcoma,Phenotype,9.883080559195209e-05,13
cough,Phenotype,9.883080559195209e-05,13
daily exercise ability,Phenotype,9.883080559195209e-05,13
death or full-time ventilation,Phenotype,9.883080559195209e-05,13
disease manifestations,Phenotype,9.883080559195209e-05,13
disease stabilization,Phenotype,9.883080559195209e-05,13
emesis leading to intubation,Phenotype,9.883080559195209e-05,13
event-free life years,Phenotype,9.883080559195209e-05,13
fatty acid biosynthesis,Phenotype,9.883080559195209e-05,13
gain of abilities,Phenotype,9.883080559195209e-05,13
general strength,Phenotype,9.883080559195209e-05,13
grip,Phenotype,9.883080559195209e-05,13
half-kneeling,Phenotype,9.883080559195209e-05,13
hospital utilisation,Phenotype,9.883080559195209e-05,13
hospitalizations,Phenotype,9.883080559195209e-05,13
inflammatory cellular changes,Phenotype,9.883080559195209e-05,13
inflammatory central nervous system disease,Phenotype,9.883080559195209e-05,13
ketone body biosynthesis,Phenotype,9.883080559195209e-05,13
labial pressure,Phenotype,9.883080559195209e-05,8
macrophage inclusions,Phenotype,9.883080559195209e-05,13
motor unit number contributing to 50%-100% of CMAP,Phenotype,9.883080559195209e-05,13
myalgia,Phenotype,9.883080559195209e-05,13
myomiR levels,Phenotype,9.883080559195209e-05,13
nasopharyngitis,Phenotype,9.883080559195209e-05,13
neurologic complication,Phenotype,9.883080559195209e-05,13
neuron-specific enolase,Protein,9.883080559195209e-05,13
physical health,Phenotype,9.883080559195209e-05,13
quality of living,Phenotype,9.883080559195209e-05,13
reactivation of quiescent motor neurons,Phenotype,9.883080559195209e-05,13
rolling,Phenotype,9.883080559195209e-05,13
standing and transfer scores,Phenotype,9.883080559195209e-05,13
subdural hematoma,Phenotype,9.883080559195209e-05,13
subjective function,Phenotype,9.883080559195209e-05,13
swallowing abilities,Phenotype,9.883080559195209e-05,13
time-to-rise from sitting,Phenotype,9.883080559195209e-05,13
time-to-rise from supine,Phenotype,9.883080559195209e-05,13
tongue strength,Phenotype,9.883080559195209e-05,13
COPM performance score,Phenotype,9.880165418708599e-05,13
motor stability,Phenotype,9.879743082441596e-05,15
Arg269His,Variant,9.878868171410006e-05,0
"Neuronopathy, distal hereditary motor, type VIII",Disease,9.878868171410006e-05,0
dominant TRPV4 mutation,Variant,9.878868171410006e-05,0
dominant pathogenic mutations,Variant,9.878868171410006e-05,0
heterozygous TRPV4 mutations,Variant,9.878868171410006e-05,0
mutations in the ankyrin repeat domain (ARD) of TRPV4,Variant,9.878868171410006e-05,0
p.S94L,Variant,9.878868171410006e-05,0
scapuloperoneal SMA,Disease,9.878868171410006e-05,0
COPM satisfaction score,Phenotype,9.877736134969757e-05,13
CSF metabolome,Phenotype,9.877736134969757e-05,13
LARGE1,Gene,9.877736134969757e-05,13
PFN-1,Protein,9.877736134969757e-05,13
Plasma pNF-H levels in SMA type 3,Phenotype,9.877736134969757e-05,13
SMAFRS,Phenotype,9.877736134969757e-05,8
WaterT2,Phenotype,9.877736134969757e-05,13
ambulatory ability,Phenotype,9.877736134969757e-05,13
aseptic meningoencephalitis,Phenotype,9.877736134969757e-05,13
bacterial meningitis,Phenotype,9.877736134969757e-05,13
"beta-1,4-glucuronyltransferase 1",Protein,9.877736134969757e-05,13
bowel and bladder incontinence,Phenotype,9.877736134969757e-05,13
brain injury,Phenotype,9.877736134969757e-05,13
cardiorespiratory arrest,Phenotype,9.877736134969757e-05,13
cellular stress,Phenotype,9.877736134969757e-05,13
cognitive performance,Phenotype,9.877736134969757e-05,13
energy,Phenotype,9.877736134969757e-05,13
interpatient variability,Phenotype,9.877736134969757e-05,13
laboratory abnormalities,Phenotype,9.877736134969757e-05,13
mood,Phenotype,9.877736134969757e-05,13
nocturnal NIV cessation,Phenotype,9.877736134969757e-05,13
panobinostat,Drug,9.877736134969757e-05,13
postprocedural headache,Phenotype,9.877736134969757e-05,13
sAPPbeta,Protein,9.877736134969757e-05,13
site pain,Phenotype,9.877736134969757e-05,13
standing and transfers (D1),Phenotype,9.877736134969757e-05,13
unique macrophages with purple and granular inclusions,Phenotype,9.877736134969757e-05,13
walking achievement,Phenotype,9.877736134969757e-05,13
inherited axonal neuropathies,Phenotype,9.875600478199003e-05,0
IGHMBP2 disorders,Disease,9.874083288933776e-05,5
Gain-of-function,Variant,9.873733224935573e-05,0
ambulatory difficulties,Phenotype,9.873733224935573e-05,0
bone dysplasia,Phenotype,9.873733224935573e-05,0
shortness of breath,Phenotype,9.873733224935573e-05,0
vocal fold weakness,Phenotype,9.873733224935573e-05,0
Abeta42,Protein,9.871905853996537e-05,13
Apnoea-Hypopnoea Index,Phenotype,9.871905853996537e-05,13
HFMSE score in SMA2,Phenotype,9.871905853996537e-05,13
NF-L,Protein,9.871905853996537e-05,13
YKL-40,Protein,9.871905853996537e-05,13
complement factors,Protein,9.871905853996537e-05,13
mastication,Phenotype,9.871905853996537e-05,13
motor unit reinnervation capacity,Phenotype,9.871905853996537e-05,13
neuroregeneration,Phenotype,9.871905853996537e-05,13
platelet count,Phenotype,9.871905853996537e-05,13
pleocytosis,Phenotype,9.871905853996537e-05,13
total tau,Protein,9.871905853996537e-05,13
urine protein,Phenotype,9.871905853996537e-05,13
developmental barrier impairment,Phenotype,9.871399158356285e-05,0
motoneuron injury,Phenotype,9.87046553172457e-05,0
hindlimb phenotype,Phenotype,9.869924973188578e-05,5
hereditary motor and sensory neuropathy,Disease,9.868131465145281e-05,0
leakage,Phenotype,9.868131465145281e-05,0
osteonecrosis of the femoral head,Phenotype,9.868131465145281e-05,0
Arg387His (R387H),Variant,9.867878733611538e-05,0
Leu200Pro (L200P),Variant,9.867878733611538e-05,3
p.W375*,Variant,9.867878733611538e-05,0
motor unit pathology,Phenotype,9.867614797774578e-05,5
CCR,Phenotype,9.866561429771085e-05,8
PMO,Drug,9.866561429771085e-05,7
compromised linear growth,Phenotype,9.866561429771085e-05,13
functional assessments,Phenotype,9.866561429771085e-05,13
general fatigue,Phenotype,9.866561429771085e-05,13
injection site pain,Phenotype,9.866561429771085e-05,13
matching-pair test scores,Phenotype,9.866561429771085e-05,13
motor nerve amplitudes,Phenotype,9.866561429771085e-05,13
oligoclonal bands,Phenotype,9.866561429771085e-05,13
peripheral motor function,Phenotype,9.866561429771085e-05,13
physical fatigue,Phenotype,9.866561429771085e-05,13
spontaneous breathing,Phenotype,9.866561429771085e-05,13
subjective improvements,Phenotype,9.866561429771085e-05,13
transthyretin,Protein,9.866561429771085e-05,13
R358X,Variant,9.864733494286505e-05,0
Trp375* (W375X),Variant,9.864733494286505e-05,0
p.V236M,Variant,9.864733494286505e-05,0
hindlimb muscle,Phenotype,9.864380552194979e-05,5
microgliosis,Phenotype,9.864380552194979e-05,5
scaly skin,Phenotype,9.862996518670848e-05,0
distal progressive loss of motor and/or sensory function,Phenotype,9.8629362146722e-05,0
water-T2,Phenotype,9.861217005545634e-05,13
APP,Protein,9.859790975347168e-05,0
defects in nuclear envelope formation,Phenotype,9.859790975347168e-05,0
heterochromatin formation,Phenotype,9.859790975347168e-05,0
clinical phenotypic heterogeneity of motor neuron and neurological diseases,Phenotype,9.857544375829289e-05,0
MVV,Phenotype,9.855386724572413e-05,13
NRS scores,Phenotype,9.855386724572413e-05,13
PCF,Phenotype,9.855386724572413e-05,13
PedsQL-NM scores,Phenotype,9.855386724572413e-05,13
Qalb,Phenotype,9.855386724572413e-05,13
deterioration in nutrition outcomes,Phenotype,9.855386724572413e-05,13
stabilisation of respiratory outcomes,Phenotype,9.855386724572413e-05,13
systemic oligoclonal bands,Phenotype,9.855386724572413e-05,13
thigh muscle microstructure,Phenotype,9.855386724572413e-05,13
neuronal migration,Phenotype,9.854399136504256e-05,0
neuronal stem cell proliferation,Phenotype,9.854399136504256e-05,0
U1 snRNP/U1-C complex,Protein,9.836752788511037e-05,18
oral,Phenotype,9.836752788511037e-05,18
ApoE-PMO,Drug,9.833463570606545e-05,1
flu-like symptoms,Phenotype,9.833463570606545e-05,3
irritability,Phenotype,9.833463570606545e-05,3
Ki67,Protein,9.829352474432938e-05,18
U1 snRNP/5'SS complexes,Protein,9.829352474432938e-05,18
calbindin-D28k,Protein,9.829352474432938e-05,18
SMN2 exon 7,Gene,9.828319685980041e-05,3
full-length spinal motor neuron gene,Gene,9.828319685980041e-05,3
nerve fiber degeneration,Phenotype,9.819896517555365e-05,18
SMN2 mRNA decay,Phenotype,9.818633086833514e-05,1
endplate occupancy,Phenotype,9.818633086833514e-05,1
gene-expression changes,Phenotype,9.818633086833514e-05,1
morphological and functional deficits,Phenotype,9.818633086833514e-05,1
motor behavioral tests,Phenotype,9.813860940163956e-05,1
neurological disorders,Disease,9.813860940163956e-05,1
phenotypic rescue,Phenotype,9.813860940163956e-05,1
ASAH1 variants,Variant,9.810379983951663e-05,0
SMAPME,Disease,9.810379983951663e-05,0
acid ceramidase deficiency,Phenotype,9.810379983951663e-05,0
c.264+11A>G,Variant,9.810379983951663e-05,0
c.304dupA,Variant,9.810379983951663e-05,0
compound heterozygous missense variant in exon 12 of ASAH1 gene (chr8: g.18059385G>C) and exon 2 of ASAH1 gene (chr8: g.18075542T>C),Variant,9.810379983951663e-05,0
Farber lipogranulomatosis,Disease,9.806177426167876e-05,0
elevated apoptosis,Phenotype,9.806177426167876e-05,0
novel variant in the ASAH1 gene,Variant,9.806177426167876e-05,0
Cdc42,Gene,9.801592817676471e-05,0
Rac1,Gene,9.801592817676471e-05,0
TXNIP,Protein,9.795533248567002e-05,23
KDM6B,Protein,9.794804091652934e-05,23
nutrition outcomes,Phenotype,9.794457939056752e-05,15
skeletal muscle cell death,Phenotype,9.792252042453691e-05,23
synaptic connections,Phenotype,9.792252042453691e-05,23
AChR clustering,Phenotype,9.787877100969274e-05,23
miR-128-3p,Gene,9.787877100969274e-05,23
integrin-beta-1,Protein,9.785689630227065e-05,23
Agrn,Gene,9.783866737941893e-05,23
Cacna1h,Gene,9.783866737941893e-05,23
MuSK interaction with integrin-beta-1 and phosphotyrosines,Phenotype,9.782408424113753e-05,23
Cav3.2 immunolabelling,Phenotype,9.779491796457476e-05,23
autosomal dominant lower extremity-predominant spinal muscular atrophy-1,Disease,9.77242144660462e-05,0
BICD2,Gene,9.769673352993617e-05,0
causative variants,Variant,9.768735651086696e-05,0
spontaneous movement,Phenotype,9.767870765609531e-05,5
hereditary spastic paraplegia,Disease,9.762896641009252e-05,0
CHOPINTEND score,Phenotype,9.757291418865159e-05,13
tachycardia,Phenotype,9.746884375406848e-05,13
hepatic enzyme increase,Phenotype,9.744126234782752e-05,13
developmental outcomes,Phenotype,9.72663164238789e-05,15
natural history,Phenotype,9.72663164238789e-05,15
changing phenotypes,Phenotype,9.72324471194587e-05,15
clinical course,Phenotype,9.72324471194587e-05,15
cognitive and neurodevelopmental aspects,Phenotype,9.72324471194587e-05,15
functional scores,Phenotype,9.72324471194587e-05,15
hope,Phenotype,9.72324471194587e-05,15
neurological improvement,Phenotype,9.72324471194587e-05,15
phenotypic expression,Phenotype,9.72324471194587e-05,15
prolonged survival,Phenotype,9.72324471194587e-05,15
verbal skills,Phenotype,9.72324471194587e-05,15
progression and irreversible loss of function,Phenotype,9.720140025707353e-05,15
motor prognosis,Phenotype,9.713648409026814e-05,15
tube feeding cessation,Phenotype,9.713648409026814e-05,15
uncertainty of the disease progression,Phenotype,9.713648409026814e-05,15
sleep,Phenotype,9.707156792346275e-05,15
IGHMBP2 mutations,Variant,9.694130362503617e-05,5
truncating variants,Variant,9.686398807403799e-05,2
immunoglobulin helicase mu-binding protein 2,Protein,9.682406558404482e-05,5
ASCC1 protein,Protein,9.682200721149101e-05,2
c.157dupG,Variant,9.682200721149101e-05,2
DNA/RNA helicase,Protein,9.681964150702629e-05,5
IGHMBP2 compound heterozygous mutation,Variant,9.681964150702629e-05,5
immunoglobulin mu-binding protein 2,Gene,9.681964150702629e-05,5
p.(Cys916Tyr),Variant,9.681964150702629e-05,5
homozygous missense variant,Variant,9.681758817332818e-05,2
A to G mutation in intron 4,Variant,9.680415723746138e-05,1
AR-CMT2S,Disease,9.680415723746138e-05,5
C495del,Variant,9.680415723746138e-05,5
L362del,Variant,9.680415723746138e-05,5
NM_002180c.712-610A>G,Variant,9.680415723746138e-05,5
R604X,Variant,9.680415723746138e-05,5
THOC,Protein,9.680415723746138e-05,5
c.1615_1623del,Variant,9.680415723746138e-05,5
p.Glu365del (E365del),Variant,9.680415723746138e-05,5
ASCC1,Gene,9.680212153975822e-05,2
SMABF2,Disease,9.680212153975822e-05,2
biallelic loss-of-function nucleotide variants,Variant,9.680212153975822e-05,2
c.297-8 T > G,Variant,9.680212153975822e-05,2
"microdeletion copy number variant (CNV) of about 64 Kb, involving four exons of ASCC1",Variant,9.680212153975822e-05,2
IMP1/ZBP1,Protein,9.677982481385941e-05,5
c.2T>C,Variant,9.677982481385941e-05,5
c.983_987delAAGAA,Variant,9.677982481385941e-05,5
increase of axonal branches,Phenotype,9.677982481385941e-05,5
novel homozygous or compound heterozygous variants of IGHMBP2,Variant,9.677982481385941e-05,5
RUNX2,Protein,9.67778168298626e-05,2
pathogenic variants in ASCC1,Variant,9.67778168298626e-05,2
subunit of the transcriptional coactivator ASC-1 complex,Protein,9.67778168298626e-05,2
truncating mutations,Variant,9.677540073684085e-05,5
Ighmbp2D564N,Variant,9.675328035174815e-05,5
axonal predominant sensorimotor polyneuropathies,Phenotype,9.675328035174815e-05,5
ribosome stalling,Phenotype,9.675328035174815e-05,5
sudden infant death syndrome,Disease,9.675328035174815e-05,5
DAB1,Gene,9.675130260088556e-05,2
RASSF2,Gene,9.675130260088556e-05,2
SEMA3A,Gene,9.675130260088556e-05,2
SEMA3D,Gene,9.675130260088556e-05,2
SERPINF1,Gene,9.675130260088556e-05,2
STC1,Gene,9.675130260088556e-05,2
TNFRSF11B,Gene,9.675130260088556e-05,2
adipocyte differentiation,Phenotype,9.675130260088556e-05,2
cystic hygroma,Phenotype,9.675130260088556e-05,2
osteoblast differentiation,Phenotype,9.675130260088556e-05,2
Ighmbp2 alleles,Variant,9.672894792814617e-05,5
global protein synthesis,Phenotype,9.672894792814617e-05,5
fetal hypo-/akinesia,Phenotype,9.672699789098993e-05,2
hydramnios,Phenotype,9.672699789098993e-05,2
limb deformities,Phenotype,9.672699789098993e-05,2
cleft palate,Phenotype,9.670048366201288e-05,2
disruption of protein biosynthesis,Phenotype,9.667807104243295e-05,5
pulmonary thromboemboli,Phenotype,9.667617895211727e-05,2
decreased splenic blood flow,Phenotype,9.667277011396275e-05,10
electrophysiological transmission deficit,Phenotype,9.667277011396275e-05,10
reduced weight,Phenotype,9.667277011396275e-05,10
sustained motor weakness,Phenotype,9.667277011396275e-05,10
ophthalmologic toxicity,Phenotype,9.665446677182547e-05,13
central excitatory synaptopathy,Phenotype,9.6650226376448e-05,6
disproportionately small spleen,Phenotype,9.6650226376448e-05,10
dysregulation of LXR/RXR signalling,Phenotype,9.6650226376448e-05,10
increased centrally located nuclei,Phenotype,9.6650226376448e-05,10
intrinsic contractile and relaxation muscle defects,Phenotype,9.6650226376448e-05,10
reduced myonuclear domain size,Phenotype,9.6650226376448e-05,10
reduced number of myonuclei,Phenotype,9.6650226376448e-05,10
reduced number of satellite cells,Phenotype,9.6650226376448e-05,10
reduced sub-synaptic myonuclear clusters,Phenotype,9.6650226376448e-05,10
shorter myofiber length,Phenotype,9.6650226376448e-05,10
FMN survival approximately 50% after FNA,Phenotype,9.66399792230322e-05,10
Optic atrophy 1,Gene,9.66399792230322e-05,10
increased systolic function,Phenotype,9.66399792230322e-05,10
absence of B lymphocytes,Phenotype,9.66256332082501e-05,10
low levels of cell proliferation,Phenotype,9.66256332082501e-05,10
motor axon alterations,Phenotype,9.66256332082501e-05,10
motor axon die-back,Phenotype,9.66256332082501e-05,10
muscle strength deficits,Phenotype,9.66256332082501e-05,10
nuclear accumulation of p53,Phenotype,9.66256332082501e-05,10
thinning of the ventricular walls,Phenotype,9.66256332082501e-05,10
CHOP-ATEND scores,Phenotype,9.66132313166133e-05,13
primary cilia defects,Phenotype,9.66132313166133e-05,13
gastrointestinal issues,Phenotype,9.660734053729727e-05,13
5q-associated SMA,Disease,9.660341335108659e-05,13
Egen Klassifikation 2 scale,Phenotype,9.660341335108659e-05,13
FL/∆7 ratio,Gene,9.660341335108659e-05,13
JEWELFISH trial,Phenotype,9.660341335108659e-05,13
branaplam,Drug,9.660341335108659e-05,18
daytime hypersomnolence,Phenotype,9.660341335108659e-05,13
gastrointestinal hemorrhage,Phenotype,9.660341335108659e-05,13
gastrointestinal reactions,Phenotype,9.660341335108659e-05,13
hypoglycemic unconsciousness,Phenotype,9.660341335108659e-05,13
ileus,Phenotype,9.660341335108659e-05,13
median nerve CMAP amplitudes,Phenotype,9.660341335108659e-05,19
oral intake,Phenotype,9.660341335108659e-05,13
overall strength,Phenotype,9.660341335108659e-05,13
photosensitivity,Phenotype,9.660341335108659e-05,13
photosensitivity reaction,Phenotype,9.660341335108659e-05,13
respiratory reactions,Phenotype,9.660341335108659e-05,13
sense of wellbeing,Phenotype,9.660341335108659e-05,13
speech quality,Phenotype,9.660341335108659e-05,13
swallowing quality,Phenotype,9.660341335108659e-05,13
Taiwanese model,Variant,9.660308947073536e-05,10
degenerated capsule,Phenotype,9.660308947073536e-05,10
disorganised fibrotic architecture,Phenotype,9.660308947073536e-05,10
dysregulated myogenic process,Phenotype,9.660308947073536e-05,10
metabolic defects,Phenotype,9.660308947073536e-05,10
persistent megakaryocytes,Phenotype,9.660308947073536e-05,10
Motor Function Measurement-32,Phenotype,9.659948616487591e-05,13
ability to sit without support for at least 30 s,Phenotype,9.659948616487591e-05,13
MFM32,Phenotype,9.659555897866523e-05,0
COX1,Gene,9.658181382692783e-05,13
EK2,Phenotype,9.658181382692783e-05,13
Goal Attainment Scale,Phenotype,9.658181382692783e-05,13
PEF,Phenotype,9.658181382692783e-05,16
QOLM,Phenotype,9.658181382692783e-05,13
aphthous ulcer,Phenotype,9.658181382692783e-05,13
bulbar function (speech and swallowing),Phenotype,9.658181382692783e-05,13
diarrhoea,Phenotype,9.658181382692783e-05,13
faeces soft,Phenotype,9.658181382692783e-05,13
femur and tibia/fibula fractures,Phenotype,9.658181382692783e-05,13
hnRNP G,Protein,9.658181382692783e-05,13
motor function (axial and upper limbs),Phenotype,9.658181382692783e-05,13
muscle movement,Phenotype,9.658181382692783e-05,13
oral administration,Phenotype,9.658181382692783e-05,13
rash,Phenotype,9.658181382692783e-05,13
respiratory function (coughing),Phenotype,9.658181382692783e-05,13
stomatitis,Phenotype,9.658181382692783e-05,13
ability to stand alone,Phenotype,9.657199586140112e-05,13
adipocyte formation,Phenotype,9.655825070966374e-05,13
appendicitis,Phenotype,9.655825070966374e-05,13
decline in FVC,Phenotype,9.655825070966374e-05,13
fertility,Phenotype,9.655825070966374e-05,13
gastrointestinal disturbance,Phenotype,9.655825070966374e-05,13
gastrointestinal events,Phenotype,9.655825070966374e-05,13
increase in appetite,Phenotype,9.655825070966374e-05,13
respiratory events,Phenotype,9.655825070966374e-05,13
speech,Phenotype,9.655825070966374e-05,13
sperm production,Phenotype,9.655825070966374e-05,13
digestion,Phenotype,9.654646915103168e-05,13
increased risk,Phenotype,9.654646915103168e-05,13
dyspepsia,Phenotype,9.653665118550497e-05,13
gastro-intestinal problems,Phenotype,9.653665118550497e-05,13
HMFSE,Phenotype,9.651308806824087e-05,13
loss of libido,Phenotype,9.651308806824087e-05,13
pathogenic DYNC1H1 variants,Variant,9.649736981161179e-05,0
RHS,Phenotype,9.649148854408212e-05,13
adherence,Phenotype,9.649148854408212e-05,13
developing human fetus,Phenotype,9.649148854408212e-05,13
fatigue and weakness,Phenotype,9.649148854408212e-05,13
leukocytoclastic vasculitis,Phenotype,9.649148854408212e-05,13
male fertility,Phenotype,9.649148854408212e-05,13
mental retardation,Phenotype,9.641587221401685e-05,0
H3822P,Variant,9.64005914144678e-05,0
R1962C,Variant,9.64005914144678e-05,0
autosomal dominant mental retardation syndrome 13,Disease,9.639719568123469e-05,0
autosomal dominant congenital spinal muscular atrophy,Disease,9.638870634815188e-05,0
brain morphology abnormalities,Phenotype,9.638870634815188e-05,0
decreased methylation of CpG islands within exon 37,Phenotype,9.638870634815188e-05,0
dynamic protein,Protein,9.638870634815188e-05,0
microtubule motor protein,Protein,9.638870634815188e-05,0
nonsyndromic retinitis pigmentosa,Phenotype,9.638870634815188e-05,0
p.G807S,Variant,9.638870634815188e-05,0
p.P776L,Variant,9.638870634815188e-05,0
p.Y1109D,Variant,9.638870634815188e-05,0
peripheral neuronal dysfunction,Phenotype,9.638870634815188e-05,0
short-rib polydactyly syndrome type III,Phenotype,9.638870634815188e-05,0
reductions in lower limb strength,Phenotype,9.638191488168564e-05,0
developmental epileptic encephalopathy,Phenotype,9.637682128183596e-05,0
CMT,Disease,9.637002981536971e-05,0
DYNC1H1 protein,Protein,9.637002981536971e-05,0
early-onset epilepsy,Phenotype,9.637002981536971e-05,0
missense variants in the linker domain,Variant,9.637002981536971e-05,0
spinal deformity (lumbar hemivertebrae),Phenotype,9.637002981536971e-05,0
Arg162Cys,Variant,9.636390823593577e-05,0
BICD2_R747C,Variant,9.636390823593577e-05,0
p.Asn546del,Variant,9.636390823593577e-05,0
general growth retardation,Phenotype,9.63615404822869e-05,0
severe atrophy and fatty infiltration of leg muscles,Phenotype,9.63615404822869e-05,0
BICD2 missense variant,Variant,9.635233823986491e-05,0
BICD2 protein,Protein,9.635233823986491e-05,0
Bicaudal D2,Protein,9.635233823986491e-05,0
HSP,Disease,9.635233823986491e-05,0
R747C,Variant,9.635233823986491e-05,0
autosomal dominant lower extremity-predominant SMA type 2,Disease,9.635233823986491e-05,0
p.(Leu198Pro),Variant,9.635233823986491e-05,0
chronic neurogenic impairment of the lower extremities,Phenotype,9.634965541597099e-05,0
hereditary mental retardation with cortical neural migration defects,Phenotype,9.634965541597099e-05,0
mental retardation with cortical malformations,Phenotype,9.634965541597099e-05,0
neuronal migration defects,Phenotype,9.634965541597099e-05,0
BICD2 variant,Variant,9.633415681746783e-05,0
F743I,Variant,9.633415681746783e-05,0
abnormal BICD2 accumulation,Phenotype,9.633415681746783e-05,0
camptodactyly,Phenotype,9.633415681746783e-05,0
chronic myopathy,Phenotype,9.633415681746783e-05,0
distal paresis,Phenotype,9.633415681746783e-05,0
dynein,Protein,9.633415681746783e-05,0
secretory cargo flow,Phenotype,9.633415681746783e-05,0
impairment of Golgi integrity,Phenotype,9.632589253456006e-05,0
vesicle pathology,Phenotype,9.632589253456006e-05,0
ankle contractures,Phenotype,9.63143225384892e-05,0
congenital foot contractures,Phenotype,9.63143225384892e-05,0
fat deposition in most thigh muscles,Phenotype,9.63143225384892e-05,0
slowly progressive weakness of the shoulder girdle,Phenotype,9.63143225384892e-05,0
DYNC1H1,Gene,9.629614111609213e-05,0
congenital dislocation of the hips,Phenotype,9.629614111609213e-05,0
distal corticospinal tract degeneration,Phenotype,9.629614111609213e-05,0
dysmorphic facial features,Phenotype,9.629614111609213e-05,0
neuropathic features,Phenotype,9.629614111609213e-05,0
pseudomyopathic features,Phenotype,9.629614111609213e-05,0
small-fiber neuropathy,Phenotype,9.625812541471643e-05,0
sensory impairment,Phenotype,9.622010971334072e-05,0
pulmonary stability,Phenotype,9.602055347082593e-05,13
full oral nutrition,Phenotype,9.601935427925023e-05,13
transaminitis,Phenotype,9.600256559719051e-05,13
independent standing,Phenotype,9.600016721403913e-05,13
intravenous administration,Phenotype,9.599537044773636e-05,13
Children's Hospital of Philadelphia Infant Test of Neuromuscular Disorders,Phenotype,9.599417125616066e-05,13
functional independent sitting,Phenotype,9.599417125616066e-05,13
quality-adjusted survival,Phenotype,9.599417125616066e-05,13
transient fever,Phenotype,9.599417125616066e-05,13
communication ability,Phenotype,9.599177287300928e-05,13
regression in motor abilities,Phenotype,9.599177287300928e-05,13
human SMN transgene,Gene,9.59881752982822e-05,13
intravenous,Phenotype,9.59881752982822e-05,13
presymptomatic infants,Phenotype,9.59881752982822e-05,13
abnormalities in liver function-related parameters,Phenotype,9.59857769151308e-05,13
blood lactate dehydrogenase increase,Phenotype,9.59857769151308e-05,13
bulbar or respiratory function,Phenotype,9.59857769151308e-05,13
health status,Phenotype,9.59857769151308e-05,13
hepatitis,Phenotype,9.59857769151308e-05,13
hyperthermia,Phenotype,9.59857769151308e-05,13
intravenous injection,Phenotype,9.59857769151308e-05,13
motor milestone outcomes,Phenotype,9.59857769151308e-05,13
myocarditis,Phenotype,9.59857769151308e-05,13
rolling over,Phenotype,9.59857769151308e-05,13
tracheostomy with a ventilator,Phenotype,9.59857769151308e-05,13
SMA treatment-related pharmacy costs,Phenotype,9.598337853197942e-05,13
body weight maintenance,Phenotype,9.598098014882804e-05,13
liver-related adverse events,Phenotype,9.598098014882804e-05,13
glycosuria,Phenotype,9.597738257410096e-05,13
hematuria,Phenotype,9.597738257410096e-05,13
hypertransaminasaemia,Phenotype,9.597738257410096e-05,13
standing with assistance,Phenotype,9.597738257410096e-05,13
elevation of liver function tests,Phenotype,9.597498419094958e-05,13
acute liver dysfunction,Phenotype,9.59725858077982e-05,13
alloimmune hemolytic disease of the newborn,Phenotype,9.59725858077982e-05,13
clinical picture,Phenotype,9.59725858077982e-05,13
decreased appetite/refusal to feed,Phenotype,9.59725858077982e-05,13
decreased platelet count,Phenotype,9.59725858077982e-05,13
free of permanent ventilation,Phenotype,9.59725858077982e-05,13
increase of body temperature,Phenotype,9.59725858077982e-05,13
increased regurgitation/vomiting,Phenotype,9.59725858077982e-05,13
inflammatory gene expression,Phenotype,9.59725858077982e-05,13
language ability,Phenotype,9.59725858077982e-05,13
mild neutropenia,Phenotype,9.59725858077982e-05,13
mononuclear cell inflammation,Phenotype,9.59725858077982e-05,13
nausea,Phenotype,9.59725858077982e-05,13
platelet drop,Phenotype,9.59725858077982e-05,13
progression of spinal muscular atrophy,Phenotype,9.59725858077982e-05,13
rapid age-appropriate achievement of motor milestones,Phenotype,9.59725858077982e-05,13
standing alone,Phenotype,9.59725858077982e-05,13
trouble swallowing,Phenotype,9.59725858077982e-05,13
use of oxygen or a breathing machine for more than 16 h,Phenotype,9.59725858077982e-05,13
walking alone,Phenotype,9.59725858077982e-05,13
acute viral symptoms,Phenotype,9.596658984991972e-05,13
asymptomatic hepatotoxicity,Phenotype,9.596658984991972e-05,13
high cost,Phenotype,9.596658984991972e-05,13
ventilator-free intervals,Phenotype,9.596658984991972e-05,13
weaned from non-invasive positive pressure ventilation,Phenotype,9.596419146676833e-05,13
airway secretions,Phenotype,9.595819550888986e-05,13
antibiotic dependency,Phenotype,9.595819550888986e-05,13
cognitive functioning,Phenotype,9.595819550888986e-05,13
efficacy of therapy,Phenotype,9.595819550888986e-05,13
elevated AST or ALT,Phenotype,9.595819550888986e-05,13
gliosis,Phenotype,9.595819550888986e-05,13
global survival,Phenotype,9.595819550888986e-05,13
heart rhythm alterations,Phenotype,9.595819550888986e-05,13
hepatic cytolysis,Phenotype,9.595819550888986e-05,13
immunosuppression,Phenotype,9.595819550888986e-05,13
mononuclear cell infiltrates,Phenotype,9.595819550888986e-05,13
night-time ventilation,Phenotype,9.595819550888986e-05,13
nutritional outcome,Phenotype,9.595819550888986e-05,13
off-target toxicities,Phenotype,9.595819550888986e-05,13
outcomes in treated patients,Phenotype,9.595819550888986e-05,13
patient mobility scores,Phenotype,9.595819550888986e-05,13
physicians,Phenotype,9.595819550888986e-05,13
swallowing safety,Phenotype,9.595819550888986e-05,13
vomiting or loss of appetite,Phenotype,9.595819550888986e-05,13
Hemophagocytic lymphohistiocytosis,Phenotype,9.594500440155723e-05,13
IL1B,Gene,9.594500440155723e-05,13
RNF19B,Gene,9.594500440155723e-05,13
elevated bilirubin,Phenotype,9.594500440155723e-05,13
high prothrombin time,Phenotype,9.594500440155723e-05,13
hospitalization,Phenotype,9.594500440155723e-05,13
increase of monocytes,Phenotype,9.594500440155723e-05,13
insufficient therapeutic effects,Phenotype,9.594500440155723e-05,13
respiratory hospitalizations,Phenotype,9.594500440155723e-05,13
safety concerns,Phenotype,9.594500440155723e-05,13
subclinical myocardial dysfunction,Phenotype,9.594500440155723e-05,13
surgery,Phenotype,9.594500440155723e-05,13
ventilation time,Phenotype,9.594500440155723e-05,13
DRG inflammation,Phenotype,9.593061410264893e-05,13
early drug administration,Phenotype,9.593061410264893e-05,13
responsive proteins,Protein,9.593061410264893e-05,13
vomiting after infusion,Phenotype,9.593061410264893e-05,13
GLS decrease,Phenotype,9.591742299531629e-05,13
cardiac adverse events,Phenotype,9.591742299531629e-05,13
decreased appetite,Phenotype,9.591742299531629e-05,13
decreased platelets,Phenotype,9.591742299531629e-05,13
increased hepatic laboratory values,Phenotype,9.591742299531629e-05,13
neuronal stress,Phenotype,9.591742299531629e-05,13
treatment-related adverse events,Phenotype,9.591742299531629e-05,13
thrombocytopaenia,Phenotype,9.581669090295806e-05,13
0SMN1/1SMN2 genotype,Variant,9.501683012197058e-05,2
1.4 Mb de novo deletion encompassing SMN1 and SMN2,Variant,9.501683012197058e-05,1
10H-phenothiazine,Drug,9.501683012197058e-05,3
14-3-3 zeta/delta,Protein,9.501683012197058e-05,5
19,Drug,9.501683012197058e-05,1
2'-MOE mesyl oligonucleotide,Drug,9.501683012197058e-05,6
"2,4-diaminoquinazolines",Drug,9.501683012197058e-05,7
25-OH vitamin D(3),Drug,9.501683012197058e-05,8
2F RNA modification,Drug,9.501683012197058e-05,9
3 or 4 copies of the gene,Variant,9.501683012197058e-05,7
"3,4-DAP",Drug,9.501683012197058e-05,6
3-methyladenine,Drug,9.501683012197058e-05,10
31-phosphorus magnetic resonance spectroscopy,Drug,9.501683012197058e-05,11
3UP8i,Drug,9.501683012197058e-05,6
4-AP,Drug,9.501683012197058e-05,10
4-aminopyridine,Drug,9.501683012197058e-05,3
4PBA,Drug,9.501683012197058e-05,1
5-AzaC,Drug,9.501683012197058e-05,12
"7',5'-alpha-bc-DNA",Drug,9.501683012197058e-05,9
8D3130-ASO,Drug,9.501683012197058e-05,16
9a,Drug,9.501683012197058e-05,1
A1/A1,Variant,9.501683012197058e-05,16
A15/283,Drug,9.501683012197058e-05,17
AAV capsid serotypes,Drug,9.501683012197058e-05,8
AAV gene therapy,Drug,9.501683012197058e-05,1
AAV therapy,Drug,9.501683012197058e-05,9
AAV-DOK7,Drug,9.501683012197058e-05,6
AAV1-IGF-1,Drug,9.501683012197058e-05,6
AAV1-follistatin,Drug,9.501683012197058e-05,0
AAV8-Klf15,Drug,9.501683012197058e-05,6
AAV9-ASAH1 gene therapy,Drug,9.501683012197058e-05,18
AAV9-Ab,Protein,9.501683012197058e-05,13
AAV9-GFP,Drug,9.501683012197058e-05,5
AAV9-IGHMBP2,Drug,9.501683012197058e-05,5
AAV9-PLS3,Drug,9.501683012197058e-05,6
AAV9-SMN gene therapy,Drug,9.501683012197058e-05,10
AAV9-Stmn2,Drug,9.501683012197058e-05,6
AAV9-UBA1,Drug,9.501683012197058e-05,2
AAV9-albumin-SMN,Drug,9.501683012197058e-05,17
AAV9-binding antibody titer >1:50,Phenotype,9.501683012197058e-05,21
AAV9-coSMN1,Drug,9.501683012197058e-05,22
AAV9-hcoSMN,Drug,9.501683012197058e-05,6
AAV9-shSmn,Drug,9.501683012197058e-05,5
AAV9-synapsin-SMN,Drug,9.501683012197058e-05,6
AAV9.SMN (Zolgensma),Drug,9.501683012197058e-05,5
AAVhu68,Drug,9.501683012197058e-05,13
ABCA3,Gene,9.501683012197058e-05,9
AC,Protein,9.501683012197058e-05,0
ACHE,Gene,9.501683012197058e-05,9
ACKR3,Gene,9.501683012197058e-05,9
ACO2,Gene,9.501683012197058e-05,0
AChR,Protein,9.501683012197058e-05,3
ADAM17,Gene,9.501683012197058e-05,9
ADAM19,Gene,9.501683012197058e-05,9
ADRA1D,Gene,9.501683012197058e-05,9
ADRA2B,Gene,9.501683012197058e-05,9
AG1024,Drug,9.501683012197058e-05,17
AGAP5,Gene,9.501683012197058e-05,9
AGTPBP1,Gene,9.501683012197058e-05,10
AICAR,Drug,9.501683012197058e-05,2
AIFM1,Protein,9.501683012197058e-05,24
ALDH5A1,Gene,9.501683012197058e-05,9
ALS-causative mutation in FUS,Variant,9.501683012197058e-05,26
AMIGO1,Gene,9.501683012197058e-05,8
AMPK,Protein,9.501683012197058e-05,9
AMPK activation,Phenotype,9.501683012197058e-05,9
AMPK-p38-PGC-1alpha axis,Protein,9.501683012197058e-05,1
AN9,Drug,9.501683012197058e-05,6
ANTXR1,Protein,9.501683012197058e-05,27
ANXA2,Protein,9.501683012197058e-05,9
AONs,Drug,9.501683012197058e-05,1
AOPEP,Gene,9.501683012197058e-05,9
APB CMAP,Phenotype,9.501683012197058e-05,8
APOA1,Gene,9.501683012197058e-05,9
APOE,Gene,9.501683012197058e-05,9
AR,Gene,9.501683012197058e-05,2
ARF1,Gene,9.501683012197058e-05,19
ARHGAP22,Gene,9.501683012197058e-05,23
ARSB,Protein,9.501683012197058e-05,19
ASAH-1,Gene,9.501683012197058e-05,0
ASAH1,Gene,9.501683012197058e-05,0
ASAH1 mutations,Variant,9.501683012197058e-05,0
ASC-EVs,Drug,9.501683012197058e-05,24
ASO drugs,Drug,9.501683012197058e-05,9
ASO therapy,Drug,9.501683012197058e-05,9
ASO-10-27,Drug,9.501683012197058e-05,9
ASO-NUS,Drug,9.501683012197058e-05,1
ASO-P1,Drug,9.501683012197058e-05,1
ASOs and HDAC6 inhibition,Drug,9.501683012197058e-05,8
ATF3,Gene,9.501683012197058e-05,29
ATLAS 2030 exoskeleton,Drug,9.501683012197058e-05,8
ATP2A1,Gene,9.501683012197058e-05,9
ATP7A,Gene,9.501683012197058e-05,2
AVXS-101,Drug,9.501683012197058e-05,13
Acetazolamide,Drug,9.501683012197058e-05,0
Agena iPLEX SMA assay,Drug,9.501683012197058e-05,9
Agent Orange,Drug,9.501683012197058e-05,9
Air stacking,Drug,9.501683012197058e-05,8
Alberta Infant Motor Scale,Phenotype,9.501683012197058e-05,9
Aldh1a2,Gene,9.501683012197058e-05,17
Aldh4,Gene,9.501683012197058e-05,30
Allogeneic adipose stem cells,Drug,9.501683012197058e-05,9
Alu insertion,Variant,9.501683012197058e-05,1
Alu repeats,Variant,9.501683012197058e-05,1
Alu sequences,Gene,9.501683012197058e-05,1
Anaerofilum,Gene,9.501683012197058e-05,9
Anthrapyrazolone,Drug,9.501683012197058e-05,31
Anti-N1,Drug,9.501683012197058e-05,1
Antisense treatment to SMN2 intron7-splicing silencer,Drug,9.501683012197058e-05,1
ApoE (141-150) peptide,Protein,9.501683012197058e-05,6
Artemin,Protein,9.501683012197058e-05,6
Astrocytic dysfunction,Phenotype,9.501683012197058e-05,17
Atp7a deletion,Variant,9.501683012197058e-05,3
Azithromycin,Drug,9.501683012197058e-05,7
B-Raf,Protein,9.501683012197058e-05,5
B4GAT1,Gene,9.501683012197058e-05,9
BA3G,Drug,9.501683012197058e-05,6
BACE1,Gene,9.501683012197058e-05,9
BAHCC1,Gene,9.501683012197058e-05,33
BAPTA,Drug,9.501683012197058e-05,34
BAX,Gene,9.501683012197058e-05,9
BAZ1B,Gene,9.501683012197058e-05,9
BCAA supplementation,Drug,9.501683012197058e-05,13
BCDetection,Drug,9.501683012197058e-05,9
BCL2 interacting protein 3,Protein,9.501683012197058e-05,7
BICD2 loss from muscles,Variant,9.501683012197058e-05,35
BICD2 mutants,Variant,9.501683012197058e-05,9
BICD2 mutations,Variant,9.501683012197058e-05,0
BICD2 variant (c.2108C>T),Variant,9.501683012197058e-05,0
BIO101,Drug,9.501683012197058e-05,7
BIPAP,Drug,9.501683012197058e-05,15
BMAD,Phenotype,9.501683012197058e-05,9
BMC,Phenotype,9.501683012197058e-05,9
BMI,Phenotype,9.501683012197058e-05,8
BNT162b2 vaccine,Drug,9.501683012197058e-05,9
BOTOX,Drug,9.501683012197058e-05,6
BPP-PMO,Drug,9.501683012197058e-05,7
Balloon dilation therapy,Drug,9.501683012197058e-05,16
Bap1,Protein,9.501683012197058e-05,0
BicD2 F743I,Variant,9.501683012197058e-05,36
Bicd2 knockout,Variant,9.501683012197058e-05,37
Bicd2 knockout in muscle,Variant,9.501683012197058e-05,38
Bilateral cryptorchidism,Phenotype,9.501683012197058e-05,9
Bipolar system,Drug,9.501683012197058e-05,8
Birc5,Gene,9.501683012197058e-05,39
Blake's pouch cyst,Phenotype,9.501683012197058e-05,9
Botulinum toxin,Drug,9.501683012197058e-05,2
Breathing and Voice,Phenotype,9.501683012197058e-05,9
Brucea javanica,Drug,9.501683012197058e-05,8
Bruceine D,Drug,9.501683012197058e-05,8
Bungarotoxin,Drug,9.501683012197058e-05,6
Butyrate (BA),Drug,9.501683012197058e-05,1
C (+/+),Variant,9.501683012197058e-05,16
C (+/+)/Tia1 (-/-),Variant,9.501683012197058e-05,17
C/C-allele mice,Phenotype,9.501683012197058e-05,40
C16orf89,Gene,9.501683012197058e-05,9
C1orf194,Gene,9.501683012197058e-05,0
C1q,Protein,9.501683012197058e-05,41
C1q inhibition,Drug,9.501683012197058e-05,42
C2C12 conditioned media,Drug,9.501683012197058e-05,24
C3,Gene,9.501683012197058e-05,9
C5-C7 anterior cervical discectomy and fusion,Drug,9.501683012197058e-05,10
C9orf72,Gene,9.501683012197058e-05,16
CA2,Gene,9.501683012197058e-05,8
CAD,Phenotype,9.501683012197058e-05,16
CAPN1,Protein,9.501683012197058e-05,0
CAPN7,Protein,9.501683012197058e-05,17
CARD8,Gene,9.501683012197058e-05,16
CARM1,Protein,9.501683012197058e-05,7
CASFx,Protein,9.501683012197058e-05,7
CASMA,Drug,9.501683012197058e-05,1
CASR,Gene,9.501683012197058e-05,9
CAT,Gene,9.501683012197058e-05,1
CBP,Protein,9.501683012197058e-05,17
CCL5,Gene,9.501683012197058e-05,24
CCN1,Gene,9.501683012197058e-05,9
CD44,Protein,9.501683012197058e-05,9
CDC42,Protein,9.501683012197058e-05,9
CDK2AP1,Gene,9.501683012197058e-05,9
CDK4/6 inhibitor,Drug,9.501683012197058e-05,10
CELF5,Gene,9.501683012197058e-05,17
CERS1,Gene,9.501683012197058e-05,0
CG2941,Gene,9.501683012197058e-05,17
CGRP,Protein,9.501683012197058e-05,8
CHAT,Gene,9.501683012197058e-05,23
CHCHD10,Protein,9.501683012197058e-05,19
CHCHD10 p.G66V,Variant,9.501683012197058e-05,10
CHCHD2,Protein,9.501683012197058e-05,9
CHD4,Gene,9.501683012197058e-05,16
CHI3L1,Gene,9.501683012197058e-05,9
CHKA,Gene,9.501683012197058e-05,9
CHKB,Gene,9.501683012197058e-05,9
CHM,Gene,9.501683012197058e-05,9
CHOP-ATEND,Phenotype,9.501683012197058e-05,9
CHRM2,Gene,9.501683012197058e-05,9
CK-2127107,Drug,9.501683012197058e-05,9
CK2,Protein,9.501683012197058e-05,10
CK2 inhibitors,Drug,9.501683012197058e-05,13
CLR-1,Protein,9.501683012197058e-05,43
CMC,Phenotype,9.501683012197058e-05,9
CMPK1,Gene,9.501683012197058e-05,9
CMT2CC,Disease,9.501683012197058e-05,9
CMV infection,Disease,9.501683012197058e-05,9
CNTF,Protein,9.501683012197058e-05,6
CNTN1,Gene,9.501683012197058e-05,9
CNTN5,Protein,9.501683012197058e-05,27
COL1A2,Protein,9.501683012197058e-05,13
COL6A3,Protein,9.501683012197058e-05,0
CORO1C,Protein,9.501683012197058e-05,16
CORO1C overexpression,Protein,9.501683012197058e-05,45
COX assembly genes,Gene,9.501683012197058e-05,9
COX5A,Gene,9.501683012197058e-05,9
COX8A,Gene,9.501683012197058e-05,9
CPOX,Gene,9.501683012197058e-05,9
CRISPR,Drug,9.501683012197058e-05,9
CRISPR-Cas9,Drug,9.501683012197058e-05,0
CRISPR-Cas9 based homology-independent targeted integration,Drug,9.501683012197058e-05,9
CRISPR/Cpf1,Drug,9.501683012197058e-05,0
CSA,Phenotype,9.501683012197058e-05,16
CSF Alphabeta42,Protein,9.501683012197058e-05,19
CSF NFL,Protein,9.501683012197058e-05,9
CSF pNFH,Protein,9.501683012197058e-05,9
CSF2,Gene,9.501683012197058e-05,9
CSP duration,Phenotype,9.501683012197058e-05,8
CT-guided transforaminal access,Phenotype,9.501683012197058e-05,47
CTB-SAP,Drug,9.501683012197058e-05,9
CTRP3,Protein,9.501683012197058e-05,17
CTSB,Protein,9.501683012197058e-05,17
CTSD,Gene,9.501683012197058e-05,9
CTSL,Protein,9.501683012197058e-05,17
CXCL12,Protein,9.501683012197058e-05,9
CYP3A,Gene,9.501683012197058e-05,13
CYP3A4,Gene,9.501683012197058e-05,18
Cas12a,Protein,9.501683012197058e-05,9
Cas14a1,Protein,9.501683012197058e-05,1
Cas9/sgRNA targeting ISS-N1,Drug,9.501683012197058e-05,1
Caspase-1,Protein,9.501683012197058e-05,9
Catabacter,Gene,9.501683012197058e-05,9
Caz,Gene,9.501683012197058e-05,48
Cdk5,Protein,9.501683012197058e-05,10
Chl1,Gene,9.501683012197058e-05,3
Chodl,Gene,9.501683012197058e-05,23
Chp1-ASO4,Drug,9.501683012197058e-05,6
Clarke's column neurons,Phenotype,9.501683012197058e-05,9
Combined treatment (nusinersen-like ASO + VPA),Drug,9.501683012197058e-05,6
Compound 2,Drug,9.501683012197058e-05,1
Compound 26,Drug,9.501683012197058e-05,1
Copa,Gene,9.501683012197058e-05,9
CpG unit nt +938,Variant,9.501683012197058e-05,49
CpG unit nt -290/-288/-285,Variant,9.501683012197058e-05,7
Cpg15,Gene,9.501683012197058e-05,9
Cplx2,Gene,9.501683012197058e-05,24
Crabp1,Gene,9.501683012197058e-05,9
CuidAME,Drug,9.501683012197058e-05,9
Cx43,Protein,9.501683012197058e-05,50
D-JNKI1,Drug,9.501683012197058e-05,18
D-aspartate,Drug,9.501683012197058e-05,9
D-serine,Phenotype,9.501683012197058e-05,51
D156844,Drug,9.501683012197058e-05,7
D5S351,Variant,9.501683012197058e-05,9
DAQ-DcpSi,Drug,9.501683012197058e-05,7
DCP2,Gene,9.501683012197058e-05,52
DDIT3,Gene,9.501683012197058e-05,9
DES,Gene,9.501683012197058e-05,9
DG9-PMO,Drug,9.501683012197058e-05,6
DG9-conjugated PMOs,Drug,9.501683012197058e-05,2
DHTKD1,Gene,9.501683012197058e-05,9
DHX9,Protein,9.501683012197058e-05,1
DMA,Drug,9.501683012197058e-05,8
DMD,Gene,9.501683012197058e-05,51
DMTs,Drug,9.501683012197058e-05,53
DNA methylation,Phenotype,9.501683012197058e-05,9
DNAJB2,Gene,9.501683012197058e-05,0
DNAJB2 deletion,Variant,9.501683012197058e-05,10
DNAJB4,Gene,9.501683012197058e-05,9
DNTT,Gene,9.501683012197058e-05,9
DOK7,Protein,9.501683012197058e-05,9
DROSHA,Gene,9.501683012197058e-05,6
DTI,Phenotype,9.501683012197058e-05,8
DYNC1H1 c.[345-89A>G],Variant,9.501683012197058e-05,9
DYNC1H1 variants,Variant,9.501683012197058e-05,0
Dacinostat,Drug,9.501683012197058e-05,7
Delta7,Variant,9.501683012197058e-05,9
Delta7 SMN transcript,Variant,9.501683012197058e-05,9
Down Syndrome mosaicism,Disease,9.501683012197058e-05,9
Drosophila,Gene,9.501683012197058e-05,9
Drosophila Smn,Gene,9.501683012197058e-05,9
E1(MOv11),Drug,9.501683012197058e-05,6
E134K mutation,Variant,9.501683012197058e-05,16
E3%,Phenotype,9.501683012197058e-05,8
E365del,Variant,9.501683012197058e-05,10
E64d,Drug,9.501683012197058e-05,9
EIM,Phenotype,9.501683012197058e-05,6
EIM 50 kHz phase,Phenotype,9.501683012197058e-05,9
EIPA,Drug,9.501683012197058e-05,1
EMG,Phenotype,9.501683012197058e-05,56
ENTPD2,Protein,9.501683012197058e-05,19
EONIS SCID-SMA real-time PCR assay kit,Drug,9.501683012197058e-05,9
EP300,Gene,9.501683012197058e-05,9
ER stress inhibitor,Drug,9.501683012197058e-05,25
ERCC2,Gene,9.501683012197058e-05,9
ERCC3,Gene,9.501683012197058e-05,9
ERK MAPK,Protein,9.501683012197058e-05,3
ERS,Phenotype,9.501683012197058e-05,9
EV-associated proteins,Protein,9.501683012197058e-05,8
EXG001-307,Drug,9.501683012197058e-05,6
Elavl4,Gene,9.501683012197058e-05,9
Enorma,Gene,9.501683012197058e-05,9
EphA4,Protein,9.501683012197058e-05,17
Etv5b,Protein,9.501683012197058e-05,17
ExSpe U1,Drug,9.501683012197058e-05,7
ExSpeU1,Drug,9.501683012197058e-05,6
FAIM-L,Protein,9.501683012197058e-05,24
FDB-2/3 muscles,Phenotype,9.501683012197058e-05,52
FECH,Protein,9.501683012197058e-05,9
FEF75,Phenotype,9.501683012197058e-05,16
FENDRR,Gene,9.501683012197058e-05,9
FFP amplitude,Phenotype,9.501683012197058e-05,8
FGF21,Protein,9.501683012197058e-05,8
FGFR3,Gene,9.501683012197058e-05,9
FHL1,Protein,9.501683012197058e-05,9
FLAD1,Gene,9.501683012197058e-05,12
FLNC,Gene,9.501683012197058e-05,0
FMO3,Gene,9.501683012197058e-05,13
FOXO3,Gene,9.501683012197058e-05,9
FST,Gene,9.501683012197058e-05,9
FUS/TLS,Protein,9.501683012197058e-05,17
FUS/TLS mutation,Variant,9.501683012197058e-05,18
FUT1,Gene,9.501683012197058e-05,9
FUT5 variant c.[1001A > G],Variant,9.501683012197058e-05,9
FVB-nmd,Phenotype,9.501683012197058e-05,6
FVC% predicted,Phenotype,9.501683012197058e-05,13
FVT1,Gene,9.501683012197058e-05,9
FXR,Protein,9.501683012197058e-05,10
FZD4 deletion,Variant,9.501683012197058e-05,1
Fas,Protein,9.501683012197058e-05,17
Fas3,Gene,9.501683012197058e-05,45
Fasn,Gene,9.501683012197058e-05,57
Fasudil,Drug,9.501683012197058e-05,5
Fc-TWEAK,Drug,9.501683012197058e-05,13
Feeding,Phenotype,9.501683012197058e-05,9
FoxO,Gene,9.501683012197058e-05,10
Free Aspire,Drug,9.501683012197058e-05,2
Frisingicoccus,Gene,9.501683012197058e-05,9
G418,Drug,9.501683012197058e-05,9
G66V mutant CHCHD10,Protein,9.501683012197058e-05,58
GABAergic neurotransmission,Phenotype,9.501683012197058e-05,17
GAP43,Protein,9.501683012197058e-05,9
GAPDH,Protein,9.501683012197058e-05,9
GAR-2,Protein,9.501683012197058e-05,52
GARS1,Gene,9.501683012197058e-05,0
GCC insertion polymorphism,Variant,9.501683012197058e-05,1
GCG,Gene,9.501683012197058e-05,9
GDF15,Protein,9.501683012197058e-05,10
GEMIN4,Gene,9.501683012197058e-05,9
GFSI,Drug,9.501683012197058e-05,61
GGT1,Gene,9.501683012197058e-05,9
GGTLC3,Gene,9.501683012197058e-05,9
GGTLC4P,Gene,9.501683012197058e-05,9
GGTLC5P,Gene,9.501683012197058e-05,9
GH,Drug,9.501683012197058e-05,9
GI defects,Phenotype,9.501683012197058e-05,9
GKT137831,Drug,9.501683012197058e-05,10
GLE1,Gene,9.501683012197058e-05,0
GNR-100,Drug,9.501683012197058e-05,13
GPX1,Gene,9.501683012197058e-05,8
GRIA4,Protein,9.501683012197058e-05,13
GRP,Gene,9.501683012197058e-05,9
GRS,Protein,9.501683012197058e-05,0
GSR,Gene,9.501683012197058e-05,9
GSTM1,Gene,9.501683012197058e-05,16
GTF2H1,Gene,9.501683012197058e-05,9
GTF2H2 deletion,Variant,9.501683012197058e-05,9
GTF2H3,Gene,9.501683012197058e-05,9
GTF2H4,Gene,9.501683012197058e-05,9
GTF2H5,Gene,9.501683012197058e-05,9
GUSBP1 g.[69515863G>A],Variant,9.501683012197058e-05,9
GV-58,Drug,9.501683012197058e-05,6
Gap27,Drug,9.501683012197058e-05,50
Garches braces,Drug,9.501683012197058e-05,8
Gdf15,Gene,9.501683012197058e-05,3
Gli1,Gene,9.501683012197058e-05,9
GluCDs,Drug,9.501683012197058e-05,5
Gordonibacter,Gene,9.501683012197058e-05,9
H-reflex,Phenotype,9.501683012197058e-05,9
H3P33,Gene,9.501683012197058e-05,9
HA2-ApoE(131-150)-Nusinersen conjugate,Drug,9.501683012197058e-05,1
HCN1,Gene,9.501683012197058e-05,9
HCN2,Gene,9.501683012197058e-05,9
HDAC inhibitors,Drug,9.501683012197058e-05,7
HDAC6,Protein,9.501683012197058e-05,24
HDAC6 inhibition,Drug,9.501683012197058e-05,15
HDO,Drug,9.501683012197058e-05,1
HEXB,Gene,9.501683012197058e-05,0
HEY2,Gene,9.501683012197058e-05,9
HGF,Protein,9.501683012197058e-05,6
HM-based nutrition intervention,Drug,9.501683012197058e-05,8
HMA,Drug,9.501683012197058e-05,1
HMOX1,Gene,9.501683012197058e-05,16
HNRNPA1,Gene,9.501683012197058e-05,9
HSBP1,Gene,9.501683012197058e-05,0
HSCT,Drug,9.501683012197058e-05,0
HSP70B,Protein,9.501683012197058e-05,17
HSP90,Protein,9.501683012197058e-05,7
HSPB1,Gene,9.501683012197058e-05,6
HTT,Gene,9.501683012197058e-05,9
Haloperidol,Drug,9.501683012197058e-05,6
Hereditary motor neuropathies,Disease,9.501683012197058e-05,0
Howardella,Gene,9.501683012197058e-05,9
Hsc70-4,Protein,9.501683012197058e-05,17
Hsc70-4 missense allele,Variant,9.501683012197058e-05,16
Hspa8 (G470R),Protein,9.501683012197058e-05,52
Hspa8(G470R),Variant,9.501683012197058e-05,6
HuD,Protein,9.501683012197058e-05,17
Hybrid Assistive Limb (HAL),Drug,9.501683012197058e-05,8
IFI30,Protein,9.501683012197058e-05,19
IFI44,Gene,9.501683012197058e-05,9
IGF-1 R siRNA,Drug,9.501683012197058e-05,17
IGF-1 pathway,Protein,9.501683012197058e-05,9
IGF-2,Protein,9.501683012197058e-05,10
IGF-I receptor,Protein,9.501683012197058e-05,52
IGF1R,Gene,9.501683012197058e-05,9
IGFBP-5,Protein,9.501683012197058e-05,52
IGHMBP2C495del,Variant,9.501683012197058e-05,7
IL-10,Protein,9.501683012197058e-05,8
IL-1ra,Drug,9.501683012197058e-05,6
IL-7,Protein,9.501683012197058e-05,8
IL10,Protein,9.501683012197058e-05,64
IL6,Gene,9.501683012197058e-05,65
INA,Protein,9.501683012197058e-05,13
IOPI,Phenotype,9.501683012197058e-05,9
IRE1alpha/XBP1,Protein,9.501683012197058e-05,9
ISIS-SMNRx,Drug,9.501683012197058e-05,8
Iba1,Protein,9.501683012197058e-05,0
Igf-1r,Gene,9.501683012197058e-05,5
Ighmbp2-R604X,Variant,9.501683012197058e-05,5
Ighmbp2-null,Variant,9.501683012197058e-05,66
Infections and Hospitalisations,Phenotype,9.501683012197058e-05,9
Influenza vaccine,Drug,9.501683012197058e-05,18
Insulin growth factor binding protein-3,Protein,9.501683012197058e-05,9
Inverted repeat Alus,Variant,9.501683012197058e-05,7
Itch,Protein,9.501683012197058e-05,17
Itvisma,Drug,9.501683012197058e-05,13
JAK/STAT,Protein,9.501683012197058e-05,9
JAK2,Gene,9.501683012197058e-05,9
JARID2,Gene,9.501683012197058e-05,9
JIP3 deficiency,Phenotype,9.501683012197058e-05,10
JNK inhibitors,Drug,9.501683012197058e-05,17
JNK-c-Jun signaling,Protein,9.501683012197058e-05,10
JNK3 deficiency,Phenotype,9.501683012197058e-05,8
K(ir4.1),Protein,9.501683012197058e-05,9
KCNB1,Gene,9.501683012197058e-05,9
KIF1B,Gene,9.501683012197058e-05,9
KIF7,Gene,9.501683012197058e-05,9
KLF3,Gene,9.501683012197058e-05,9
KOD FX Neo,Drug,9.501683012197058e-05,13
KineMAT,Drug,9.501683012197058e-05,2
Kugelberg-Welander syndrome,Disease,9.501683012197058e-05,13
L-carnitine,Drug,9.501683012197058e-05,6
L1 element,Variant,9.501683012197058e-05,1
LAMA2,Gene,9.501683012197058e-05,9
LAMC2,Gene,9.501683012197058e-05,9
LAS1L,Gene,9.501683012197058e-05,0
LAT1,Protein,9.501683012197058e-05,6
LBH589,Drug,9.501683012197058e-05,13
LDN-57444,Drug,9.501683012197058e-05,9
LEP,Gene,9.501683012197058e-05,9
LIX1,Gene,9.501683012197058e-05,9
LMI070,Drug,9.501683012197058e-05,1
LMNA,Protein,9.501683012197058e-05,9
LNA-modified primers,Drug,9.501683012197058e-05,9
LNA/DNA mixmer,Drug,9.501683012197058e-05,7
LNP1,Drug,9.501683012197058e-05,6
LPS,Drug,9.501683012197058e-05,7
LTNPPV,Drug,9.501683012197058e-05,9
LWDH-WE,Drug,9.501683012197058e-05,8
LXR/RXR signalling,Protein,9.501683012197058e-05,12
Lachnospiraceae_AC2044_group,Gene,9.501683012197058e-05,9
Lavandula angustifolia essential oil,Drug,9.501683012197058e-05,9
Lawsonella,Gene,9.501683012197058e-05,9
Lif,Gene,9.501683012197058e-05,3
Long-Term Non-Invasive Ventilation,Drug,9.501683012197058e-05,15
Lsm10,Protein,9.501683012197058e-05,68
M1a/M1a,Variant,9.501683012197058e-05,16
M:S echogenicity ratio,Phenotype,9.501683012197058e-05,9
M:S thickness ratio,Phenotype,9.501683012197058e-05,9
MAFbx,Gene,9.501683012197058e-05,10
MAGEL2,Protein,9.501683012197058e-05,17
MALDI-TOF MS assay,Drug,9.501683012197058e-05,9
MAPK8IP3,Gene,9.501683012197058e-05,67
MAPT,Gene,9.501683012197058e-05,9
MCCC2 variant c.[-117A > G],Variant,9.501683012197058e-05,9
MCGR,Drug,9.501683012197058e-05,8
MCP1 deficiency,Phenotype,9.501683012197058e-05,9
MEG3,Gene,9.501683012197058e-05,9
MEL-46,Protein,9.501683012197058e-05,10
MET,Gene,9.501683012197058e-05,9
MGRN1,Gene,9.501683012197058e-05,9
MIE-EF,Phenotype,9.501683012197058e-05,9
ML372,Drug,9.501683012197058e-05,6
ML372 and ASO,Drug,9.501683012197058e-05,6
MO sequences,Drug,9.501683012197058e-05,1
MO-CPP conjugates,Drug,9.501683012197058e-05,6
MOE-modified ASO10-29,Drug,9.501683012197058e-05,6
MORC2,Gene,9.501683012197058e-05,0
MORC2 S87L mutation,Variant,9.501683012197058e-05,0
MORC2 mutation,Variant,9.501683012197058e-05,0
MORC2 variants,Variant,9.501683012197058e-05,70
MR-409,Drug,9.501683012197058e-05,8
MSPd,Protein,9.501683012197058e-05,25
MSTN,Gene,9.501683012197058e-05,8
MTR,Phenotype,9.501683012197058e-05,16
MUAP amplitude,Phenotype,9.501683012197058e-05,9
MUNE values,Phenotype,9.501683012197058e-05,19
MYBL2,Gene,9.501683012197058e-05,12
MYBPC1,Gene,9.501683012197058e-05,2
MYH14,Gene,9.501683012197058e-05,9
MYH6,Gene,9.501683012197058e-05,9
MYL11,Gene,9.501683012197058e-05,9
MYOG,Gene,9.501683012197058e-05,9
Mapk10,Gene,9.501683012197058e-05,9
Maresin 1,Drug,9.501683012197058e-05,17
Marine_Methylotrophic_Group_3,Gene,9.501683012197058e-05,9
MassArray,Drug,9.501683012197058e-05,9
MeCP2,Protein,9.501683012197058e-05,1
Metallothioneins,Protein,9.501683012197058e-05,9
Mib1,Gene,9.501683012197058e-05,7
Mir34 family,Gene,9.501683012197058e-05,9
Mobility and Independence,Phenotype,9.501683012197058e-05,9
Monomelic amyotrophy,Disease,9.501683012197058e-05,71
Morpholino,Drug,9.501683012197058e-05,7
Morpholino (MO),Drug,9.501683012197058e-05,16
Morpholino ASO,Drug,9.501683012197058e-05,1
Motor unit MRI (MUMRI),Phenotype,9.501683012197058e-05,9
MoviPlate,Phenotype,9.501683012197058e-05,8
Mt2,Gene,9.501683012197058e-05,9
MuSC,Protein,9.501683012197058e-05,9
MuSK,Protein,9.501683012197058e-05,9
MuSK agonist antibody #13,Drug,9.501683012197058e-05,72
MyoGrip,Phenotype,9.501683012197058e-05,16
MyoPinch,Phenotype,9.501683012197058e-05,8
N-acetylcysteine,Drug,9.501683012197058e-05,3
N-acetylneuraminic acid,Drug,9.501683012197058e-05,9
N-acylsphingosine amidohydrolase 1,Gene,9.501683012197058e-05,0
NAIP copy number,Variant,9.501683012197058e-05,16
NATTD,Gene,9.501683012197058e-05,7
NBPF10,Gene,9.501683012197058e-05,9
NCAM,Protein,9.501683012197058e-05,9
NCDN,Protein,9.501683012197058e-05,17
NCOR2,Gene,9.501683012197058e-05,0
NEB,Gene,9.501683012197058e-05,9
NECTIN1,Gene,9.501683012197058e-05,8
NEFH,Gene,9.501683012197058e-05,19
NEFL,Gene,9.501683012197058e-05,9
NEUROEQUIP-SMA,Drug,9.501683012197058e-05,15
NF-kappa B,Gene,9.501683012197058e-05,9
NFASC,Gene,9.501683012197058e-05,9
NGF,Gene,9.501683012197058e-05,9
NIPPV,Drug,9.501683012197058e-05,16
NIV,Phenotype,9.501683012197058e-05,16
NKX2-1,Gene,9.501683012197058e-05,9
NKX2-5,Gene,9.501683012197058e-05,9
NMJ alterations,Phenotype,9.501683012197058e-05,5
NODAL,Gene,9.501683012197058e-05,9
NOTCH,Gene,9.501683012197058e-05,16
NOVA1,Gene,9.501683012197058e-05,7
NPPV,Drug,9.501683012197058e-05,15
NPTX2,Protein,9.501683012197058e-05,12
NR1D2,Gene,9.501683012197058e-05,9
NR1H3,Gene,9.501683012197058e-05,9
NR3C1,Gene,9.501683012197058e-05,9
NRG1-III,Protein,9.501683012197058e-05,10
NRGN,Gene,9.501683012197058e-05,9
NRXN3,Gene,9.501683012197058e-05,9
NSAIDs,Drug,9.501683012197058e-05,5
NSC-34 cells,Phenotype,9.501683012197058e-05,9
NT-1654,Drug,9.501683012197058e-05,6
NVS-SM2,Drug,9.501683012197058e-05,6
Ncald-ASO3,Drug,9.501683012197058e-05,45
Necdin,Gene,9.501683012197058e-05,9
Nedd8-activating enzyme inhibitor,Drug,9.501683012197058e-05,25
Neocate Syneo-Nutricia,Drug,9.501683012197058e-05,13
Nesprin-2,Gene,9.501683012197058e-05,9
Neurl2,Gene,9.501683012197058e-05,7
Neurofilament proteins,Protein,9.501683012197058e-05,0
Nkx2.2,Gene,9.501683012197058e-05,9
Notch,Protein,9.501683012197058e-05,9
Notch signaling,Phenotype,9.501683012197058e-05,17
Novel targeted therapies,Drug,9.501683012197058e-05,73
Nucleolin,Protein,9.501683012197058e-05,17
Nusinersen-like ASO,Drug,9.501683012197058e-05,63
OAV101 IT,Drug,9.501683012197058e-05,13
OCLN c.[818G>T],Variant,9.501683012197058e-05,9
OPG,Drug,9.501683012197058e-05,74
OSTF1,Protein,9.501683012197058e-05,1
Onasemnogene Abeparvovec (Zolgensma),Drug,9.501683012197058e-05,13
P361R,Variant,9.501683012197058e-05,75
P361R-SMA,Variant,9.501683012197058e-05,0
P56S VAPB mutation,Variant,9.501683012197058e-05,25
P56S-VAPB,Protein,9.501683012197058e-05,3
PAX3,Gene,9.501683012197058e-05,9
PDD,Drug,9.501683012197058e-05,17
PDGF,Protein,9.501683012197058e-05,7
PDGFRA,Gene,9.501683012197058e-05,9
PEG-IGF1,Drug,9.501683012197058e-05,5
PF-DcpSi,Drug,9.501683012197058e-05,9
PFN2,Protein,9.501683012197058e-05,9
PGEMN1,Gene,9.501683012197058e-05,17
PI3K,Protein,9.501683012197058e-05,17
PI3K/Akt,Protein,9.501683012197058e-05,17
PIK3C2A,Gene,9.501683012197058e-05,9
PK4C9,Drug,9.501683012197058e-05,7
PLA2G6,Gene,9.501683012197058e-05,9
PLEKHG5 Arg97Gln,Variant,9.501683012197058e-05,0
PLEKHG5 mutation,Variant,9.501683012197058e-05,0
PLS3 overexpression,Protein,9.501683012197058e-05,45
PLS3 treatment,Drug,9.501683012197058e-05,6
PLXND1,Gene,9.501683012197058e-05,9
PMO AONs,Drug,9.501683012197058e-05,7
PMO10-29,Drug,9.501683012197058e-05,6
PMO25,Drug,9.501683012197058e-05,6
PMP22,Gene,9.501683012197058e-05,1
PNA (SMN2-targeting),Drug,9.501683012197058e-05,1
POLG,Gene,9.501683012197058e-05,0
POMC,Gene,9.501683012197058e-05,9
PPARA,Gene,9.501683012197058e-05,9
PPARalpha,Gene,9.501683012197058e-05,12
PPMOs,Drug,9.501683012197058e-05,1
PRE-084,Drug,9.501683012197058e-05,10
PRKDC,Gene,9.501683012197058e-05,9
PRMTs,Protein,9.501683012197058e-05,9
PRPH,Protein,9.501683012197058e-05,13
PRUNE,Gene,9.501683012197058e-05,0
PSMA6,Gene,9.501683012197058e-05,9
PSSE,Drug,9.501683012197058e-05,15
PTEN-induced kinase 1,Protein,9.501683012197058e-05,7
PTEN-targeting shRNA,Drug,9.501683012197058e-05,6
PTH,Protein,9.501683012197058e-05,8
PYGB,Protein,9.501683012197058e-05,16
Pak4,Gene,9.501683012197058e-05,78
Parkin,Protein,9.501683012197058e-05,7
Pcyt2,Gene,9.501683012197058e-05,45
Pgk1,Protein,9.501683012197058e-05,17
Pgrn,Gene,9.501683012197058e-05,9
Phase Angle,Phenotype,9.501683012197058e-05,8
Pip6a-PMO,Drug,9.501683012197058e-05,6
Plastin3/plst-1,Gene,9.501683012197058e-05,25
PlexinD1,Protein,9.501683012197058e-05,9
Ponasterone A,Drug,9.501683012197058e-05,23
Presymptomatic SMA,Disease,9.501683012197058e-05,8
Processing Speed Index,Phenotype,9.501683012197058e-05,8
Purkinje cell degeneration,Phenotype,9.501683012197058e-05,9
Pyridopyrimidine,Drug,9.501683012197058e-05,31
Pyrimidinyl,Drug,9.501683012197058e-05,31
QF-MT,Phenotype,9.501683012197058e-05,19
QF-SWV,Phenotype,9.501683012197058e-05,19
Qalsody,Drug,9.501683012197058e-05,25
Quinazoline-based compounds,Drug,9.501683012197058e-05,7
R-Roscovitine,Drug,9.501683012197058e-05,24
R-loop levels,Phenotype,9.501683012197058e-05,9
R-loop resolution,Phenotype,9.501683012197058e-05,9
R-loop-mediated DNA damage,Phenotype,9.501683012197058e-05,9
R20Hz,Phenotype,9.501683012197058e-05,19
R5-20 Hz,Phenotype,9.501683012197058e-05,16
RBFOX1,Gene,9.501683012197058e-05,18
RBM10,Gene,9.501683012197058e-05,1
RBPs,Protein,9.501683012197058e-05,9
REEP1,Gene,9.501683012197058e-05,5
RELB,Gene,9.501683012197058e-05,17
RG7800,Drug,9.501683012197058e-05,13
RG7916,Drug,9.501683012197058e-05,1
RIPK3,Protein,9.501683012197058e-05,9
RNA gene therapies,Drug,9.501683012197058e-05,9
RNA processing,Phenotype,9.501683012197058e-05,17
RNA therapeutics,Drug,9.501683012197058e-05,9
RNA-splicing modifying drug,Drug,9.501683012197058e-05,9
RNA-targeted therapies,Drug,9.501683012197058e-05,9
RNA-targeting strategies,Drug,9.501683012197058e-05,9
ROBO1,Gene,9.501683012197058e-05,9
ROCK inhibitors,Drug,9.501683012197058e-05,6
ROS,Phenotype,9.501683012197058e-05,79
RPE65,Gene,9.501683012197058e-05,9
RPPH1,Gene,9.501683012197058e-05,44
RPS27A,Gene,9.501683012197058e-05,9
RTL3,Gene,9.501683012197058e-05,9
Rapamycin,Drug,9.501683012197058e-05,80
RelA,Protein,9.501683012197058e-05,17
Rho-associated Kinase,Protein,9.501683012197058e-05,17
RhoA/ROCK,Protein,9.501683012197058e-05,9
Rhynchophylline,Drug,9.501683012197058e-05,0
Rosa rugosa essential oil,Drug,9.501683012197058e-05,9
Roscovitine,Drug,9.501683012197058e-05,17
Ruminiclostridium,Gene,9.501683012197058e-05,9
S-glutathionylation dysregulation,Phenotype,9.501683012197058e-05,9
S/Z ratio,Phenotype,9.501683012197058e-05,8
S100B,Gene,9.501683012197058e-05,9
S290,Variant,9.501683012197058e-05,6
SACS,Gene,9.501683012197058e-05,9
SAHA,Drug,9.501683012197058e-05,7
SC MRI metrics,Phenotype,9.501683012197058e-05,15
SCF(Slmb),Protein,9.501683012197058e-05,17
SCN4A,Gene,9.501683012197058e-05,9
SCO2,Gene,9.501683012197058e-05,82
SDB,Phenotype,9.501683012197058e-05,9
SELENON,Gene,9.501683012197058e-05,9
SEMA6A,Protein,9.501683012197058e-05,13
SENP2,Gene,9.501683012197058e-05,17
SENP2 deficiency,Phenotype,9.501683012197058e-05,16
SERF1,Gene,9.501683012197058e-05,9
SERF1A,Gene,9.501683012197058e-05,16
SERF1B,Gene,9.501683012197058e-05,9
SERPINE1,Gene,9.501683012197058e-05,9
SET-ULM,Phenotype,9.501683012197058e-05,8
SF3B1,Protein,9.501683012197058e-05,1
SFAQ scores,Phenotype,9.501683012197058e-05,83
SH3TC2,Gene,9.501683012197058e-05,1
SHANK3,Gene,9.501683012197058e-05,0
SHROOM3,Gene,9.501683012197058e-05,9
SIGMAR1,Gene,9.501683012197058e-05,9
SIM-inactivated SMN,Variant,9.501683012197058e-05,6
SKG0201,Drug,9.501683012197058e-05,13
SLC25A46,Gene,9.501683012197058e-05,9
SMA (NBS),Disease,9.501683012197058e-05,9
SMA NBS,Phenotype,9.501683012197058e-05,0
SMA care centers,Phenotype,9.501683012197058e-05,84
SMA carriers,Phenotype,9.501683012197058e-05,12
SMA classification,Phenotype,9.501683012197058e-05,16
SMA disease-modifying treatment,Drug,9.501683012197058e-05,85
SMA drug therapy,Drug,9.501683012197058e-05,19
SMA drugs,Drug,9.501683012197058e-05,9
SMA models,Phenotype,9.501683012197058e-05,87
SMA motoneurons,Phenotype,9.501683012197058e-05,88
SMA mutations,Variant,9.501683012197058e-05,7
SMA patient fibroblasts,Phenotype,9.501683012197058e-05,89
SMA plus,Disease,9.501683012197058e-05,90
SMA therapies,Drug,9.501683012197058e-05,9
SMA type 1 gene,Gene,9.501683012197058e-05,9
SMA types 1c-3a,Variant,9.501683012197058e-05,16
"SMA types 2b, 3, and 4",Phenotype,9.501683012197058e-05,91
SMA-causative mutation in an ASC-1 component,Variant,9.501683012197058e-05,26
SMA-miRs,Gene,9.501683012197058e-05,9
SMA-score,Phenotype,9.501683012197058e-05,92
SMA-specific drug treatment,Drug,9.501683012197058e-05,16
SMA-specific medication,Drug,9.501683012197058e-05,9
SMA4 g.[69515726A>G],Variant,9.501683012197058e-05,9
SMAHI,Phenotype,9.501683012197058e-05,9
SMAI,Disease,9.501683012197058e-05,19
SMN K119 acetylation,Variant,9.501683012197058e-05,17
SMN Tudor domain,Protein,9.501683012197058e-05,93
SMN YG box mutation,Variant,9.501683012197058e-05,1
SMN antisense oligonucleotide,Drug,9.501683012197058e-05,15
SMN c.840 mutation,Variant,9.501683012197058e-05,9
SMN defects,Phenotype,9.501683012197058e-05,17
SMN deficit,Protein,9.501683012197058e-05,45
SMN expression augmentation,Drug,9.501683012197058e-05,9
SMN hybrid structures,Variant,9.501683012197058e-05,5
SMN isoform,Protein,9.501683012197058e-05,13
SMN knockdown,Gene,9.501683012197058e-05,7
SMN pS290,Variant,9.501683012197058e-05,94
SMN repletion,Drug,9.501683012197058e-05,9
SMN restorative therapies,Drug,9.501683012197058e-05,9
SMN targeted medication,Drug,9.501683012197058e-05,16
SMN(K186R),Protein,9.501683012197058e-05,6
SMN(ST),Variant,9.501683012197058e-05,17
SMN(TUDOR),Protein,9.501683012197058e-05,9
SMN(WT),Protein,9.501683012197058e-05,6
SMN-AS1,Gene,9.501683012197058e-05,1
SMN-ASO,Drug,9.501683012197058e-05,23
SMN-C1,Drug,9.501683012197058e-05,1
SMN-C3,Drug,9.501683012197058e-05,1
SMN-Delta7,Variant,9.501683012197058e-05,23
SMN-SVA protein,Protein,9.501683012197058e-05,95
SMN-based therapies,Drug,9.501683012197058e-05,18
SMN-enhanced construct,Drug,9.501683012197058e-05,16
SMN-enhancing agents,Drug,9.501683012197058e-05,8
SMN-enhancing oligonucleotide,Drug,9.501683012197058e-05,9
SMN-enhancing therapies,Drug,9.501683012197058e-05,15
SMN-increasing medications,Drug,9.501683012197058e-05,9
SMN-inducing drugs,Drug,9.501683012197058e-05,15
SMN-related biomarkers,Protein,9.501683012197058e-05,16
SMN-related proteins,Protein,9.501683012197058e-05,9
SMN-restoration,Phenotype,9.501683012197058e-05,96
SMN-restoring antisense oligonucleotides,Drug,9.501683012197058e-05,1
SMN-restoring disease-modifying therapies,Drug,9.501683012197058e-05,6
SMN-restoring therapies,Drug,9.501683012197058e-05,18
SMN-spot(+) cells,Phenotype,9.501683012197058e-05,7
SMN-targeted disease modifying treatments,Drug,9.501683012197058e-05,13
SMN-targeted therapy,Drug,9.501683012197058e-05,97
SMN-upregulating drugs,Drug,9.501683012197058e-05,9
SMN/SYNCRIP complex,Protein,9.501683012197058e-05,10
SMN1 2+0,Variant,9.501683012197058e-05,9
SMN1 VUS,Variant,9.501683012197058e-05,86
SMN1 conversion,Variant,9.501683012197058e-05,1
SMN1 deletion detection,Phenotype,9.501683012197058e-05,98
SMN1 exon 8 copy number,Gene,9.501683012197058e-05,16
SMN1 gene therapy,Drug,9.501683012197058e-05,17
SMN1 insertion using viral vector,Drug,9.501683012197058e-05,7
SMN1 large deletion,Variant,9.501683012197058e-05,7
SMN1 loss,Variant,9.501683012197058e-05,9
SMN1 subtle mutations (excluding p.Ala2Gly),Variant,9.501683012197058e-05,7
SMN1-MSCs,Drug,9.501683012197058e-05,7
SMN1-SMN2-NAIP combined genotype,Variant,9.501683012197058e-05,16
SMN1-hypomorphs,Variant,9.501683012197058e-05,86
SMN1A2G,Gene,9.501683012197058e-05,1
SMN2,Gene,9.501683012197058e-05,9
SMN2 expression activation,Drug,9.501683012197058e-05,9
SMN2 haplotypes,Variant,9.501683012197058e-05,9
SMN2 pre-mRNA splicing modulation,Drug,9.501683012197058e-05,9
SMN2 splicing modifiers,Drug,9.501683012197058e-05,10
SMN2/SMN1 ratio,Phenotype,9.501683012197058e-05,13
SMN2_E7+,Gene,9.501683012197058e-05,7
SMNDelta7(S270A),Protein,9.501683012197058e-05,8
SMNdelta7 mouse model,Phenotype,9.501683012197058e-05,9
SMNΔ7,Variant,9.501683012197058e-05,17
SMPD1,Gene,9.501683012197058e-05,7
SMUP amplitude,Phenotype,9.501683012197058e-05,19
SNCA,Gene,9.501683012197058e-05,6
SNP,Variant,9.501683012197058e-05,1
SOD2,Gene,9.501683012197058e-05,1
SPADMSCs,Drug,9.501683012197058e-05,9
SPSMC,Drug,9.501683012197058e-05,9
SPTA1 variant c.[-41_-40insCTCT],Variant,9.501683012197058e-05,9
SPTAN1,Gene,9.501683012197058e-05,99
SRK-015,Drug,9.501683012197058e-05,9
SRP54,Protein,9.501683012197058e-05,16
SRSF1 E87N,Protein,9.501683012197058e-05,7
SRSF10,Gene,9.501683012197058e-05,1
SRSF3,Gene,9.501683012197058e-05,1
SSO,Drug,9.501683012197058e-05,7
SSO drugs,Drug,9.501683012197058e-05,9
STAT1,Protein,9.501683012197058e-05,16
STAT3,Gene,9.501683012197058e-05,0
STAT3-IL-6 signalling,Gene,9.501683012197058e-05,0
STK36,Gene,9.501683012197058e-05,9
STMN1,Gene,9.501683012197058e-05,16
STMN2,Gene,9.501683012197058e-05,6
STRAP,Gene,9.501683012197058e-05,9
SUMO-interacting motif,Variant,9.501683012197058e-05,17
SV2B,Protein,9.501683012197058e-05,24
SYM-2,Gene,9.501683012197058e-05,16
SYNCRIP,Protein,9.501683012197058e-05,16
SYP,Gene,9.501683012197058e-05,9
SYT13,Protein,9.501683012197058e-05,24
Sanger sequencing,Phenotype,9.501683012197058e-05,9
Scoliosis and Contractures,Phenotype,9.501683012197058e-05,9
Securinine,Drug,9.501683012197058e-05,7
Selumetinib,Drug,9.501683012197058e-05,100
Serum CK,Protein,9.501683012197058e-05,19
Serum Cr,Phenotype,9.501683012197058e-05,19
Shenkang injection,Drug,9.501683012197058e-05,13
Shh,Gene,9.501683012197058e-05,9
Sigma-1 receptor,Protein,9.501683012197058e-05,10
Sleep and Rest,Phenotype,9.501683012197058e-05,9
Sm-site containing mRNAs,Gene,9.501683012197058e-05,1
Smn (2B/-); Ripk3 (-/-); Casp1 (-/-),Variant,9.501683012197058e-05,6
Smn deficiency,Variant,9.501683012197058e-05,101
Smn from Caenorhabditis elegans,Gene,9.501683012197058e-05,16
Smn from Danio rerio,Gene,9.501683012197058e-05,16
Smn from Drosophila melanogaster,Gene,9.501683012197058e-05,16
Smn from Schizosaccharomyces pombe,Gene,9.501683012197058e-05,16
Smn from Xenopus laevis,Gene,9.501683012197058e-05,16
Smn(2B/-) mice,Phenotype,9.501683012197058e-05,10
Smn1c/c,Variant,9.501683012197058e-05,9
Smn2-like mutation,Variant,9.501683012197058e-05,102
Snrpa1,Gene,9.501683012197058e-05,9
Sodium butyrate,Drug,9.501683012197058e-05,1
St14,Gene,9.501683012197058e-05,9
Stasimon/Tmem41b,Protein,9.501683012197058e-05,18
Staufen1,Gene,9.501683012197058e-05,6
Stem cell transplantation,Drug,9.501683012197058e-05,0
Sult1a1,Gene,9.501683012197058e-05,9
Survival of Motor Neuron 1 deletion,Variant,9.501683012197058e-05,9
Survival of motoneuron protein,Protein,9.501683012197058e-05,9
T-Tau,Protein,9.501683012197058e-05,8
T2 relaxation time,Phenotype,9.501683012197058e-05,9
T274YfsX32,Variant,9.501683012197058e-05,1
TALE-TF,Drug,9.501683012197058e-05,6
TBCD,Gene,9.501683012197058e-05,25
TBCE c.464T>A,Variant,9.501683012197058e-05,19
TBCE mutations,Variant,9.501683012197058e-05,103
TBPH,Gene,9.501683012197058e-05,48
TC/HC ratio <0.85,Phenotype,9.501683012197058e-05,18
TEC-1,Drug,9.501683012197058e-05,13
TGR5,Protein,9.501683012197058e-05,10
TIMPSI,Phenotype,9.501683012197058e-05,8
TLL2,Gene,9.501683012197058e-05,8
TLR2,Gene,9.501683012197058e-05,8
TNNT1,Gene,9.501683012197058e-05,9
TNNT2,Gene,9.501683012197058e-05,9
TP53,Gene,9.501683012197058e-05,9
TPM3,Gene,9.501683012197058e-05,9
TRH,Gene,9.501683012197058e-05,9
TRH analog,Drug,9.501683012197058e-05,1
TRP53,Gene,9.501683012197058e-05,5
TRPV4 antagonists,Drug,9.501683012197058e-05,105
TTC,Protein,9.501683012197058e-05,3
TTN,Gene,9.501683012197058e-05,9
TTR,Gene,9.501683012197058e-05,9
TXNDC12,Gene,9.501683012197058e-05,9
TaC9-ABE system,Drug,9.501683012197058e-05,1
Taiwanese mouse model,Variant,9.501683012197058e-05,9
Taldefgrobep alfa,Drug,9.501683012197058e-05,8
Terazosin,Drug,9.501683012197058e-05,17
Test of Infant Motor Performance Screening Items,Phenotype,9.501683012197058e-05,9
Time spent in care,Phenotype,9.501683012197058e-05,9
Tmem41b,Gene,9.501683012197058e-05,9
Toll-like receptor,Gene,9.501683012197058e-05,9
Transcription Export complex components,Protein,9.501683012197058e-05,7
Trichostatin A,Drug,9.501683012197058e-05,10
TrkB-FL,Protein,9.501683012197058e-05,9
Troponin I,Protein,9.501683012197058e-05,9
U1,Gene,9.501683012197058e-05,9
U1-70K,Protein,9.501683012197058e-05,18
U2AF(65),Protein,9.501683012197058e-05,1
U2AF1,Gene,9.501683012197058e-05,7
U7 Sm OPT,Drug,9.501683012197058e-05,9
UBA1 missense variants,Variant,9.501683012197058e-05,106
UBA52,Gene,9.501683012197058e-05,9
UBB,Gene,9.501683012197058e-05,9
UBC,Gene,9.501683012197058e-05,9
UBE1,Gene,9.501683012197058e-05,6
UPR,Phenotype,9.501683012197058e-05,9
UPS,Protein,9.501683012197058e-05,0
UTI,Phenotype,9.501683012197058e-05,13
UTR elements,Variant,9.501683012197058e-05,1
Ub/proteasome pathway,Phenotype,9.501683012197058e-05,17
Upstaza,Drug,9.501683012197058e-05,32
VAPB,Protein,9.501683012197058e-05,25
VAPB/ALS8 protein,Protein,9.501683012197058e-05,9
VCP,Gene,9.501683012197058e-05,0
VCPLAT,Phenotype,9.501683012197058e-05,9
VEGFA,Gene,9.501683012197058e-05,9
VIM,Gene,9.501683012197058e-05,9
VPA,Drug,9.501683012197058e-05,1
VPS13A,Gene,9.501683012197058e-05,0
VRK1 missense and nonsense mutations,Variant,9.501683012197058e-05,0
VRK1-R358X,Variant,9.501683012197058e-05,107
VWF,Protein,9.501683012197058e-05,108
VX563,Drug,9.501683012197058e-05,1
Von Willebrand Factor,Protein,9.501683012197058e-05,108
Vulnerability,Phenotype,9.501683012197058e-05,9
WDR77,Gene,9.501683012197058e-05,9
WNT7B,Gene,9.501683012197058e-05,9
WRAP53,Gene,9.501683012197058e-05,17
Wnt/beta-catenin signaling,Protein,9.501683012197058e-05,9
Wnt/beta-catenin signalling,Phenotype,9.501683012197058e-05,6
XBP1s,Protein,9.501683012197058e-05,17
XIAP,Protein,9.501683012197058e-05,24
XL-SMA mutations,Variant,9.501683012197058e-05,109
Y272C,Variant,9.501683012197058e-05,9
Y918C,Variant,9.501683012197058e-05,10
YBX1,Protein,9.501683012197058e-05,17
YBX1 knockdown,Phenotype,9.501683012197058e-05,110
Yumen Arm,Drug,9.501683012197058e-05,15
Z-FA-FMK,Drug,9.501683012197058e-05,5
ZD7288,Drug,9.501683012197058e-05,6
ZFPM2,Gene,9.501683012197058e-05,9
ZFYVE26,Gene,9.501683012197058e-05,9
ZSWIM8,Gene,9.501683012197058e-05,9
Zmynd10,Gene,9.501683012197058e-05,45
[1+1(d)] genotype,Variant,9.501683012197058e-05,1
[2+0] configuration,Variant,9.501683012197058e-05,111
a-COP,Protein,9.501683012197058e-05,12
aCDase,Protein,9.501683012197058e-05,0
ability to climb stairs,Phenotype,9.501683012197058e-05,112
ability to sit unaided within eight months after birth,Phenotype,9.501683012197058e-05,113
absence of symptoms at birth,Phenotype,9.501683012197058e-05,16
absence of the SMN1 gene,Gene,9.501683012197058e-05,9
absent fibrillations in the first dorsal interosseus muscle,Phenotype,9.501683012197058e-05,25
acetabular index,Phenotype,9.501683012197058e-05,16
acetaminophen,Drug,9.501683012197058e-05,13
acetylcholine receptor subunits,Protein,9.501683012197058e-05,6
acp1,Gene,9.501683012197058e-05,17
acp1 deletion,Variant,9.501683012197058e-05,52
active respiratory treatment,Drug,9.501683012197058e-05,6
acylcarnitines,Phenotype,9.501683012197058e-05,9
adeno-associated virus 9 antibodies,Drug,9.501683012197058e-05,13
adeno-associated virus mediated gene replacement,Drug,9.501683012197058e-05,9
adenosine base editors,Drug,9.501683012197058e-05,7
adiponectin,Protein,9.501683012197058e-05,16
adults with SMA,Phenotype,9.501683012197058e-05,3
aerobic exercise,Drug,9.501683012197058e-05,15
age at first treatment,Phenotype,9.501683012197058e-05,8
age at treatment initiation,Phenotype,9.501683012197058e-05,8
age of onset ≤3 months,Phenotype,9.501683012197058e-05,18
age of the patient at the initiation of treatment,Phenotype,9.501683012197058e-05,116
albuterol,Drug,9.501683012197058e-05,9
alterations in ketone metabolism,Phenotype,9.501683012197058e-05,9
altered alpha-tubulin posttranslational modifications,Phenotype,9.501683012197058e-05,17
altered potassium channel expression,Phenotype,9.501683012197058e-05,9
altered tubulin post-translational modifications,Phenotype,9.501683012197058e-05,9
amifampridine,Drug,9.501683012197058e-05,52
amino acid dysregulation,Phenotype,9.501683012197058e-05,9
amino acid-based formula,Drug,9.501683012197058e-05,9
amniotic fluid stem cells,Drug,9.501683012197058e-05,7
androgen-receptor gene,Gene,9.501683012197058e-05,25
ankle plantar flexion joint hypermobility,Phenotype,9.501683012197058e-05,8
antagomir,Drug,9.501683012197058e-05,5
anti-Gabra1 ASOs,Drug,9.501683012197058e-05,59
anti-GluR1 ASOs,Drug,9.501683012197058e-05,62
anti-U1 ASO,Drug,9.501683012197058e-05,1
anti-capsid humoral immunity,Phenotype,9.501683012197058e-05,5
anti-inflammatory agents,Drug,9.501683012197058e-05,18
anti-miR21,Drug,9.501683012197058e-05,118
anti-sense oligonucleotide therapy,Drug,9.501683012197058e-05,9
antisense RNA,Drug,9.501683012197058e-05,9
antisense molecules,Drug,9.501683012197058e-05,119
antisense nucleic acid analogues,Drug,9.501683012197058e-05,120
antisense oligonucleotide splicing modifiers,Drug,9.501683012197058e-05,9
antisense oligonucleotides targeting ISS-N1,Drug,9.501683012197058e-05,8
antisense-mediated splice intervention,Drug,9.501683012197058e-05,51
any cardiovascular disease,Disease,9.501683012197058e-05,9
approved drug,Drug,9.501683012197058e-05,8
approved therapies for SMA,Drug,9.501683012197058e-05,8
aquatherapy,Drug,9.501683012197058e-05,8
arm cycling exercise,Drug,9.501683012197058e-05,18
artificial primary-miRNA,Drug,9.501683012197058e-05,9
arundic acid,Drug,9.501683012197058e-05,10
aspiration,Phenotype,9.501683012197058e-05,16
asymmetric changes in the chest cavity,Phenotype,9.501683012197058e-05,8
asymptomatic therapy,Phenotype,9.501683012197058e-05,121
axonal mitochondria defects,Phenotype,9.501683012197058e-05,9
axonal-SMN,Protein,9.501683012197058e-05,0
baseline motor function,Phenotype,9.501683012197058e-05,13
benchmark vector,Drug,9.501683012197058e-05,6
benzodiazepines,Drug,9.501683012197058e-05,3
beta-catenin,Protein,9.501683012197058e-05,9
biceps brachii,Phenotype,9.501683012197058e-05,1
biglycan,Protein,9.501683012197058e-05,0
bilaterality,Phenotype,9.501683012197058e-05,16
bilirubin,Phenotype,9.501683012197058e-05,9
biological conduit sleeve bridging,Drug,9.501683012197058e-05,0
biomarkers of neuroinflammation,Phenotype,9.501683012197058e-05,8
bisphosphonates,Drug,9.501683012197058e-05,2
blood microRNAs,Gene,9.501683012197058e-05,12
blood-spinal cord barrier,Phenotype,9.501683012197058e-05,9
body weight support harness system,Drug,9.501683012197058e-05,13
brain-computer interfaces,Drug,9.501683012197058e-05,9
branchpoint sequence,Variant,9.501683012197058e-05,127
brefeldin A,Drug,9.501683012197058e-05,7
c-fos,Gene,9.501683012197058e-05,10
c.-7_9del (p.0),Variant,9.501683012197058e-05,7
c.22 dupA,Variant,9.501683012197058e-05,1
cTnT,Protein,9.501683012197058e-05,2
calcium signaling,Phenotype,9.501683012197058e-05,7
calcium/calmodulin-dependent kinases,Protein,9.501683012197058e-05,7
calpain 1,Protein,9.501683012197058e-05,7
calpain inhibition,Phenotype,9.501683012197058e-05,16
calpain inhibitors,Drug,9.501683012197058e-05,16
calpeptin,Drug,9.501683012197058e-05,6
camptothecin,Drug,9.501683012197058e-05,7
cardiac arrhythmia,Disease,9.501683012197058e-05,9
caspase-8,Protein,9.501683012197058e-05,24
caspases,Protein,9.501683012197058e-05,17
cceAAV vector,Drug,9.501683012197058e-05,8
celastrol,Drug,9.501683012197058e-05,0
ceramide,Phenotype,9.501683012197058e-05,9
cervical collar,Drug,9.501683012197058e-05,10
chemically modified oligonucleotides,Drug,9.501683012197058e-05,1
chest wall support,Drug,9.501683012197058e-05,131
cholesterol biogenesis,Phenotype,9.501683012197058e-05,9
chronically increasing neuronal activity pharmacologically,Drug,9.501683012197058e-05,8
circulating miRNA,Protein,9.501683012197058e-05,9
circulating microRNAs,Gene,9.501683012197058e-05,9
classical complement pathway,Protein,9.501683012197058e-05,9
clinical subtypes,Phenotype,9.501683012197058e-05,19
clinically relevant scoliosis,Phenotype,9.501683012197058e-05,16
clomipramine,Drug,9.501683012197058e-05,7
coenzyme-Q,Drug,9.501683012197058e-05,7
cold exposure,Phenotype,9.501683012197058e-05,5
collapse of the ribs,Phenotype,9.501683012197058e-05,16
collapsin response mediator protein 4,Protein,9.501683012197058e-05,24
collapsing parasol deformity,Phenotype,9.501683012197058e-05,8
combination therapies,Drug,9.501683012197058e-05,24
combined ASOs,Drug,9.501683012197058e-05,1
common deletion,Variant,9.501683012197058e-05,9
complement C5 inhibitor,Drug,9.501683012197058e-05,13
complement proteins,Protein,9.501683012197058e-05,9
complement system,Protein,9.501683012197058e-05,9
composite MUNIX score,Phenotype,9.501683012197058e-05,132
compound 1,Drug,9.501683012197058e-05,17
compound 14,Drug,9.501683012197058e-05,7
compound 20,Drug,9.501683012197058e-05,7
compound 53,Drug,9.501683012197058e-05,17
compound 9,Drug,9.501683012197058e-05,7
compounds,Drug,9.501683012197058e-05,6
compromised immune function,Phenotype,9.501683012197058e-05,15
consanguineous marriages,Phenotype,9.501683012197058e-05,1
contractile fibers,Phenotype,9.501683012197058e-05,9
conventional therapies,Drug,9.501683012197058e-05,0
corneal confocal microscopy,Phenotype,9.501683012197058e-05,9
corneal nerve branch density,Phenotype,9.501683012197058e-05,9
corneal nerve fibre density,Phenotype,9.501683012197058e-05,8
corneal nerve fibre length,Phenotype,9.501683012197058e-05,8
corticosteroid therapy,Drug,9.501683012197058e-05,13
corticosteroids,Drug,9.501683012197058e-05,13
cough-assisted techniques,Drug,9.501683012197058e-05,134
creatine,Phenotype,9.501683012197058e-05,8
creatine kinase,Protein,9.501683012197058e-05,19
creatine kinase activity levels,Phenotype,9.501683012197058e-05,19
creatinine,Protein,9.501683012197058e-05,19
cross-sectional area (CSA),Phenotype,9.501683012197058e-05,9
cumulative motor index,Phenotype,9.501683012197058e-05,9
curare,Drug,9.501683012197058e-05,6
cyclic tetrapeptide HDACi,Drug,9.501683012197058e-05,1
cycloheximide,Drug,9.501683012197058e-05,1
cyclosporine-A,Drug,9.501683012197058e-05,12
cystoid macular edema,Phenotype,9.501683012197058e-05,9
cytokine activation,Phenotype,9.501683012197058e-05,8
cytoskeletal defects,Phenotype,9.501683012197058e-05,10
cytosolic ARSs,Gene,9.501683012197058e-05,9
dCas13d/gRNA,Protein,9.501683012197058e-05,7
dEMG MUAP amplitude,Phenotype,9.501683012197058e-05,15
dEMG firing rate,Phenotype,9.501683012197058e-05,15
dTgs1,Protein,9.501683012197058e-05,17
daf-2,Gene,9.501683012197058e-05,6
daily oral treatment,Drug,9.501683012197058e-05,13
dbcAMP,Drug,9.501683012197058e-05,114
ddPCR,Drug,9.501683012197058e-05,9
decrease in expression of SMN,Phenotype,9.501683012197058e-05,9
decreased autophagic flux,Phenotype,9.501683012197058e-05,17
decreased foetal movements,Phenotype,9.501683012197058e-05,9
decreased thoracic kyphosis,Phenotype,9.501683012197058e-05,135
deep intronic ATP7A variant,Variant,9.501683012197058e-05,2
delayed diagnosis,Phenotype,9.501683012197058e-05,16
deregulated mRNA metabolism,Phenotype,9.501683012197058e-05,5
dextrose,Drug,9.501683012197058e-05,3
diaminoquinazoline,Drug,9.501683012197058e-05,7
diaphragm thickening ratio,Phenotype,9.501683012197058e-05,138
diclofenac,Drug,9.501683012197058e-05,139
digital PCR,Drug,9.501683012197058e-05,13
dimethyltryptamines,Drug,9.501683012197058e-05,9
dipyridamole,Drug,9.501683012197058e-05,23
disease status,Phenotype,9.501683012197058e-05,8
disease-associated TRPV4 mutations,Variant,9.501683012197058e-05,143
disease-modifier treatment,Drug,9.501683012197058e-05,9
disrupted body composition,Phenotype,9.501683012197058e-05,9
disruption of proximal hnRNP A1 binding site,Variant,9.501683012197058e-05,146
disruption of the microcirculation,Phenotype,9.501683012197058e-05,147
disruption of the neurovascular unit,Phenotype,9.501683012197058e-05,9
disturbed mRNA processing and axonal transport,Phenotype,9.501683012197058e-05,149
dnMstn,Drug,9.501683012197058e-05,8
doxorubicin,Drug,9.501683012197058e-05,10
drug treatment,Drug,9.501683012197058e-05,9
drugs,Drug,9.501683012197058e-05,8
drugs that facilitate neuromuscular transmission,Drug,9.501683012197058e-05,15
dual therapy,Drug,9.501683012197058e-05,13
duplication of exons 2-20 in the DMD gene,Variant,9.501683012197058e-05,51
duration of illness,Phenotype,9.501683012197058e-05,19
dynein-activating adaptor transport machinery,Protein,9.501683012197058e-05,9
dysregulated microRNAs,Gene,9.501683012197058e-05,9
dystrophin,Protein,9.501683012197058e-05,51
early SMN-replacement therapy,Drug,9.501683012197058e-05,6
early diagnosis and treatment,Phenotype,9.501683012197058e-05,13
early intervention,Phenotype,9.501683012197058e-05,8
early powered mobility training,Drug,9.501683012197058e-05,150
early symptomatic treatment start,Phenotype,9.501683012197058e-05,0
early testing,Phenotype,9.501683012197058e-05,151
early treatment initiation,Drug,9.501683012197058e-05,14
eculizumab,Drug,9.501683012197058e-05,13
edaravone,Drug,9.501683012197058e-05,12
egli-1,Gene,9.501683012197058e-05,17
electric neurostimulation,Drug,9.501683012197058e-05,8
electrotherapy,Drug,9.501683012197058e-05,2
emotional distress,Phenotype,9.501683012197058e-05,9
emotional lability,Phenotype,9.501683012197058e-05,9
end plate fragmentation,Phenotype,9.501683012197058e-05,5
endocrine defects,Phenotype,9.501683012197058e-05,9
engineered U1 snRNAs,Drug,9.501683012197058e-05,1
enteral nutrition,Drug,9.501683012197058e-05,9
epidural spinal cord stimulation,Drug,9.501683012197058e-05,15
epinephrine,Drug,9.501683012197058e-05,114
ergometer training,Drug,9.501683012197058e-05,8
ergothioneine,Drug,9.501683012197058e-05,12
etiopathogenic pharmacological treatments,Drug,9.501683012197058e-05,153
everolimus,Drug,9.501683012197058e-05,13
exercise,Drug,9.501683012197058e-05,15
exercise training,Phenotype,9.501683012197058e-05,15
exercise-induced fatigue,Phenotype,9.501683012197058e-05,9
exon-skipping drugs,Drug,9.501683012197058e-05,7
exosomal profiling,Phenotype,9.501683012197058e-05,9
exosome subunit genes,Gene,9.501683012197058e-05,0
exosome-based therapies,Drug,9.501683012197058e-05,9
extracellular RNAs,Gene,9.501683012197058e-05,128
extracellular matrix,Phenotype,9.501683012197058e-05,5
eye-tracking technology,Phenotype,9.501683012197058e-05,9
facial nerve,Phenotype,9.501683012197058e-05,9
fat-free mass index,Phenotype,9.501683012197058e-05,8
fatigue severity,Phenotype,9.501683012197058e-05,19
fatty acid dysregulation,Phenotype,9.501683012197058e-05,9
fatty degeneration of the lateral pterygoid muscles,Phenotype,9.501683012197058e-05,16
feeding involvement at baseline,Phenotype,9.501683012197058e-05,16
feeding restrictions,Phenotype,9.501683012197058e-05,13
feelings of depression,Phenotype,9.501683012197058e-05,3
female sex,Phenotype,9.501683012197058e-05,8
fentanyl,Drug,9.501683012197058e-05,13
fibrillations,Phenotype,9.501683012197058e-05,25
fibrinogen,Protein,9.501683012197058e-05,23
firing rate,Phenotype,9.501683012197058e-05,9
firing rate enhancement,Phenotype,9.501683012197058e-05,15
first tailored treatment for SMA,Drug,9.501683012197058e-05,9
flunarizine,Drug,9.501683012197058e-05,23
fluoroscopic guidance,Phenotype,9.501683012197058e-05,157
focal spinal muscular atrophy,Disease,9.501683012197058e-05,0
forced vital capacity z-score,Phenotype,9.501683012197058e-05,15
forskolin,Drug,9.501683012197058e-05,1
functional SMN complexes,Protein,9.501683012197058e-05,16
functional electrical stimulation,Drug,9.501683012197058e-05,8
g.70919941_70927324del,Variant,9.501683012197058e-05,9
gabapentin,Drug,9.501683012197058e-05,8
gastrointestinal defects,Phenotype,9.501683012197058e-05,9
gastrointestinal tract disruption,Phenotype,9.501683012197058e-05,9
geldanamycin,Drug,9.501683012197058e-05,158
gene augmentation,Drug,9.501683012197058e-05,9
gene modification therapy,Drug,9.501683012197058e-05,9
gene replacement,Drug,9.501683012197058e-05,9
gene replacement therapy,Drug,9.501683012197058e-05,13
gene therapy for SMA,Drug,9.501683012197058e-05,10
gene therapy for spinal muscular atrophy,Drug,9.501683012197058e-05,9
gene-targeting cassette,Drug,9.501683012197058e-05,1
gene-targeting therapies,Drug,9.501683012197058e-05,9
genetic counselling,Drug,9.501683012197058e-05,9
genetic mutation analysis,Drug,9.501683012197058e-05,9
genetic testing,Phenotype,9.501683012197058e-05,9
genome engineering,Drug,9.501683012197058e-05,9
glial cell-line-derived neurotrophic factor,Protein,9.501683012197058e-05,160
glial cells,Protein,9.501683012197058e-05,10
glial fibrillary acidic protein,Protein,9.501683012197058e-05,18
glial markers,Protein,9.501683012197058e-05,8
global PSQI score,Phenotype,9.501683012197058e-05,161
glucose,Drug,9.501683012197058e-05,3
glucose dysregulation,Phenotype,9.501683012197058e-05,9
glucose solution,Drug,9.501683012197058e-05,9
glutamate excitotoxicity,Phenotype,9.501683012197058e-05,8
glutathione homeostasis defects,Phenotype,9.501683012197058e-05,156
glycerophospholipids,Phenotype,9.501683012197058e-05,9
gold nanoparticles,Drug,9.501683012197058e-05,9
granule assembly,Phenotype,9.501683012197058e-05,9
green kiwifruit extract,Drug,9.501683012197058e-05,0
growth-friendly instrumentation,Drug,9.501683012197058e-05,8
growth-friendly spinal implants,Drug,9.501683012197058e-05,19
hAFSC,Drug,9.501683012197058e-05,5
hMSCs conditioned media,Drug,9.501683012197058e-05,24
hSMN,Gene,9.501683012197058e-05,9
hSMN1,Gene,9.501683012197058e-05,7
hSMN1 transgene,Gene,9.501683012197058e-05,7
hSMN2,Gene,9.501683012197058e-05,7
hSMN2 copy number,Variant,9.501683012197058e-05,8
harmine,Drug,9.501683012197058e-05,6
head rotation control,Phenotype,9.501683012197058e-05,16
heat treatment,Drug,9.501683012197058e-05,1
heterocyclic compounds,Drug,9.501683012197058e-05,1
heteromeric SMN complex,Protein,9.501683012197058e-05,23
high urine specific gravity,Phenotype,9.501683012197058e-05,13
high-concentration ASO,Drug,9.501683012197058e-05,1
high-dose systemic AAV gene therapy,Drug,9.501683012197058e-05,162
high-intensity swimming,Drug,9.501683012197058e-05,12
high-resolution ultrasound,Drug,9.501683012197058e-05,163
high-sensitive cardiac troponin I,Protein,9.501683012197058e-05,13
higher ROS production,Phenotype,9.501683012197058e-05,164
higher SMN levels,Phenotype,9.501683012197058e-05,16
higher dose of nusinersen,Drug,9.501683012197058e-05,165
"higher fat, 'breeder' diet",Drug,9.501683012197058e-05,6
hip extension joint hypermobility,Phenotype,9.501683012197058e-05,19
histone deacetylase inhibitors,Drug,9.501683012197058e-05,1
hnRNP C,Protein,9.501683012197058e-05,1
home mechanical ventilation,Drug,9.501683012197058e-05,15
homozygous absence of exons 7 of the Survival Motor Neuron I gene,Variant,9.501683012197058e-05,2
homozygous loss of SMN1,Variant,9.501683012197058e-05,9
hormonal dysregulation,Phenotype,9.501683012197058e-05,9
hsa-miR-663a,Gene,9.501683012197058e-05,18
human SMN,Protein,9.501683012197058e-05,16
human induced pluripotent stem cells,Phenotype,9.501683012197058e-05,9
hybrid SMN gene,Gene,9.501683012197058e-05,1
hydroxyurea,Drug,9.501683012197058e-05,8
hypercalciuria,Phenotype,9.501683012197058e-05,13
hypercholesterolemia,Disease,9.501683012197058e-05,9
hyperleptinemia,Phenotype,9.501683012197058e-05,8
hyperuricosuria,Phenotype,9.501683012197058e-05,13
hypocapnia,Phenotype,9.501683012197058e-05,167
hypomorphic TBCE mutations,Variant,9.501683012197058e-05,17
idebenone,Drug,9.501683012197058e-05,7
imbalance of microtubule motility,Phenotype,9.501683012197058e-05,9
immunosuppressive strategies,Drug,9.501683012197058e-05,8
impaired ER-ribosome interplay,Phenotype,9.501683012197058e-05,9
impaired SMN function in snRNP assembly,Phenotype,9.501683012197058e-05,136
impaired axonal transport,Phenotype,9.501683012197058e-05,9
impaired axonal transport of mitochondria,Phenotype,9.501683012197058e-05,9
impaired local translation of mRNAs,Phenotype,9.501683012197058e-05,9
impaired ribcage muscles function,Phenotype,9.501683012197058e-05,117
in situ gene editing,Drug,9.501683012197058e-05,10
in utero SMA treatment,Drug,9.501683012197058e-05,170
in utero gene therapy,Drug,9.501683012197058e-05,9
inability to breathe independently,Phenotype,9.501683012197058e-05,13
increased macrophage infiltration,Phenotype,9.501683012197058e-05,9
increased thickness of the nuchal fold,Phenotype,9.501683012197058e-05,9
increased vulnerability,Phenotype,9.501683012197058e-05,10
indeterminate variant in SMN1 or SMN2,Variant,9.501683012197058e-05,9
inflammation markers,Protein,9.501683012197058e-05,8
inflammatory markers,Phenotype,9.501683012197058e-05,9
inhibition,Phenotype,9.501683012197058e-05,10
inhibition reduction,Phenotype,9.501683012197058e-05,10
inhibitory synaptic drive,Phenotype,9.501683012197058e-05,122
innovative therapy,Drug,9.501683012197058e-05,9
inspiratory muscle training,Drug,9.501683012197058e-05,8
insulin,Drug,9.501683012197058e-05,3
intermediate filament proteins,Protein,9.501683012197058e-05,5
interneurons,Phenotype,9.501683012197058e-05,25
intervention,Drug,9.501683012197058e-05,8
intervention delay,Phenotype,9.501683012197058e-05,152
intragenic SMN1 mutation,Variant,9.501683012197058e-05,19
intragenic point mutations in SMN1,Variant,9.501683012197058e-05,0
intramuscular fat accumulation,Phenotype,9.501683012197058e-05,9
intrathecal treatment with nusinersen,Drug,9.501683012197058e-05,171
intravenous bisphosphonates,Drug,9.501683012197058e-05,19
intravenous immunoglobulin,Drug,9.501683012197058e-05,159
intrinsically disordered proteins,Protein,9.501683012197058e-05,9
ion-channel blockers,Drug,9.501683012197058e-05,8
ischial weight bearing knee ankle foot orthoses,Drug,9.501683012197058e-05,15
joint hypermobility,Phenotype,9.501683012197058e-05,9
ketamine,Drug,9.501683012197058e-05,13
ketogenic diet,Drug,9.501683012197058e-05,54
ketone bodies,Drug,9.501683012197058e-05,9
kinase-dead human VRK1,Protein,9.501683012197058e-05,0
kinesiotherapy,Drug,9.501683012197058e-05,8
knee contracture,Phenotype,9.501683012197058e-05,17
knee flexion joint hypermobility,Phenotype,9.501683012197058e-05,19
l-dopa,Drug,9.501683012197058e-05,9
lactacystin,Drug,9.501683012197058e-05,12
lamin A,Protein,9.501683012197058e-05,145
lamin A/C gene,Gene,9.501683012197058e-05,0
laminectomy,Phenotype,9.501683012197058e-05,13
large deletions extending into SMN1 and neighboring genes,Variant,9.501683012197058e-05,9
laryngeal aspiration,Phenotype,9.501683012197058e-05,16
laryngotracheal separation,Drug,9.501683012197058e-05,15
later-onset SMA,Disease,9.501683012197058e-05,16
leg movement quantity,Phenotype,9.501683012197058e-05,9
leptin,Protein,9.501683012197058e-05,8
level of education,Phenotype,9.501683012197058e-05,3
levetiracetam,Drug,9.501683012197058e-05,24
lin-45,Gene,9.501683012197058e-05,8
linear discriminant analysis,Phenotype,9.501683012197058e-05,8
liraglutide,Drug,9.501683012197058e-05,9
local anesthesia,Drug,9.501683012197058e-05,104
locked nucleic acids/DNA mixmers,Drug,9.501683012197058e-05,9
longer time of treatment,Phenotype,9.501683012197058e-05,125
low fat diets,Drug,9.501683012197058e-05,7
low motor function scores at baseline,Phenotype,9.501683012197058e-05,19
low prevalence of anti-AAV9 antibodies,Phenotype,9.501683012197058e-05,155
low-intensity running,Drug,9.501683012197058e-05,12
lower ATP concentration,Phenotype,9.501683012197058e-05,168
lower body mass,Phenotype,9.501683012197058e-05,16
lung clearance index,Phenotype,9.501683012197058e-05,15
m2R,Protein,9.501683012197058e-05,69
mASPCR-CE assay,Drug,9.501683012197058e-05,9
mRNA splicing modulators,Drug,9.501683012197058e-05,9
mRNP transport,Phenotype,9.501683012197058e-05,9
mTOR gene,Gene,9.501683012197058e-05,17
mTOR signalling,Phenotype,9.501683012197058e-05,9
mTORC1,Protein,9.501683012197058e-05,9
magnetic growing rods,Drug,9.501683012197058e-05,19
magnetic resonance imaging,Phenotype,9.501683012197058e-05,8
magnetically controlled growing rods,Drug,9.501683012197058e-05,8
maintenance therapy,Drug,9.501683012197058e-05,16
male gender,Phenotype,9.501683012197058e-05,16
male patients with SMA type 2,Disease,9.501683012197058e-05,4
marker-based linkage analysis,Phenotype,9.501683012197058e-05,98
maximal active joint angle,Phenotype,9.501683012197058e-05,77
maximal muscle torque,Phenotype,9.501683012197058e-05,77
maximal sEMG amplitude,Phenotype,9.501683012197058e-05,77
maximal voluntary isometric contraction testing,Phenotype,9.501683012197058e-05,8
maximum phonation time,Phenotype,9.501683012197058e-05,8
maximum tongue pressure,Phenotype,9.501683012197058e-05,16
mdx mouse,Variant,9.501683012197058e-05,51
mean pulse oxygen saturation (MSpO2),Phenotype,9.501683012197058e-05,8
mechanical insufflation-exsufflation,Drug,9.501683012197058e-05,15
mechanical insufflator-exsufflator,Drug,9.501683012197058e-05,15
mechanotherapy,Drug,9.501683012197058e-05,8
median CMAP amplitude over 0.5 mV,Phenotype,9.501683012197058e-05,124
medical rehabilitation,Drug,9.501683012197058e-05,15
medicines for spinal muscular atrophy,Drug,9.501683012197058e-05,173
mesenchymal stem cells,Drug,9.501683012197058e-05,13
metformin,Drug,9.501683012197058e-05,16
methylation profile at the spinal muscular atrophy locus,Variant,9.501683012197058e-05,9
methylprednisolone,Drug,9.501683012197058e-05,114
miR-107,Gene,9.501683012197058e-05,12
miR-128-3p inhibitor,Drug,9.501683012197058e-05,17
miR-132,Gene,9.501683012197058e-05,9
miR-142-5p,Gene,9.501683012197058e-05,12
miR-208a,Gene,9.501683012197058e-05,9
miR-218,Gene,9.501683012197058e-05,9
miR-223,Gene,9.501683012197058e-05,9
miR-23a,Gene,9.501683012197058e-05,12
miR-375,Gene,9.501683012197058e-05,23
miR-378a,Gene,9.501683012197058e-05,12
miR-423-3p,Gene,9.501683012197058e-05,12
miR-660-5p,Gene,9.501683012197058e-05,12
miR-9,Gene,9.501683012197058e-05,9
miRNA,Gene,9.501683012197058e-05,9
miRNAs,Gene,9.501683012197058e-05,5
microRNA dysregulation,Phenotype,9.501683012197058e-05,9
microRNAs,Gene,9.501683012197058e-05,128
microglia depletion,Drug,9.501683012197058e-05,42
microtubule perturbations,Phenotype,9.501683012197058e-05,9
microtubule-associated protein 1B,Protein,9.501683012197058e-05,174
microvasculopathy,Phenotype,9.501683012197058e-05,9
midazolam,Drug,9.501683012197058e-05,13
mifepristone,Drug,9.501683012197058e-05,6
mild SMN missense alleles,Variant,9.501683012197058e-05,175
"mild SMN missense mutations SMND44V, SMNT74I or SMNQ282A",Variant,9.501683012197058e-05,176
minimal SMN construct,Protein,9.501683012197058e-05,6
minor introns,Variant,9.501683012197058e-05,142
minor snRNA genes,Gene,9.501683012197058e-05,6
missplicing of Ca(2+) channel genes,Phenotype,9.501683012197058e-05,144
mitochondrial ATP synthetic dysfunction,Phenotype,9.501683012197058e-05,9
mitochondrial Ca2+ signaling alterations,Phenotype,9.501683012197058e-05,9
mitochondrial complex I dysfunction,Phenotype,9.501683012197058e-05,148
mitochondrial depletion,Phenotype,9.501683012197058e-05,9
mitochondrial dynamics,Phenotype,9.501683012197058e-05,9
mitochondrial oxidative capacity,Phenotype,9.501683012197058e-05,9
mitochondrial transcription factor A,Protein,9.501683012197058e-05,10
modern therapy,Drug,9.501683012197058e-05,8
modified U7 RNA,Drug,9.501683012197058e-05,6
modifier allele on chromosome 13,Variant,9.501683012197058e-05,5
modulation of SMN2 encoded transcripts,Drug,9.501683012197058e-05,9
morphine,Drug,9.501683012197058e-05,3
morpholino antisense oligonucleotides,Drug,9.501683012197058e-05,52
most severe phenotype,Phenotype,9.501683012197058e-05,9
motor assessments,Phenotype,9.501683012197058e-05,9
motor circuits,Phenotype,9.501683012197058e-05,25
motor difficulties,Phenotype,9.501683012197058e-05,166
motor evoked potential,Phenotype,9.501683012197058e-05,9
motor unit-specific disease modifiers,Phenotype,9.501683012197058e-05,16
mouthpiece ventilation,Drug,9.501683012197058e-05,15
moxifloxacin,Drug,9.501683012197058e-05,7
mtDNA deletions,Variant,9.501683012197058e-05,25
muSRK-015P,Drug,9.501683012197058e-05,8
multidisciplinary care,Phenotype,9.501683012197058e-05,6
multidisciplinary management,Drug,9.501683012197058e-05,8
multiplex TaqMan qPCR assay,Drug,9.501683012197058e-05,9
multiplex ligation-dependent probe amplification assay,Drug,9.501683012197058e-05,9
muscle MRI score,Phenotype,9.501683012197058e-05,8
muscle echogenicity,Phenotype,9.501683012197058e-05,9
muscle echogram,Phenotype,9.501683012197058e-05,16
muscle pain,Phenotype,9.501683012197058e-05,0
muscle quality,Phenotype,9.501683012197058e-05,6
muscle strength sum scores,Phenotype,9.501683012197058e-05,9
muscle strength-promoting factors,Drug,9.501683012197058e-05,9
muscle ultrasound,Phenotype,9.501683012197058e-05,9
mutant androgen receptor,Protein,9.501683012197058e-05,12
mutants,Variant,9.501683012197058e-05,8
mutation-adapted U1 snRNA,Drug,9.501683012197058e-05,9
mutations in chromosome 5q,Variant,9.501683012197058e-05,0
mycophenolate mofetil,Drug,9.501683012197058e-05,13
myoglobin,Protein,9.501683012197058e-05,9
myomiRs,Gene,9.501683012197058e-05,8
myosin complexes,Phenotype,9.501683012197058e-05,9
myostatin inhibition,Phenotype,9.501683012197058e-05,8
myostatin propeptide,Drug,9.501683012197058e-05,9
nanotube-enabled interfaces,Drug,9.501683012197058e-05,15
neurodevelopmental defects,Phenotype,9.501683012197058e-05,10
neurology-related proteins,Protein,9.501683012197058e-05,9
neuromuscular electrical stimulation,Drug,9.501683012197058e-05,8
neuromuscular junction enhancement,Drug,9.501683012197058e-05,9
neuromuscular modulators,Drug,9.501683012197058e-05,8
neuromuscular protocol,Phenotype,9.501683012197058e-05,13
neuronal markers,Protein,9.501683012197058e-05,8
neutralizing antibodies,Protein,9.501683012197058e-05,13
new therapies for spinal muscular atrophy,Drug,9.501683012197058e-05,15
new treatments,Drug,9.501683012197058e-05,16
newborn screening for 5q-linked SMA,Phenotype,9.501683012197058e-05,123
newborn screening programs,Phenotype,9.501683012197058e-05,6
newly developed drugs,Drug,9.501683012197058e-05,8
next-generation sequencing,Drug,9.501683012197058e-05,9
nifedipine,Drug,9.501683012197058e-05,23
non-SMN pathways,Phenotype,9.501683012197058e-05,1
non-SMN-related spinal muscular atrophies,Disease,9.501683012197058e-05,0
non-ambulatory status,Phenotype,9.501683012197058e-05,5
non-cell-autonomous death of motor neurons,Phenotype,9.501683012197058e-05,9
non-invasive testing of maternal plasma,Drug,9.501683012197058e-05,1
non-viral systems,Drug,9.501683012197058e-05,13
nonambulatory status,Phenotype,9.501683012197058e-05,16
nondepolarizing NMBAs,Drug,9.501683012197058e-05,9
noninvasive ventilatory support,Drug,9.501683012197058e-05,6
nonperinatal lethal motor phenotype,Phenotype,9.501683012197058e-05,9
novel compound,Drug,9.501683012197058e-05,13
nuclear respiratory factor 1,Protein,9.501683012197058e-05,10
nucleic acid medicine,Drug,9.501683012197058e-05,9
nursinersen,Drug,9.501683012197058e-05,9
nusinersen and onasemnogene,Drug,9.501683012197058e-05,9
nusinersen sodium,Drug,9.501683012197058e-05,8
nusinersen-like antisense oligonucleotide,Drug,9.501683012197058e-05,8
nusinersen/Spinraza,Drug,9.501683012197058e-05,9
nusinophages,Phenotype,9.501683012197058e-05,13
olesoxime,Drug,9.501683012197058e-05,18
oligonucleotides,Drug,9.501683012197058e-05,7
onabotulinum toxin A,Drug,9.501683012197058e-05,9
onasemnogene abeparvosec,Drug,9.501683012197058e-05,13
onasemnogene abeparvovec (AVXS-101),Drug,9.501683012197058e-05,6
onasemnogene abeparvovec-brve,Drug,9.501683012197058e-05,9
operative treatment,Drug,9.501683012197058e-05,2
optimized representative compounds,Drug,9.501683012197058e-05,7
oral function,Phenotype,9.501683012197058e-05,8
oral function measures,Phenotype,9.501683012197058e-05,8
oral function tests,Phenotype,9.501683012197058e-05,8
orally available small molecules,Drug,9.501683012197058e-05,9
overabundance of enteric neurons,Phenotype,9.501683012197058e-05,9
oxandrolone,Drug,9.501683012197058e-05,16
oxidative phosphorylation,Phenotype,9.501683012197058e-05,177
oxygen desaturation index,Phenotype,9.501683012197058e-05,16
p-tau 181,Protein,9.501683012197058e-05,8
p.Ala2Gly SMN,Protein,9.501683012197058e-05,1
p.L1664P,Variant,9.501683012197058e-05,9
p.Phe580Tyr,Variant,9.501683012197058e-05,8
p.S87L-ASO-targeting,Drug,9.501683012197058e-05,18
p35,Protein,9.501683012197058e-05,16
p38 MAPK,Protein,9.501683012197058e-05,6
p38 kinase,Protein,9.501683012197058e-05,24
p53 amino-terminal phosphorylation,Variant,9.501683012197058e-05,10
p53 serine 18 phosphorylation,Variant,9.501683012197058e-05,17
pAAV-CB6-PI-SMN,Drug,9.501683012197058e-05,7
pERK1/2,Protein,9.501683012197058e-05,0
pERM,Protein,9.501683012197058e-05,9
pSMN mRNA,Gene,9.501683012197058e-05,7
pTau-262,Protein,9.501683012197058e-05,9
paclitaxel,Drug,9.501683012197058e-05,5
palivizumab,Drug,9.501683012197058e-05,16
palliative care,Phenotype,9.501683012197058e-05,15
pamidronate,Drug,9.501683012197058e-05,9
paracetamol,Drug,9.501683012197058e-05,9
parallel fibre synapses,Phenotype,9.501683012197058e-05,130
paraquat,Drug,9.501683012197058e-05,7
passive electrocardiography,Phenotype,9.501683012197058e-05,9
pathogenic mutation,Variant,9.501683012197058e-05,9
patients who clinically improved after treatment,Phenotype,9.501683012197058e-05,140
peripheral organ defects,Phenotype,9.501683012197058e-05,9
peripheral-tissue involvement,Phenotype,9.501683012197058e-05,9
peroxisome proliferator-activated receptor coactivator 1alpha,Protein,9.501683012197058e-05,10
pharmaceutical therapy,Drug,9.501683012197058e-05,19
pharmacological treatment,Drug,9.501683012197058e-05,8
pharmacotherapeutic treatment,Drug,9.501683012197058e-05,9
phenylbutyrate,Drug,9.501683012197058e-05,1
"phosphatidylinositol-4,5-bisphosphate (PI(4,5)P2)",Drug,9.501683012197058e-05,0
phosphorodiamidate morpholino oligomers,Drug,9.501683012197058e-05,23
physical activity,Phenotype,9.501683012197058e-05,7
physical therapy,Drug,9.501683012197058e-05,8
physical training,Drug,9.501683012197058e-05,8
physiotherapy,Drug,9.501683012197058e-05,9
pioglitazone,Drug,9.501683012197058e-05,76
placental development,Phenotype,9.501683012197058e-05,12
plasma protein analytes,Protein,9.501683012197058e-05,8
pneumococcal vaccine,Drug,9.501683012197058e-05,18
polyphenols,Drug,9.501683012197058e-05,9
polytherapy,Drug,9.501683012197058e-05,0
posterior growing rods,Drug,9.501683012197058e-05,19
potassium channel,Gene,9.501683012197058e-05,9
pre-motor interneuron defects,Phenotype,9.501683012197058e-05,10
pre-symptomatic treatment,Drug,9.501683012197058e-05,15
prednisolone,Drug,9.501683012197058e-05,13
prednisone,Drug,9.501683012197058e-05,13
preimplantation genetic testing for monogenic disease,Drug,9.501683012197058e-05,9
preoperative Ho's method VR >35 degrees,Phenotype,9.501683012197058e-05,137
preoperative Ho's method vertebral rotation,Phenotype,9.501683012197058e-05,187
presymptomatic DMT,Drug,9.501683012197058e-05,13
presymptomatic diagnosis,Phenotype,9.501683012197058e-05,9
presymptomatic patients,Phenotype,9.501683012197058e-05,13
presymptomatic treatment,Drug,9.501683012197058e-05,8
presymptomatic treatment start,Phenotype,9.501683012197058e-05,0
prime editing,Drug,9.501683012197058e-05,1
proactive orthotic management,Drug,9.501683012197058e-05,183
profilin-1,Protein,9.501683012197058e-05,17
propofol,Drug,9.501683012197058e-05,13
proprioceptive synaptic drive,Phenotype,9.501683012197058e-05,17
protein clearance,Phenotype,9.501683012197058e-05,9
proton spin density,Phenotype,9.501683012197058e-05,9
psychological intervention,Phenotype,9.501683012197058e-05,15
pulsatile heat treatments,Drug,9.501683012197058e-05,7
purinergic signalling,Phenotype,9.501683012197058e-05,8
puromycin,Drug,9.501683012197058e-05,1
pyridopyrimidinone series,Drug,9.501683012197058e-05,7
pyridostigmine,Drug,9.501683012197058e-05,6
pyruvate,Phenotype,9.501683012197058e-05,19
quantitative muscle imaging,Phenotype,9.501683012197058e-05,9
quercetin,Drug,9.501683012197058e-05,7
rAAV gene therapy,Drug,9.501683012197058e-05,9
rAAV9 variants,Drug,9.501683012197058e-05,188
rbm7,Gene,9.501683012197058e-05,16
reactance,Phenotype,9.501683012197058e-05,8
real-time PCR assay,Drug,9.501683012197058e-05,9
real-time polymerase chain reaction kit,Drug,9.501683012197058e-05,9
recombinant adeno-associated viral (AAV) vectors,Drug,9.501683012197058e-05,9
recombinant adeno-associated virus,Drug,9.501683012197058e-05,9
recombinant adeno-associated virus vector-mediated gene transfer,Drug,9.501683012197058e-05,15
recombinant enzyme,Drug,9.501683012197058e-05,0
recombinant human ACDase,Drug,9.501683012197058e-05,0
rectus femoris,Phenotype,9.501683012197058e-05,1
redox imbalance,Phenotype,9.501683012197058e-05,9
reduced REM sleep,Phenotype,9.501683012197058e-05,9
reduced cellular survival,Phenotype,9.501683012197058e-05,9
reduced excitatory afferent synapses,Phenotype,9.501683012197058e-05,9
reduced levels of DNA repair gene expression,Phenotype,9.501683012197058e-05,89
reduced levels of FL-SMN,Phenotype,9.501683012197058e-05,9
reducing IGF-1R expression,Phenotype,9.501683012197058e-05,5
reducing ROS,Phenotype,9.501683012197058e-05,6
reduction of vascular density,Phenotype,9.501683012197058e-05,9
regression of local capillaries,Phenotype,9.501683012197058e-05,10
regulation of eIF2 and eIF4 signalling,Phenotype,9.501683012197058e-05,9
rehabilitation therapy,Drug,9.501683012197058e-05,8
reinnervation,Phenotype,9.501683012197058e-05,10
reldesemtiv,Drug,9.501683012197058e-05,8
remifentanil,Drug,9.501683012197058e-05,13
reproductive assistance with genetic testing,Drug,9.501683012197058e-05,115
respiratory care,Drug,9.501683012197058e-05,9
respiratory muscle training,Drug,9.501683012197058e-05,8
respiratory system dysfunction,Phenotype,9.501683012197058e-05,15
resveratrol,Drug,9.501683012197058e-05,7
reversed split hand,Phenotype,9.501683012197058e-05,9
rhAC,Drug,9.501683012197058e-05,129
ribcage geometry,Phenotype,9.501683012197058e-05,16
riboflavin,Drug,9.501683012197058e-05,8
ribosomal protein S6 kinase beta-1,Protein,9.501683012197058e-05,17
ridisplam,Drug,9.501683012197058e-05,13
right postcentral gyrus superficial area,Phenotype,9.501683012197058e-05,19
rigosertib,Drug,9.501683012197058e-05,5
riluzole,Drug,9.501683012197058e-05,6
rituximab,Drug,9.501683012197058e-05,13
robot,Drug,9.501683012197058e-05,9
robot-assisted training,Drug,9.501683012197058e-05,126
rolipram,Drug,9.501683012197058e-05,114
sActRIIB,Drug,9.501683012197058e-05,8
salanersen,Drug,9.501683012197058e-05,13
salbutamol,Drug,9.501683012197058e-05,8
scAAV9,Drug,9.501683012197058e-05,7
scAAV9 vector,Drug,9.501683012197058e-05,7
scAAV9-STMN1,Drug,9.501683012197058e-05,8
scAAV9-coSMN1,Drug,9.501683012197058e-05,6
scAAV9-miR-23a,Drug,9.501683012197058e-05,6
scAAV9-siPTEN,Drug,9.501683012197058e-05,6
second-generation AAV9 gene therapy,Drug,9.501683012197058e-05,13
secretion machinery defects,Phenotype,9.501683012197058e-05,9
selective resistance mechanisms,Phenotype,9.501683012197058e-05,5
sensory nerve electrical stimulation,Drug,9.501683012197058e-05,25
sensory synaptic dysfunction,Phenotype,9.501683012197058e-05,9
serial casting,Drug,9.501683012197058e-05,2
serotonin,Drug,9.501683012197058e-05,25
serum copper concentration,Phenotype,9.501683012197058e-05,154
serum zinc level,Phenotype,9.501683012197058e-05,28
sex,Phenotype,9.501683012197058e-05,9
sigma1R LIR mutations,Variant,9.501683012197058e-05,60
silent mutation in exon 7,Variant,9.501683012197058e-05,1
small molecule modulators,Drug,9.501683012197058e-05,1
small molecule non-antisense oligonucleotide splice modulators,Drug,9.501683012197058e-05,9
small molecule splicing modifiers,Drug,9.501683012197058e-05,1
"small molecules (coumarins, iso-coumarins and pyrido-pyrimidinones)",Drug,9.501683012197058e-05,7
small-molecule enhancer of SMN2 splicing,Drug,9.501683012197058e-05,1
small-molecule inhibitors of necroptosis,Drug,9.501683012197058e-05,9
smartphone sensor,Phenotype,9.501683012197058e-05,185
smn1 knockdown in motor neurons,Phenotype,9.501683012197058e-05,10
smn1-LOF,Variant,9.501683012197058e-05,189
snRNP,Protein,9.501683012197058e-05,10
soNMJ model,Phenotype,9.501683012197058e-05,9
social function,Phenotype,9.501683012197058e-05,9
sodium citrate,Drug,9.501683012197058e-05,9
somatic gene therapies,Drug,9.501683012197058e-05,9
somatosensory evoked potential,Phenotype,9.501683012197058e-05,9
somatotropin,Drug,9.501683012197058e-05,8
specific therapies,Drug,9.501683012197058e-05,18
sphingomyelin,Phenotype,9.501683012197058e-05,9
spinal correctional surgery,Phenotype,9.501683012197058e-05,16
spinal fusion surgery,Drug,9.501683012197058e-05,8
spinal muscular atrophy-causing UBA1 mutations,Variant,9.501683012197058e-05,55
spinal support,Drug,9.501683012197058e-05,172
splice-switching ASO,Drug,9.501683012197058e-05,7
splice-switching therapy,Drug,9.501683012197058e-05,1
splicing correctors,Drug,9.501683012197058e-05,9
splicing mis-regulation,Phenotype,9.501683012197058e-05,9
splicing modulation,Drug,9.501683012197058e-05,17
splicing modulation of SMN2 exon 7,Drug,9.501683012197058e-05,9
splinting,Drug,9.501683012197058e-05,172
sport activity,Phenotype,9.501683012197058e-05,15
srp54,Gene,9.501683012197058e-05,182
ssAAV9-IGHMBP2,Drug,9.501683012197058e-05,5
stem cell therapy,Drug,9.501683012197058e-05,5
stress granules,Phenotype,9.501683012197058e-05,9
structural changes,Phenotype,9.501683012197058e-05,16
subcutaneous thickness,Phenotype,9.501683012197058e-05,9
succinate,Phenotype,9.501683012197058e-05,19
sugammadex,Drug,9.501683012197058e-05,9
suppressor alleles,Variant,9.501683012197058e-05,10
surgical correction for scoliosis,Phenotype,9.501683012197058e-05,16
surgical treatment for scoliosis,Drug,9.501683012197058e-05,13
survival motor neuron (SMN)-restoring treatments,Drug,9.501683012197058e-05,9
survival motor neuron 2 copy number,Variant,9.501683012197058e-05,9
survival motor neuron expression,Phenotype,9.501683012197058e-05,19
survival motor neuron gene therapy,Drug,9.501683012197058e-05,9
survival motor neuron-replacement therapies,Drug,9.501683012197058e-05,6
switching treatments,Phenotype,9.501683012197058e-05,8
sympathetic lateral horn neurons,Phenotype,9.501683012197058e-05,9
symptomatic treatment,Drug,9.501683012197058e-05,184
synaptotagmin-1,Protein,9.501683012197058e-05,24
systemic gene therapy,Drug,9.501683012197058e-05,9
tacrolimus,Drug,9.501683012197058e-05,13
targeted treatments,Drug,9.501683012197058e-05,15
targeted-deletion of ISS-N1 via PE,Drug,9.501683012197058e-05,9
tariquidar,Drug,9.501683012197058e-05,7
"tauS202A,T205A",Variant,9.501683012197058e-05,16
tearfulness,Phenotype,9.501683012197058e-05,9
telomere shortening,Phenotype,9.501683012197058e-05,10
the series,Drug,9.501683012197058e-05,7
therapeutic agents targeting muscle growth,Drug,9.501683012197058e-05,8
therapeutic agents targeting neuromuscular transmission,Drug,9.501683012197058e-05,52
therapeutic exercise rehabilitation program,Drug,9.501683012197058e-05,8
therapeutic hypothermia,Drug,9.501683012197058e-05,15
therapeutic intervention,Drug,9.501683012197058e-05,169
therapies,Drug,9.501683012197058e-05,13
thiazolidinedione,Drug,9.501683012197058e-05,16
third-generation sequencing,Drug,9.501683012197058e-05,9
thoraco-lumbar-sacral orthosis,Drug,9.501683012197058e-05,46
three drugs,Drug,9.501683012197058e-05,9
thrombospondin-4,Protein,9.501683012197058e-05,0
thyrotropin-releasing hormone,Drug,9.501683012197058e-05,8
time interval between suspicion and definite diagnosis of SMA,Phenotype,9.501683012197058e-05,8
tirasemtiv,Drug,9.501683012197058e-05,0
titin,Protein,9.501683012197058e-05,51
tocilizumab,Drug,9.501683012197058e-05,159
tofersen,Drug,9.501683012197058e-05,25
tongue,Phenotype,9.501683012197058e-05,16
total parenteral nutrition,Drug,9.501683012197058e-05,16
tranexamic acid,Drug,9.501683012197058e-05,15
transient hypothermia,Phenotype,9.501683012197058e-05,6
treating patients,Phenotype,9.501683012197058e-05,190
treatment options,Drug,9.501683012197058e-05,9
treatment timing,Phenotype,9.501683012197058e-05,179
treatments,Drug,9.501683012197058e-05,15
triage guidelines,Phenotype,9.501683012197058e-05,192
tricyclo-DNA AONs,Drug,9.501683012197058e-05,24
tricyclo-DNA antisense oligonucleotides,Drug,9.501683012197058e-05,9
trunk control training,Drug,9.501683012197058e-05,2
tubulin tyrosine ligase,Protein,9.501683012197058e-05,174
typical phenotype,Phenotype,9.501683012197058e-05,9
uaf-1,Gene,9.501683012197058e-05,1
uaf-1 mutation,Variant,9.501683012197058e-05,17
ulnar CMAP,Phenotype,9.501683012197058e-05,16
"ultra-high-cost, one-time therapies",Drug,9.501683012197058e-05,9
ultrasound imaging,Phenotype,9.501683012197058e-05,9
untreated SMA patients,Phenotype,9.501683012197058e-05,141
untreated patients with SMA,Disease,9.501683012197058e-05,16
upper limb CMAP amplitudes,Phenotype,9.501683012197058e-05,9
urantide,Drug,9.501683012197058e-05,24
urinary metabolic profiling,Phenotype,9.501683012197058e-05,9
urinary titin N fragment,Protein,9.501683012197058e-05,9
urolithin A,Drug,9.501683012197058e-05,12
vU1,Gene,9.501683012197058e-05,9
vU1/U1 ratio imbalance,Phenotype,9.501683012197058e-05,181
valproic acid,Drug,9.501683012197058e-05,3
valproic acid and acetyl-L-carnitine,Drug,9.501683012197058e-05,8
vascular dysfunction,Phenotype,9.501683012197058e-05,10
vascular markers,Protein,9.501683012197058e-05,8
ventral horn neurons,Phenotype,9.501683012197058e-05,9
ventral spinal root atrophy,Phenotype,9.501683012197058e-05,9
vertical expandable prosthetic titanium rib,Drug,9.501683012197058e-05,8
vibration,Drug,9.501683012197058e-05,25
viral vectors,Drug,9.501683012197058e-05,13
voltage-gated sodium channel,Protein,9.501683012197058e-05,9
vorinostat,Drug,9.501683012197058e-05,9
weight at infusion,Phenotype,9.501683012197058e-05,191
wild-type SMN1,Gene,9.501683012197058e-05,86
wild-type human VRK1,Protein,9.501683012197058e-05,0
wmd,Gene,9.501683012197058e-05,180
worse impairment of respiratory function,Phenotype,9.501683012197058e-05,16
worse respiratory muscle function,Phenotype,9.501683012197058e-05,186
younger age,Phenotype,9.501683012197058e-05,16
ziconotide,Drug,9.501683012197058e-05,119
zoledronic acid,Drug,9.501683012197058e-05,9
